{"type": "FeatureCollection", "features": [{"type": "Feature", "properties": {"name": "Aargau", "parent": "che", "version": 1, "source": "gsak", "licence": "ODbL"}, "geometry": {"type": "MultiPolygon", "coordinates": [[[[8.4123211, 47.1405341], [8.4053372, 47.1375239], [8.4044423, 47.1382466], [8.3946574, 47.1378754], [8.3901488, 47.1396293], [8.3860688, 47.1399729], [8.3762443, 47.1393383], [8.3746316, 47.1429751], [8.362147, 47.1460798], [8.3607916, 47.1525512], [8.3583599, 47.1533336], [8.3584164, 47.156623], [8.3550661, 47.1588608], [8.3512612, 47.1631327], [8.3476869, 47.1645669], [8.349109, 47.1660092], [8.3465875, 47.167721], [8.3473682, 47.1684297], [8.3460856, 47.1690355], [8.3465564, 47.1700088], [8.3443811, 47.171551], [8.3440206, 47.1729597], [8.3408194, 47.1737712], [8.3412965, 47.1751257], [8.3388971, 47.1779087], [8.3384982, 47.1812002], [8.3390316, 47.1817441], [8.337986, 47.1839922], [8.3397835, 47.1848836], [8.3395963, 47.1862195], [8.3383715, 47.1861337], [8.3382396, 47.1886845], [8.3338656, 47.1925788], [8.3305173, 47.1972276], [8.3301797, 47.2021389], [8.3280379, 47.2058013], [8.3287716, 47.2078687], [8.3273854, 47.2086181], [8.3273158, 47.2107394], [8.3264476, 47.2111035], [8.3253888, 47.2147336], [8.3194593, 47.2156846], [8.3188852, 47.2169281], [8.320135, 47.2184912], [8.3206848, 47.2221328], [8.3170394, 47.225071], [8.3173468, 47.2267612], [8.3156581, 47.2294361], [8.3153659, 47.2329427], [8.3141826, 47.2354309], [8.3148506, 47.2399076], [8.3116899, 47.2455575], [8.3049093, 47.2524028], [8.3032532, 47.2516762], [8.3012338, 47.2522873], [8.2961674, 47.2592384], [8.2958227, 47.261744], [8.2945682, 47.2642564], [8.2944846, 47.265592], [8.300214, 47.2714851], [8.2957849, 47.2724717], [8.2866215, 47.2795004], [8.2794688, 47.2809831], [8.2786472, 47.2821572], [8.2736891, 47.280739], [8.2716601, 47.2808252], [8.2706874, 47.2835498], [8.2615692, 47.2824949], [8.2595372, 47.2869433], [8.2587715, 47.2872348], [8.2507713, 47.2860519], [8.2509322, 47.285121], [8.2489282, 47.284563], [8.2497393, 47.2826502], [8.2489675, 47.2825365], [8.2486679, 47.2812513], [8.2446005, 47.2808031], [8.24497, 47.2797754], [8.2421549, 47.2787939], [8.2426079, 47.2763353], [8.2410633, 47.2760362], [8.2423726, 47.2723321], [8.2345413, 47.2729109], [8.2332952, 47.2738492], [8.2286353, 47.2735237], [8.2198885, 47.252224], [8.2076772, 47.2473001], [8.2079073, 47.2462735], [8.204461, 47.2425777], [8.2057346, 47.2411389], [8.2057978, 47.2382301], [8.2047105, 47.2380228], [8.2050713, 47.2363517], [8.2035644, 47.2361472], [8.2027213, 47.2299866], [8.2042235, 47.2299051], [8.2040451, 47.2272125], [8.2051079, 47.2257513], [8.1939985, 47.2263014], [8.192979, 47.2259029], [8.1931736, 47.2248289], [8.1899509, 47.2243731], [8.1851333, 47.2223544], [8.1805929, 47.2226459], [8.1761777, 47.2218876], [8.1743988, 47.224712], [8.1727971, 47.2251751], [8.174086, 47.2273839], [8.1717533, 47.2280901], [8.1687084, 47.2278472], [8.167173, 47.2290899], [8.1654872, 47.2285285], [8.1627177, 47.230548], [8.1632815, 47.2308782], [8.1600544, 47.232686], [8.1603233, 47.2344719], [8.1621895, 47.2354374], [8.1618133, 47.2360594], [8.1595263, 47.2375992], [8.1559618, 47.2377644], [8.1560545, 47.2394561], [8.1679183, 47.24086], [8.1697527, 47.2419927], [8.1711616, 47.2401482], [8.174868, 47.240053], [8.1763128, 47.2408304], [8.1761234, 47.2423096], [8.1777283, 47.2445402], [8.1801917, 47.2455971], [8.1807396, 47.2472622], [8.1796665, 47.2506065], [8.1777642, 47.2521921], [8.1761824, 47.2516539], [8.1748424, 47.2534265], [8.166486, 47.2505212], [8.1611614, 47.2499112], [8.1603079, 47.2488678], [8.1594124, 47.2498983], [8.1583966, 47.2497855], [8.1577867, 47.2486453], [8.1562925, 47.2493696], [8.1466495, 47.2474987], [8.1340809, 47.2465027], [8.1315495, 47.2454693], [8.1312867, 47.2440885], [8.124363, 47.2414128], [8.1196381, 47.2438481], [8.10912, 47.2445056], [8.1058242, 47.2494346], [8.1059984, 47.2521745], [8.0988227, 47.260224], [8.0882901, 47.2628579], [8.0783378, 47.2600187], [8.0784871, 47.2586912], [8.0769635, 47.2583398], [8.0772427, 47.2576286], [8.0739778, 47.2566456], [8.0713316, 47.2547296], [8.069239, 47.2552416], [8.0661885, 47.2546147], [8.0626099, 47.2566839], [8.0586569, 47.2566575], [8.0587513, 47.2557513], [8.0565444, 47.2554772], [8.0572106, 47.2525897], [8.0629828, 47.2466954], [8.0514487, 47.2442548], [8.0300242, 47.2422694], [8.0290624, 47.2406774], [8.025964, 47.2419326], [8.0215984, 47.2424553], [8.0203513, 47.2435342], [8.0158976, 47.2442013], [8.0157608, 47.24773], [8.0169389, 47.2498933], [8.0163256, 47.254664], [8.0175289, 47.2558975], [8.0164219, 47.257095], [8.0168316, 47.2593814], [8.0104415, 47.2640378], [8.005317, 47.2693074], [8.0043317, 47.2721252], [8.0048795, 47.2742679], [7.9952587, 47.2816329], [7.9868326, 47.2760237], [7.9734085, 47.2745135], [7.9713942, 47.2761438], [7.9560319, 47.276905], [7.9504093, 47.2747371], [7.9508162, 47.2733527], [7.9491969, 47.2724302], [7.9503879, 47.2688492], [7.9519935, 47.2683653], [7.951826, 47.2655056], [7.9549486, 47.2626311], [7.9555917, 47.2603636], [7.9584861, 47.2592779], [7.9593434, 47.2574623], [7.9588073, 47.2563205], [7.9617941, 47.2539709], [7.9547572, 47.2500694], [7.9460494, 47.2432904], [7.940323, 47.2408125], [7.9335252, 47.2359313], [7.9211933, 47.2378668], [7.9097366, 47.2439452], [7.8969928, 47.2430431], [7.8676968, 47.2373871], [7.8532096, 47.2325306], [7.8430454, 47.2343764], [7.8419705, 47.2356195], [7.8382231, 47.2349011], [7.8366891, 47.2368271], [7.8341361, 47.2376361], [7.8298051, 47.2431631], [7.8283171, 47.2428211], [7.8282861, 47.2443451], [7.8260181, 47.2468631], [7.8265421, 47.2473401], [7.8257141, 47.2486751], [7.8280621, 47.2499691], [7.8259681, 47.2518541], [7.8276011, 47.2528871], [7.8276641, 47.2550111], [7.8297371, 47.2554491], [7.8287771, 47.2579991], [7.8302741, 47.2591941], [7.8289871, 47.2607431], [7.8271931, 47.2609971], [7.8284621, 47.2628801], [7.8270161, 47.2630831], [7.82758, 47.2642245], [7.8255741, 47.2643931], [7.8250581, 47.2654501], [7.8337591, 47.2681891], [7.8435671, 47.2762151], [7.8451081, 47.2824341], [7.8474111, 47.2847461], [7.8488471, 47.2876311], [7.8529881, 47.2915241], [7.8547731, 47.2956491], [7.8616181, 47.3062921], [7.8745961, 47.3118261], [7.8871861, 47.3105941], [7.8899261, 47.3119061], [7.8910371, 47.3150121], [7.8982261, 47.3199261], [7.8960431, 47.3239351], [7.8968261, 47.3275431], [7.9038201, 47.3362341], [7.9077851, 47.3393161], [7.9083631, 47.3429811], [7.9093181, 47.3408921], [7.9119271, 47.3386831], [7.9193811, 47.3339561], [7.9378331, 47.3324851], [7.9478541, 47.3326541], [7.9489111, 47.3295491], [7.9473531, 47.3252431], [7.9471381, 47.3220551], [7.9485691, 47.3172131], [7.9568001, 47.3197191], [7.9764721, 47.3236781], [7.9762021, 47.3246461], [7.9778761, 47.3259211], [7.9847221, 47.3284981], [7.9853141, 47.3276451], [7.9874171, 47.3287091], [7.9873281, 47.3294781], [7.9899951, 47.3310921], [7.9908951, 47.3325541], [8.0011851, 47.3347581], [8.0060111, 47.3375311], [8.0074391, 47.3394111], [8.0044201, 47.3433171], [8.0038451, 47.3452401], [8.0119701, 47.3497801], [8.0130431, 47.3542541], [8.0105751, 47.3568551], [8.0167991, 47.3604971], [8.0172381, 47.3620001], [8.0195101, 47.3635551], [8.0244521, 47.3651921], [8.0252611, 47.3676001], [8.0269321, 47.3685881], [8.0284061, 47.3730101], [8.0278521, 47.3740271], [8.0298261, 47.3772871], [8.0297871, 47.3792831], [8.0315791, 47.3834961], [8.0266361, 47.3954631], [8.0205921, 47.3956471], [8.0199231, 47.3936721], [8.0173421, 47.3947241], [8.0140451, 47.3942181], [8.0099381, 47.3952081], [8.0103271, 47.4001841], [8.0071731, 47.4065621], [8.0016781, 47.4094811], [7.9917961, 47.4111541], [7.9906021, 47.4119431], [7.9897471, 47.4140761], [7.9881051, 47.4133411], [7.9846901, 47.4141091], [7.9819551, 47.4136901], [7.9773041, 47.4161931], [7.9741341, 47.4194501], [7.9723331, 47.4188801], [7.9631151, 47.4222311], [7.9831881, 47.4283211], [7.9838571, 47.4282991], [7.9842951, 47.4228391], [7.9856321, 47.4227221], [7.9874501, 47.4287121], [7.9837141, 47.4376351], [7.9840691, 47.4429091], [7.9808971, 47.4486011], [7.9750161, 47.4520421], [7.9767501, 47.4538261], [7.9749401, 47.4588881], [7.9683031, 47.4624461], [7.9606691, 47.4576551], [7.9606741, 47.4552101], [7.9565381, 47.4554541], [7.9584901, 47.4594331], [7.9562421, 47.4593261], [7.9488512, 47.4637162], [7.9401211, 47.4620071], [7.9447711, 47.4768441], [7.9446077, 47.4812286], [7.9469304, 47.4847936], [7.9465038, 47.4852676], [7.9451785, 47.4854309], [7.9419446, 47.4837136], [7.9332989, 47.4814124], [7.9316153, 47.482274], [7.9280978, 47.482109], [7.926781, 47.4831939], [7.9243204, 47.4825297], [7.9180351, 47.4826251], [7.9118821, 47.4847441], [7.9047791, 47.4848271], [7.9047131, 47.4921011], [7.8995681, 47.4961021], [7.8982931, 47.5011081], [7.8944861, 47.5025081], [7.8939591, 47.5060051], [7.8841311, 47.5084551], [7.8781861, 47.5138931], [7.8756911, 47.5131771], [7.8751011, 47.5175241], [7.8766471, 47.5225771], [7.8761331, 47.5228111], [7.8715481, 47.5218491], [7.8695301, 47.5192521], [7.8640921, 47.5192621], [7.8644201, 47.5218831], [7.8626301, 47.5268121], [7.8574351, 47.5331011], [7.8560031, 47.5330651], [7.8523781, 47.5351691], [7.8459521, 47.5325411], [7.8379151, 47.5341881], [7.8332291, 47.5336601], [7.8353551, 47.5317461], [7.8342311, 47.5302141], [7.8333161, 47.5302741], [7.8331751, 47.5187261], [7.8321111, 47.5173681], [7.8319611, 47.5146701], [7.8287491, 47.5140911], [7.8194831, 47.5065281], [7.8142791, 47.5041271], [7.8074691, 47.4971081], [7.8030831, 47.4968591], [7.8001901, 47.4981231], [7.7993861, 47.4974441], [7.7980721, 47.4992891], [7.7970481, 47.4972501], [7.7989871, 47.4955781], [7.7968101, 47.4950191], [7.7970131, 47.4957371], [7.7939241, 47.4959951], [7.7896201, 47.4931901], [7.7865911, 47.4930491], [7.7887741, 47.4949691], [7.7890921, 47.4963071], [7.7909851, 47.4968491], [7.7910461, 47.4982271], [7.7918491, 47.4984401], [7.7927711, 47.5005931], [7.7913111, 47.5015071], [7.7922819, 47.5037846], [7.7896352, 47.5049843], [7.7888001, 47.5067881], [7.7891311, 47.5105461], [7.7877261, 47.5134471], [7.7908441, 47.5166951], [7.7903901, 47.5189091], [7.7872821, 47.5203381], [7.7824031, 47.5202571], [7.7623851, 47.5253251], [7.7577501, 47.5259941], [7.7490621, 47.5250101], [7.7470051, 47.5260041], [7.7382311, 47.5273321], [7.7349198, 47.5294658], [7.7350907, 47.5303423], [7.7334801, 47.5326381], [7.7271411, 47.5329091], [7.7237461, 47.5367031], [7.7207351, 47.5350971], [7.7195461, 47.5362241], [7.7161031, 47.5358771], [7.7149001, 47.5365581], [7.7134263, 47.5395919], [7.7205691, 47.5418931], [7.7506391, 47.5442761], [7.7541421, 47.5454311], [7.7572951, 47.5481581], [7.7728361, 47.5522281], [7.7829021, 47.5531481], [7.7956861, 47.5573851], [7.8004991, 47.5630591], [7.8104851, 47.5686901], [7.8126511, 47.5719171], [7.8138811, 47.5785481], [7.8158211, 47.5825691], [7.8187811, 47.5868881], [7.8225441, 47.5879891], [7.8323761, 47.5867091], [7.8345041, 47.5859671], [7.8364181, 47.5835641], [7.8410611, 47.5820961], [7.8505041, 47.5829951], [7.8604141, 47.5874451], [7.8683941, 47.5886711], [7.8846181, 47.5888991], [7.8919981, 47.5874251], [7.9039661, 47.5798831], [7.9106451, 47.5710671], [7.9113241, 47.5662631], [7.9072241, 47.5604511], [7.9087401, 47.5548081], [7.9115471, 47.5509881], [7.9149951, 47.5486101], [7.9195501, 47.5470561], [7.9325251, 47.5469481], [7.9442651, 47.5437891], [7.9468211, 47.5440701], [7.9492411, 47.5460971], [7.9509041, 47.5491841], [7.9522881, 47.5544771], [7.9541811, 47.5562661], [7.9598281, 47.5583551], [7.9696461, 47.5559481], [7.9781131, 47.5551551], [8.0003781, 47.5564291], [8.0073831, 47.5549201], [8.0149851, 47.5510991], [8.0207161, 47.5504061], [8.0407791, 47.5536701], [8.0473561, 47.5558631], [8.0577541, 47.5616621], [8.0597031, 47.5636751], [8.0624451, 47.5631461], [8.0677781, 47.5645921], [8.0717401, 47.5638551], [8.0812781, 47.5580491], [8.0893551, 47.5576341], [8.0950611, 47.5598061], [8.0993051, 47.5626331], [8.1015441, 47.5666051], [8.1030681, 47.5762501], [8.1061901, 47.5800161], [8.1092681, 47.5822541], [8.1159701, 47.5838711], [8.1254881, 47.5832351], [8.1362891, 47.5838551], [8.1381191, 47.5856241], [8.1374491, 47.5887061], [8.1382091, 47.5905821], [8.1487321, 47.5953341], [8.1529801, 47.5957151], [8.1599389, 47.5935488], [8.1649721, 47.5943001], [8.1686151, 47.5961271], [8.1744931, 47.6018901], [8.1831351, 47.6040551], [8.1853321, 47.6053091], [8.1920621, 47.6144681], [8.1973441, 47.6188561], [8.2057181, 47.6209941], [8.2142341, 47.6199751], [8.2199091, 47.6172951], [8.2225321, 47.6129541], [8.2242311, 47.6063801], [8.2264231, 47.6050541], [8.2295401, 47.6056091], [8.2375761, 47.6126101], [8.2449631, 47.6124031], [8.2569131, 47.6153201], [8.2605141, 47.6147111], [8.2632621, 47.6099071], [8.2644691, 47.6094471], [8.2793331, 47.6116561], [8.2851821, 47.6110521], [8.2919291, 47.6090071], [8.2975161, 47.6057401], [8.2952321, 47.5936921], [8.2980611, 47.5888911], [8.3034251, 47.5856021], [8.3102571, 47.5836851], [8.3226121, 47.5734971], [8.3296261, 47.5709051], [8.3582421, 47.5700041], [8.3723521, 47.5680981], [8.3831231, 47.5652711], [8.3861721, 47.5668711], [8.3898691, 47.5731271], [8.3948851, 47.5764161], [8.3983451, 47.5770551], [8.4069531, 47.5746561], [8.4148871, 47.5708781], [8.4257541, 47.5676571], [8.4186361, 47.5650251], [8.4168495, 47.5609277], [8.4178755, 47.5607167], [8.4178701, 47.5586031], [8.4165191, 47.5578351], [8.414501, 47.5538999], [8.4147053, 47.551863], [8.4169141, 47.5502281], [8.4152551, 47.5485571], [8.4173291, 47.5457361], [8.4113541, 47.5456191], [8.4112281, 47.5461631], [8.4075431, 47.5433321], [8.4069281, 47.5416181], [8.4050571, 47.5418131], [8.4059871, 47.5402751], [8.4042421, 47.5393331], [8.4042961, 47.5382061], [8.4012791, 47.5401761], [8.4014481, 47.5380701], [8.4044561, 47.5344981], [8.4037841, 47.5335361], [8.3950581, 47.5318671], [8.3956101, 47.5281921], [8.3933081, 47.5256731], [8.3919381, 47.5251591], [8.3894471, 47.5262341], [8.3897651, 47.5273271], [8.3864661, 47.5288181], [8.3839951, 47.5280271], [8.3812661, 47.5249791], [8.3803091, 47.5161891], [8.3791281, 47.5158031], [8.3794821, 47.5149491], [8.3786811, 47.5136371], [8.3746871, 47.5120751], [8.3739229, 47.5110949], [8.3662731, 47.5120881], [8.3658975, 47.5108747], [8.3630271, 47.5108781], [8.3611511, 47.5099441], [8.3615911, 47.5078371], [8.3588321, 47.5060101], [8.3590561, 47.5042841], [8.3577491, 47.5023351], [8.3591531, 47.5007401], [8.3628591, 47.5009691], [8.3625411, 47.4999511], [8.3581751, 47.4973751], [8.3608971, 47.4955121], [8.3626121, 47.4906841], [8.3619101, 47.4856871], [8.3631681, 47.4808051], [8.3732285, 47.4815064], [8.3742048, 47.4804416], [8.3736733, 47.4747343], [8.3754014, 47.4711674], [8.3664541, 47.4696655], [8.3678093, 47.4694073], [8.3680268, 47.4685735], [8.365788, 47.4676021], [8.3656666, 47.4663438], [8.3694974, 47.465436], [8.3695299, 47.4635019], [8.3719766, 47.461211], [8.372672, 47.4592716], [8.3788395, 47.459289], [8.3802113, 47.4562422], [8.382932, 47.4563549], [8.383075, 47.455072], [8.3848163, 47.4541808], [8.3867554, 47.4495101], [8.3817029, 47.4487419], [8.3821259, 47.4464223], [8.3810633, 47.4463185], [8.3820214, 47.4405316], [8.384059, 47.439548], [8.3838533, 47.437301], [8.385069, 47.4367064], [8.3848661, 47.4359681], [8.3827871, 47.4328091], [8.3789241, 47.4328711], [8.3764791, 47.4338251], [8.3746861, 47.4320871], [8.3751051, 47.4306891], [8.3781461, 47.4290581], [8.3874321, 47.4279221], [8.3880621, 47.4262651], [8.3916882, 47.4232272], [8.3922236, 47.4216712], [8.3910351, 47.4194381], [8.3869221, 47.4164091], [8.3835761, 47.4178231], [8.3816714, 47.4161402], [8.3852508, 47.4144506], [8.3810821, 47.4104871], [8.3814931, 47.4082881], [8.3844461, 47.4061351], [8.3811281, 47.4029471], [8.3792231, 47.4023351], [8.3761391, 47.4047251], [8.3690581, 47.4031801], [8.3673791, 47.4006781], [8.3658401, 47.4024441], [8.3624381, 47.4022361], [8.3627081, 47.4014961], [8.3660851, 47.3988871], [8.3734161, 47.3989011], [8.3790431, 47.3998831], [8.3825541, 47.3965471], [8.3832015, 47.3946393], [8.3840228, 47.3953476], [8.387863, 47.395649], [8.3897941, 47.3946371], [8.3920781, 47.3957201], [8.3945831, 47.3943331], [8.3947381, 47.3935511], [8.3965851, 47.3935461], [8.3957651, 47.3915331], [8.3940481, 47.3910471], [8.3948271, 47.3900781], [8.3953511, 47.3859021], [8.3947571, 47.3852501], [8.3949851, 47.3805661], [8.3966821, 47.3789451], [8.3963981, 47.3770041], [8.4007401, 47.3739881], [8.4000281, 47.3730671], [8.4003611, 47.3704441], [8.4077911, 47.3696501], [8.4071271, 47.3682421], [8.4081831, 47.3665661], [8.4060431, 47.3654781], [8.4052471, 47.3640901], [8.4069701, 47.3615491], [8.4073331, 47.3557301], [8.4094001, 47.3549071], [8.4058441, 47.3510971], [8.4055561, 47.3487741], [8.4038121, 47.3465271], [8.4064921, 47.3440311], [8.4062671, 47.3430641], [8.4078331, 47.3421081], [8.4073881, 47.3415331], [8.4105241, 47.3402511], [8.4120701, 47.3381581], [8.4129921, 47.3384161], [8.4149481, 47.3367051], [8.4167531, 47.3368351], [8.4162541, 47.3352551], [8.4168411, 47.3336981], [8.4140171, 47.3306811], [8.4135641, 47.3286951], [8.4126451, 47.3285331], [8.4132451, 47.3263591], [8.4153301, 47.3262911], [8.4164021, 47.3244211], [8.4296571, 47.3271951], [8.4348931, 47.3252461], [8.4369061, 47.3267081], [8.4418701, 47.3272801], [8.4436351, 47.3292151], [8.4500121, 47.3304721], [8.4511221, 47.3335591], [8.4532561, 47.3331831], [8.4542391, 47.3346831], [8.4552221, 47.3340311], [8.4516911, 47.3290941], [8.4524791, 47.3286381], [8.4486961, 47.3260111], [8.4501111, 47.3254891], [8.4486321, 47.3243221], [8.4492521, 47.3233531], [8.4457591, 47.3199021], [8.4405081, 47.3178331], [8.4413981, 47.3158251], [8.4363621, 47.3152851], [8.4360091, 47.3140751], [8.4320301, 47.3114831], [8.4320381, 47.3083591], [8.4291441, 47.3071121], [8.4306991, 47.3050071], [8.4285321, 47.3010911], [8.4290811, 47.3005951], [8.4210351, 47.2974851], [8.4200301, 47.2966431], [8.4202491, 47.2956791], [8.4168971, 47.2936631], [8.4036201, 47.2916441], [8.4040841, 47.2908771], [8.3971871, 47.2879461], [8.3921661, 47.2910091], [8.3886341, 47.2900071], [8.3915141, 47.2866991], [8.3950731, 47.2778911], [8.4021131, 47.2730271], [8.4023911, 47.2710291], [8.4004941, 47.2651651], [8.4011981, 47.2636671], [8.4037221, 47.2620791], [8.4045861, 47.2601841], [8.4026881, 47.2564341], [8.4027351, 47.2549651], [8.4104211, 47.2482061], [8.4110771, 47.2466661], [8.4107771, 47.2451651], [8.4068721, 47.2410951], [8.4061141, 47.2369911], [8.3975901, 47.2309571], [8.3948091, 47.2258321], [8.3966171, 47.2195921], [8.4009741, 47.2148871], [8.4004721, 47.2086171], [8.4021011, 47.2014801], [8.4053451, 47.1956741], [8.4051671, 47.1940021], [8.4009911, 47.1886191], [8.4001611, 47.1852201], [8.4020741, 47.1771251], [8.4089371, 47.1754451], [8.4114401, 47.1739231], [8.4153781, 47.1637461], [8.4151541, 47.1583571], [8.4118731, 47.1537461], [8.4147081, 47.1477811], [8.4149291, 47.1448791], [8.4123211, 47.1405341]], [[8.2946143, 47.2649474], [8.2946146, 47.2649712], [8.294613358731224, 47.264952078040494], [8.2946143, 47.2649474]]], [[[8.4379133, 47.407478], [8.4395033, 47.4092407], [8.4405177, 47.4085798], [8.4379133, 47.407478]]], [[[7.9492424, 47.4630174], [7.9488711, 47.4634291], [7.949074693667847, 47.46331697358105], [7.9492424, 47.4630174]]]]}}, {"type": "Feature", "properties": {"name": "Appenzell Ausserrhoden", "parent": "che", "version": 1, "source": "gsak", "licence": "ODbL"}, "geometry": {"type": "Polygon", "coordinates": [[[9.4348671, 47.4208981], [9.4347011, 47.4264661], [9.4326441, 47.4294571], [9.4346131, 47.4319981], [9.4350221, 47.4343671], [9.4382371, 47.4344391], [9.4415171, 47.4333661], [9.4441401, 47.4340831], [9.4517841, 47.4308481], [9.4529771, 47.4313071], [9.4524181, 47.4320961], [9.4530821, 47.4326651], [9.4638891, 47.4352701], [9.4695841, 47.4385991], [9.4764171, 47.4387341], [9.4781021, 47.4393941], [9.4802801, 47.4389391], [9.4861411, 47.4409601], [9.4951341, 47.4422551], [9.5033911, 47.4452501], [9.5092031, 47.4494311], [9.5140991, 47.4492921], [9.5189321, 47.4516581], [9.5241181, 47.4514231], [9.5254391, 47.4529971], [9.5277771, 47.4538821], [9.5305481, 47.4535251], [9.5308991, 47.4542821], [9.5272431, 47.4566501], [9.5265721, 47.4586771], [9.5273131, 47.4591181], [9.5256611, 47.4613981], [9.5323671, 47.4677641], [9.5388861, 47.4679771], [9.5424091, 47.4689881], [9.5443731, 47.4671741], [9.5469721, 47.4671651], [9.5463041, 47.4665411], [9.5474401, 47.4654681], [9.5456611, 47.4638281], [9.5463501, 47.4629631], [9.5520081, 47.4644451], [9.5541241, 47.4637721], [9.5576461, 47.4647461], [9.5626161, 47.4629181], [9.5676051, 47.4635011], [9.5806931, 47.4624931], [9.5888001, 47.4594821], [9.5891351, 47.4572931], [9.5956351, 47.4585901], [9.5967181, 47.4566061], [9.6047081, 47.4522881], [9.6088361, 47.4514911], [9.6097511, 47.4501651], [9.6138701, 47.4483431], [9.6205891, 47.4478471], [9.6222801, 47.4465941], [9.6297961, 47.4442721], [9.6309081, 47.4422451], [9.6288271, 47.4393611], [9.6173891, 47.4370011], [9.6022501, 47.4364111], [9.5983531, 47.4348491], [9.5929721, 47.4340551], [9.5931301, 47.4356221], [9.5886741, 47.4345711], [9.5796081, 47.4343481], [9.5793861, 47.4336101], [9.5774811, 47.4343441], [9.5749141, 47.4338251], [9.5706781, 47.4342961], [9.5699211, 47.4347461], [9.5706791, 47.4359971], [9.5688631, 47.4374041], [9.5687731, 47.4384311], [9.5645761, 47.4382481], [9.5650011, 47.4367351], [9.5618921, 47.4363351], [9.5616751, 47.4348781], [9.5588231, 47.4338401], [9.5581641, 47.4327451], [9.5585241, 47.4317051], [9.5597731, 47.4307951], [9.5607981, 47.4313191], [9.5613941, 47.4308931], [9.5610101, 47.4301381], [9.5626771, 47.4290381], [9.5646981, 47.4296331], [9.5691951, 47.4275651], [9.5694551, 47.4284541], [9.5705281, 47.4287181], [9.5719831, 47.4263151], [9.5753091, 47.4256641], [9.5731711, 47.4253771], [9.5736081, 47.4241701], [9.5729201, 47.4238561], [9.5695601, 47.4236351], [9.5672831, 47.4222391], [9.5684971, 47.4211271], [9.5759431, 47.4212061], [9.5806561, 47.4197461], [9.5831501, 47.4200701], [9.5834631, 47.4189961], [9.5818451, 47.4180031], [9.5833641, 47.4181051], [9.5830071, 47.4165211], [9.5813681, 47.4162981], [9.5815921, 47.4151851], [9.5854431, 47.4147371], [9.5858321, 47.4130931], [9.5838829, 47.4115916], [9.5805311, 47.4105541], [9.5826881, 47.4098571], [9.5824221, 47.4086531], [9.5743371, 47.4055661], [9.5762681, 47.4041561], [9.5730691, 47.4040451], [9.5719311, 47.4029731], [9.5678041, 47.4017071], [9.5672381, 47.4005471], [9.5654591, 47.4005451], [9.5638531, 47.3987011], [9.5613241, 47.3989311], [9.5570411, 47.3965881], [9.5553991, 47.3963991], [9.5511541, 47.3990631], [9.5475181, 47.4037781], [9.5441101, 47.4056481], [9.5423001, 47.4081801], [9.5451851, 47.4092851], [9.5513071, 47.4099751], [9.5528121, 47.4092691], [9.5523021, 47.4080531], [9.5533431, 47.4077451], [9.5568051, 47.4082861], [9.5571071, 47.4076661], [9.5584711, 47.4090901], [9.5624241, 47.4085501], [9.5648911, 47.4052731], [9.5702511, 47.4063231], [9.5725401, 47.4076901], [9.5737411, 47.4074121], [9.5735061, 47.4121181], [9.5722471, 47.4124991], [9.5722621, 47.4132351], [9.5753621, 47.4144101], [9.5762981, 47.4158031], [9.5706131, 47.4167081], [9.5653611, 47.4165371], [9.5638221, 47.4168561], [9.5634651, 47.4184751], [9.5610871, 47.4177791], [9.5588471, 47.4183391], [9.5589011, 47.4190091], [9.5568951, 47.4190621], [9.5560121, 47.4197301], [9.5557521, 47.4226161], [9.5542321, 47.4234221], [9.5546791, 47.4245741], [9.5539271, 47.4251861], [9.5549511, 47.4260201], [9.5546911, 47.4268761], [9.5534881, 47.4262451], [9.5528311, 47.4272351], [9.5484871, 47.4277271], [9.5469671, 47.4285331], [9.5471501, 47.4297811], [9.5456051, 47.4306601], [9.5408601, 47.4318491], [9.5388151, 47.4315761], [9.5389631, 47.4285451], [9.5383031, 47.4281041], [9.5389831, 47.4276931], [9.5370171, 47.4267121], [9.5372161, 47.4256571], [9.5323761, 47.4244181], [9.5323521, 47.4238201], [9.5293441, 47.4242531], [9.5234231, 47.4213831], [9.5247871, 47.4206701], [9.5251221, 47.4189791], [9.5242681, 47.4183411], [9.5267391, 47.4164181], [9.5271078, 47.4149552], [9.5248041, 47.4150271], [9.5231181, 47.4137741], [9.5250501, 47.4131821], [9.5263081, 47.4117241], [9.5273531, 47.4121521], [9.5276921, 47.4103871], [9.5302461, 47.4114781], [9.5327891, 47.4104231], [9.5231341, 47.4063731], [9.5223451, 47.4069011], [9.5190891, 47.4055991], [9.5168651, 47.4057481], [9.5107091, 47.4023611], [9.5121961, 47.3999791], [9.5111011, 47.3984701], [9.5122561, 47.3973831], [9.5083411, 47.3955421], [9.5092041, 47.3946271], [9.5069071, 47.3905881], [9.5054981, 47.3901071], [9.5055101, 47.3890651], [9.5041761, 47.3882351], [9.5050061, 47.3872981], [9.5041141, 47.3843141], [9.5025911, 47.3839581], [9.5041201, 47.3824961], [9.5032171, 47.3805741], [9.5029571, 47.3749841], [9.5053141, 47.3744851], [9.5014151, 47.3722601], [9.5006621, 47.3716221], [9.5013001, 47.3710781], [9.5007531, 47.3703341], [9.4990801, 47.3693281], [9.5009751, 47.3679811], [9.4990041, 47.3637961], [9.5003711, 47.3627471], [9.4992221, 47.3613631], [9.5009441, 47.3608161], [9.5000261, 47.3598561], [9.5014601, 47.3544171], [9.5026931, 47.3537381], [9.5029381, 47.3473461], [9.4871971, 47.3501251], [9.4792571, 47.3470681], [9.4657011, 47.3462711], [9.4598161, 47.3499241], [9.4507131, 47.3536651], [9.4471481, 47.3559981], [9.4447691, 47.3568101], [9.4419121, 47.3561151], [9.4398811, 47.3571371], [9.4377511, 47.3566311], [9.4308301, 47.3666951], [9.4315011, 47.3681921], [9.4306311, 47.3710981], [9.4219401, 47.3678821], [9.4194251, 47.3695271], [9.4150111, 47.3684761], [9.4118601, 47.3687061], [9.4082121, 47.3699461], [9.4077101, 47.3708541], [9.4060681, 47.3711541], [9.4063881, 47.3722501], [9.4030981, 47.3734211], [9.4017071, 47.3753081], [9.4033981, 47.3760691], [9.4001971, 47.3772181], [9.4010241, 47.3782011], [9.3987287, 47.3778348], [9.3977181, 47.3790261], [9.3934321, 47.3801571], [9.3900401, 47.3776971], [9.3861001, 47.3771461], [9.3855851, 47.3790971], [9.3780381, 47.3807041], [9.3792661, 47.3825781], [9.3794251, 47.3861481], [9.3770261, 47.3870561], [9.3729261, 47.3861951], [9.3732661, 47.3851331], [9.3718271, 47.3839381], [9.3681101, 47.3849961], [9.3637381, 47.3841891], [9.3594091, 47.3850361], [9.3576801, 47.3847651], [9.3566881, 47.3834381], [9.3541891, 47.3841441], [9.3504351, 47.3829981], [9.3585331, 47.3781931], [9.3593671, 47.3732151], [9.3567821, 47.3712691], [9.3582531, 47.3705031], [9.3579781, 47.3690591], [9.3592181, 47.3671351], [9.3612161, 47.3662981], [9.3606011, 47.3636981], [9.3652701, 47.3583351], [9.3554991, 47.3552151], [9.3475031, 47.3540971], [9.3449771, 47.3527831], [9.3435401, 47.3515891], [9.3432691, 47.3502281], [9.3462291, 47.3450061], [9.3391941, 47.3437871], [9.3335271, 47.3408271], [9.3290551, 47.3308071], [9.3143211, 47.3266231], [9.3112991, 47.3251901], [9.3097361, 47.3220061], [9.3097821, 47.3214751], [9.3140571, 47.3213631], [9.3144731, 47.3189511], [9.3169851, 47.3160651], [9.3153981, 47.3153091], [9.3164141, 47.3139311], [9.3155331, 47.3136561], [9.3158551, 47.3126011], [9.3182031, 47.3094741], [9.3149601, 47.3062481], [9.3170801, 47.3017821], [9.3135331, 47.2965641], [9.3127421, 47.2937871], [9.3134011, 47.2911601], [9.3142741, 47.2899231], [9.3188551, 47.2876251], [9.3186911, 47.2858671], [9.3237091, 47.2826111], [9.3326951, 47.2707171], [9.3335521, 47.2662971], [9.3331371, 47.2650801], [9.3424591, 47.2494751], [9.3301821, 47.2491931], [9.3223571, 47.2463371], [9.3174391, 47.2490791], [9.3143561, 47.2521551], [9.3084591, 47.2546271], [9.3076401, 47.2556921], [9.3085861, 47.2586311], [9.3077641, 47.2594781], [9.3046071, 47.2595511], [9.2971501, 47.2572961], [9.2922381, 47.2619451], [9.2867801, 47.2626951], [9.2839921, 47.2656261], [9.2783221, 47.2650081], [9.2753541, 47.2654681], [9.2737771, 47.2700431], [9.2714561, 47.2685531], [9.2637561, 47.2673021], [9.2625961, 47.2652691], [9.2572241, 47.2631781], [9.2469561, 47.2658871], [9.2427221, 47.2648261], [9.2383921, 47.2647881], [9.2288731, 47.2666421], [9.2212811, 47.2692621], [9.2052421, 47.2767001], [9.2080491, 47.2799641], [9.2153521, 47.2838991], [9.2215951, 47.2887051], [9.2238221, 47.2927951], [9.2212751, 47.2972811], [9.2171001, 47.2996041], [9.2158381, 47.3023591], [9.2174201, 47.3086081], [9.2167351, 47.3102531], [9.2153051, 47.3108811], [9.2130641, 47.3191241], [9.2097091, 47.3208761], [9.2108791, 47.3219831], [9.2146861, 47.3226511], [9.2147461, 47.3238321], [9.2159391, 47.3246541], [9.2170431, 47.3242941], [9.2203671, 47.3260691], [9.2224361, 47.3258001], [9.2230951, 47.3268931], [9.2327021, 47.3307541], [9.2331831, 47.3319111], [9.2320101, 47.3343321], [9.2274491, 47.3384041], [9.2248071, 47.3422501], [9.2221801, 47.3430971], [9.2112731, 47.3401861], [9.2091091, 47.3402721], [9.2063391, 47.3389791], [9.2057761, 47.3417801], [9.2036641, 47.3427231], [9.2024031, 47.3452881], [9.2003121, 47.3459041], [9.1984891, 47.3476191], [9.2021381, 47.3503721], [9.2041531, 47.3539601], [9.2071191, 47.3558441], [9.2046591, 47.3573831], [9.2037471, 47.3558021], [9.2022431, 47.3558601], [9.1999171, 47.3542551], [9.1959811, 47.3532801], [9.1945711, 47.3583791], [9.1914481, 47.3623341], [9.1990081, 47.3613481], [9.2100361, 47.3629961], [9.2127311, 47.3648241], [9.2135271, 47.3665711], [9.2124761, 47.3678901], [9.2150791, 47.3696571], [9.2164021, 47.3695811], [9.2179431, 47.3709721], [9.2185331, 47.3728861], [9.2208001, 47.3732071], [9.2196161, 47.3764491], [9.2217321, 47.3779161], [9.2190551, 47.3816871], [9.2202101, 47.3821031], [9.2186621, 47.3828361], [9.2187141, 47.3849001], [9.2227851, 47.3874501], [9.2245431, 47.3866731], [9.2263461, 47.3876951], [9.2290071, 47.3868881], [9.2323461, 47.3878321], [9.2328931, 47.3903811], [9.2315991, 47.3940361], [9.2321841, 47.3957071], [9.2304411, 47.3970971], [9.2324151, 47.3976681], [9.2327941, 47.3959861], [9.2347151, 47.3968441], [9.2371761, 47.3961151], [9.2443911, 47.3992101], [9.2477281, 47.3988251], [9.2503271, 47.4002481], [9.2543341, 47.4001211], [9.2553761, 47.4007431], [9.2573711, 47.3986341], [9.2653671, 47.4011011], [9.2670781, 47.3996291], [9.2692971, 47.3991331], [9.2715471, 47.4009911], [9.2782721, 47.3997691], [9.2793141, 47.3981201], [9.2832181, 47.3985871], [9.2890251, 47.3980101], [9.2935561, 47.3970991], [9.2940411, 47.3960501], [9.3028601, 47.3952341], [9.3146631, 47.3975771], [9.3180961, 47.3972721], [9.3271701, 47.4011311], [9.3294641, 47.4012461], [9.3319931, 47.4005191], [9.3326121, 47.3995461], [9.3342451, 47.3998621], [9.3359361, 47.3991091], [9.3380311, 47.4001681], [9.3397252, 47.3996419], [9.3456361, 47.4005001], [9.3543461, 47.4033621], [9.3585081, 47.4021101], [9.3594371, 47.4033571], [9.3655911, 47.4049251], [9.3716451, 47.4076101], [9.3782391, 47.4071761], [9.3896241, 47.4047701], [9.3906511, 47.4021331], [9.3924421, 47.4010941], [9.4022841, 47.4008881], [9.4058111, 47.4022651], [9.4090131, 47.4024641], [9.4127211, 47.4045121], [9.4130351, 47.4054651], [9.4145151, 47.4048831], [9.4219191, 47.4060361], [9.4265321, 47.4074311], [9.4299141, 47.4095881], [9.4298881, 47.4103451], [9.4277811, 47.4103891], [9.4278171, 47.4111861], [9.4292521, 47.4122591], [9.4307411, 47.4116641], [9.4307751, 47.4125041], [9.4329161, 47.4139821], [9.4320831, 47.4142041], [9.4298951, 47.4178061], [9.4330131, 47.4187631], [9.4338071, 47.4204451], [9.4348671, 47.4208981]]]}}, {"type": "Feature", "properties": {"name": "Appenzell Innerrhoden", "parent": "che", "version": 1, "source": "gsak", "licence": "ODbL"}, "geometry": {"type": "MultiPolygon", "coordinates": [[[[9.3097821, 47.3214751], [9.3112991, 47.3251901], [9.3160301, 47.3273781], [9.3290551, 47.3308071], [9.3335271, 47.3408271], [9.3391941, 47.3437871], [9.3462291, 47.3450061], [9.3432691, 47.3502281], [9.3435401, 47.3515891], [9.3449771, 47.3527831], [9.3475031, 47.3540971], [9.3554991, 47.3552151], [9.3650131, 47.3579731], [9.3648901, 47.3592621], [9.3627281, 47.3607561], [9.3606011, 47.3636981], [9.3612161, 47.3662981], [9.3592181, 47.3671351], [9.3579781, 47.3690591], [9.3582531, 47.3705031], [9.3567821, 47.3712691], [9.3593671, 47.3732151], [9.3585331, 47.3781931], [9.3504351, 47.3829981], [9.3541891, 47.3841441], [9.3566881, 47.3834381], [9.3582921, 47.3849771], [9.3637381, 47.3841891], [9.3681101, 47.3849961], [9.3714041, 47.3839061], [9.3730021, 47.3846081], [9.3729261, 47.3861951], [9.3770261, 47.3870561], [9.3779481, 47.3862901], [9.3791111, 47.3865431], [9.3792661, 47.3825781], [9.3780381, 47.3807041], [9.3855851, 47.3790971], [9.3861001, 47.3771461], [9.3900401, 47.3776971], [9.3934321, 47.3801571], [9.3977181, 47.3790261], [9.3987287, 47.3778348], [9.4010241, 47.3782011], [9.4001971, 47.3772181], [9.4033981, 47.3760691], [9.4017071, 47.3753081], [9.4030981, 47.3734211], [9.4063881, 47.3722501], [9.4060681, 47.3711541], [9.4077101, 47.3708541], [9.4082121, 47.3699461], [9.4118601, 47.3687061], [9.4150111, 47.3684761], [9.4194251, 47.3695271], [9.4219401, 47.3678821], [9.4306311, 47.3710981], [9.4315011, 47.3681921], [9.4308301, 47.3666951], [9.4377511, 47.3566311], [9.4398811, 47.3571371], [9.4419121, 47.3561151], [9.4447691, 47.3568101], [9.4471481, 47.3559981], [9.4507131, 47.3536651], [9.4598161, 47.3499241], [9.4657011, 47.3462711], [9.4792571, 47.3470681], [9.4871971, 47.3501251], [9.5029381, 47.3473461], [9.5029681, 47.3337591], [9.5017501, 47.3328051], [9.5024141, 47.3322001], [9.5024371, 47.3313841], [9.5016151, 47.3311971], [9.5021411, 47.3295551], [9.5001781, 47.3294331], [9.5011671, 47.3280251], [9.4997961, 47.3270341], [9.5005761, 47.3263251], [9.4980181, 47.3179171], [9.4965251, 47.3175211], [9.4968221, 47.3161491], [9.4934021, 47.3144471], [9.4925791, 47.3129151], [9.4929041, 47.3108501], [9.4960591, 47.3062271], [9.4892781, 47.3018521], [9.4904981, 47.3006341], [9.4893471, 47.2951401], [9.4866041, 47.2902141], [9.4875431, 47.2881701], [9.4851071, 47.2838321], [9.4810961, 47.2817861], [9.4796511, 47.2789541], [9.4765601, 47.2764601], [9.4728811, 47.2712661], [9.4676041, 47.2686691], [9.4654831, 47.2663391], [9.4513511, 47.2600471], [9.4473811, 47.2557991], [9.4397481, 47.2526451], [9.4377691, 47.2507291], [9.4345271, 47.2507921], [9.4263701, 47.2472091], [9.4190291, 47.2476941], [9.4147561, 47.2464401], [9.4106181, 47.2441591], [9.4023221, 47.2375501], [9.3914431, 47.2365101], [9.3820351, 47.2339691], [9.3782051, 47.2361311], [9.3749501, 47.2369351], [9.3719351, 47.2396101], [9.3676941, 47.2407971], [9.3648961, 47.2431641], [9.3604241, 47.2441141], [9.3498721, 47.2446611], [9.3432781, 47.2481671], [9.3331371, 47.2650801], [9.3335521, 47.2662971], [9.3326951, 47.2707171], [9.3237091, 47.2826111], [9.3186911, 47.2858671], [9.3188551, 47.2876251], [9.3142741, 47.2899231], [9.3134011, 47.2911601], [9.3127421, 47.2937871], [9.3135331, 47.2965641], [9.3170801, 47.3017821], [9.3149601, 47.3062481], [9.3182031, 47.3094741], [9.3158551, 47.3126011], [9.3155331, 47.3136561], [9.3164141, 47.3139311], [9.3153981, 47.3153091], [9.3169851, 47.3160651], [9.3144731, 47.3189511], [9.3140571, 47.3213631], [9.3097821, 47.3214751]]], [[[9.5083411, 47.3955421], [9.5122561, 47.3973831], [9.5111011, 47.3984701], [9.5121961, 47.3999791], [9.5107091, 47.4023611], [9.5168651, 47.4057481], [9.5190891, 47.4055991], [9.5223451, 47.4069011], [9.5231341, 47.4063731], [9.5327891, 47.4104231], [9.5302461, 47.4114781], [9.5276921, 47.4103871], [9.5273531, 47.4121521], [9.5263081, 47.4117241], [9.5250501, 47.4131821], [9.5231181, 47.4137741], [9.5248041, 47.4150271], [9.5271078, 47.4149552], [9.5267391, 47.4164181], [9.5242681, 47.4183411], [9.5251221, 47.4189791], [9.5247871, 47.4206701], [9.5234231, 47.4213831], [9.5293441, 47.4242531], [9.5323521, 47.4238201], [9.5323761, 47.4244181], [9.5372161, 47.4256571], [9.5370171, 47.4267121], [9.5389831, 47.4276931], [9.5383031, 47.4281041], [9.5389631, 47.4285451], [9.5389511, 47.4316461], [9.5455261, 47.4306981], [9.5471501, 47.4297811], [9.5469671, 47.4285331], [9.5503901, 47.4270961], [9.5528311, 47.4272351], [9.5534881, 47.4262451], [9.5546911, 47.4268761], [9.5549511, 47.4260201], [9.5539271, 47.4251861], [9.5546791, 47.4245741], [9.5542321, 47.4234221], [9.5557521, 47.4226161], [9.5560121, 47.4197301], [9.5568951, 47.4190621], [9.5589011, 47.4190091], [9.5588471, 47.4183391], [9.5610871, 47.4177791], [9.5634651, 47.4184751], [9.5638221, 47.4168561], [9.5653611, 47.4165371], [9.5710651, 47.4166631], [9.5764371, 47.4153401], [9.5722621, 47.4132351], [9.5722471, 47.4124991], [9.5735061, 47.4121181], [9.5737411, 47.4074121], [9.5725401, 47.4076901], [9.5702511, 47.4063231], [9.5648911, 47.4052731], [9.5624241, 47.4085501], [9.5584711, 47.4090901], [9.5571071, 47.4076661], [9.5568051, 47.4082861], [9.5533431, 47.4077451], [9.5523021, 47.4080531], [9.5528121, 47.4092691], [9.5513071, 47.4099751], [9.5451851, 47.4092851], [9.5423001, 47.4081801], [9.5441101, 47.4056481], [9.5475181, 47.4037781], [9.5511541, 47.3990631], [9.5555131, 47.3962531], [9.5532031, 47.3952191], [9.5537731, 47.3945121], [9.5533231, 47.3939291], [9.5525261, 47.3942721], [9.5516411, 47.3934121], [9.5475891, 47.3931291], [9.5469811, 47.3942861], [9.5453261, 47.3943411], [9.5450681, 47.3952661], [9.5431891, 47.3950401], [9.5452431, 47.3983481], [9.5430111, 47.3989471], [9.5427061, 47.4001591], [9.5288341, 47.3974451], [9.5205201, 47.3962291], [9.5204271, 47.3968241], [9.5189711, 47.3966291], [9.5186581, 47.3957371], [9.5153181, 47.3958481], [9.5134981, 47.3949461], [9.5092041, 47.3946271], [9.5083411, 47.3955421]]], [[[9.5759431, 47.4212061], [9.5684971, 47.4211271], [9.5672831, 47.4222391], [9.5695601, 47.4236351], [9.5729201, 47.4238561], [9.5736081, 47.4241701], [9.5731711, 47.4253771], [9.5753091, 47.4256641], [9.5719831, 47.4263151], [9.5705281, 47.4287181], [9.5694551, 47.4284541], [9.5691951, 47.4275651], [9.5646981, 47.4296331], [9.5626771, 47.4290381], [9.5610101, 47.4301381], [9.5613941, 47.4308931], [9.5595361, 47.4308901], [9.5581641, 47.4327451], [9.5588231, 47.4338401], [9.5618421, 47.4350281], [9.5618921, 47.4363351], [9.5650011, 47.4367351], [9.5645761, 47.4382481], [9.5660151, 47.4387881], [9.5687731, 47.4384311], [9.5688631, 47.4374041], [9.5706791, 47.4359971], [9.5699211, 47.4347461], [9.5706781, 47.4342961], [9.5749141, 47.4338251], [9.5774811, 47.4343441], [9.5793861, 47.4336101], [9.5796081, 47.4343481], [9.5886741, 47.4345711], [9.5931301, 47.4356221], [9.5929721, 47.4340551], [9.5942671, 47.4342051], [9.6049381, 47.4367321], [9.6164071, 47.4374341], [9.6184311, 47.4364371], [9.6164371, 47.4365611], [9.6128601, 47.4340981], [9.6088401, 47.4334981], [9.6068841, 47.4321171], [9.6074111, 47.4315841], [9.5884201, 47.4255291], [9.5891451, 47.4242951], [9.5886421, 47.4237811], [9.5898181, 47.4225171], [9.5887861, 47.4216651], [9.5896941, 47.4209941], [9.5939541, 47.4194991], [9.5935741, 47.4188521], [9.5971271, 47.4182631], [9.5958351, 47.4173281], [9.6012101, 47.4163781], [9.6046101, 47.4139901], [9.6002871, 47.4134821], [9.5962941, 47.4114981], [9.5899651, 47.4117051], [9.5828291, 47.4097151], [9.5805311, 47.4105541], [9.5838829, 47.4115916], [9.5858321, 47.4130931], [9.5854431, 47.4147371], [9.5815921, 47.4151851], [9.5813681, 47.4162981], [9.5830071, 47.4165211], [9.5833641, 47.4181051], [9.5818451, 47.4180031], [9.5834631, 47.4189961], [9.5831501, 47.4200701], [9.5806561, 47.4197461], [9.5759431, 47.4212061]]]]}}, {"type": "Feature", "properties": {"name": "Basel Landschaft", "parent": "che", "version": 1, "source": "gsak", "licence": "ODbL"}, "geometry": {"type": "MultiPolygon", "coordinates": [[[[7.3756151, 47.4141351], [7.3571031, 47.4148981], [7.3580121, 47.4176941], [7.3440291, 47.4243451], [7.3431841, 47.4259141], [7.3408061, 47.4266161], [7.3405086, 47.429152], [7.3397591, 47.4296411], [7.3320461, 47.4300961], [7.3258201, 47.4321451], [7.3248771, 47.4348431], [7.3277681, 47.4379421], [7.3266211, 47.4400291], [7.3298351, 47.4417551], [7.3323481, 47.4410151], [7.3385681, 47.4411511], [7.3410141, 47.4388271], [7.3446221, 47.4375181], [7.3446901, 47.4360241], [7.3469631, 47.4353951], [7.3547781, 47.4339391], [7.3583221, 47.4344681], [7.3736811, 47.4337421], [7.3818231, 47.4316961], [7.3825881, 47.4310421], [7.3824391, 47.4295871], [7.3792791, 47.4273081], [7.3787381, 47.4211771], [7.3756151, 47.4141351]]], [[[7.3756151, 47.4141351], [7.3819061, 47.4132671], [7.3874361, 47.4139501], [7.4128281, 47.4108421], [7.4202881, 47.4110061], [7.4232351, 47.4130471], [7.4272221, 47.4143931], [7.4379921, 47.4126481], [7.4439871, 47.4134191], [7.4482211, 47.4150551], [7.4499951, 47.4174311], [7.4515331, 47.4225951], [7.4545211, 47.4253861], [7.4554591, 47.4282251], [7.4522251, 47.4310081], [7.4509521, 47.4347131], [7.4483951, 47.4376171], [7.4418651, 47.4423511], [7.4394061, 47.4433171], [7.4377391, 47.4462701], [7.4253551, 47.4432331], [7.4234171, 47.4434461], [7.4208581, 47.4458011], [7.4243801, 47.4498071], [7.4224181, 47.4505651], [7.4284831, 47.4535871], [7.4276511, 47.4572151], [7.4299556, 47.4595794], [7.4332381, 47.4592071], [7.4451281, 47.4622311], [7.4470821, 47.4569071], [7.4534671, 47.4511751], [7.4546351, 47.4491321], [7.4663991, 47.4526161], [7.4679621, 47.4538321], [7.4805671, 47.4554801], [7.4849381, 47.4574171], [7.4922761, 47.4589651], [7.4982741, 47.4596211], [7.5089481, 47.4585691], [7.5183151, 47.4610201], [7.5307651, 47.4610871], [7.5275071, 47.4737431], [7.5291961, 47.4778881], [7.5331261, 47.4781851], [7.5363211, 47.4839591], [7.5364291, 47.4909401], [7.5326771, 47.4909121], [7.5325681, 47.4952791], [7.5317651, 47.4972881], [7.5194621, 47.4967731], [7.5147901, 47.4976881], [7.5142181, 47.4987831], [7.5121541, 47.4987131], [7.5115931, 47.5023111], [7.5103281, 47.5024854], [7.5103711, 47.5058991], [7.5094099, 47.5088892], [7.5079191, 47.5108462], [7.5059286, 47.511387], [7.5031108, 47.5139969], [7.4991291, 47.5161461], [7.4979451, 47.5211731], [7.4998181, 47.5204881], [7.5026681, 47.5156321], [7.5023601, 47.5148211], [7.5055621, 47.5145261], [7.5110401, 47.5168221], [7.5158391, 47.5173221], [7.5175281, 47.5172411], [7.5191501, 47.5147331], [7.5208361, 47.5156041], [7.5219731, 47.5142291], [7.5229221, 47.5143531], [7.5237201, 47.5152351], [7.5235541, 47.5185981], [7.5276221, 47.5216721], [7.5309451, 47.5267961], [7.5310901, 47.5289511], [7.5268411, 47.5328571], [7.5246011, 47.5317011], [7.5191721, 47.5344561], [7.5107977, 47.5290121], [7.5077423, 47.5281371], [7.5051481, 47.5289861], [7.5023211, 47.5283241], [7.5005821, 47.5297271], [7.5010891, 47.5326361], [7.4981431, 47.5360781], [7.4993973, 47.5400251], [7.5052211, 47.5441441], [7.5093261, 47.5456841], [7.5109661, 47.5444531], [7.5167111, 47.5453601], [7.5273861, 47.5527171], [7.5362721, 47.5554561], [7.5394651, 47.5579211], [7.5402981, 47.5573051], [7.5468171, 47.5616093], [7.5547141, 47.5642861], [7.5647631, 47.5568581], [7.5612391, 47.5519811], [7.5587662, 47.5523793], [7.5555921, 47.5443581], [7.5645961, 47.5456901], [7.5813161, 47.5437081], [7.5871041, 47.5417761], [7.5854641, 47.5385891], [7.5859591, 47.5375261], [7.5826601, 47.5318601], [7.5838031, 47.5307571], [7.5857911, 47.5310991], [7.5858771, 47.5293151], [7.5887551, 47.5290891], [7.5898811, 47.5268271], [7.5892051, 47.5233001], [7.5902431, 47.5195751], [7.5947811, 47.5193531], [7.5974221, 47.5213901], [7.6022531, 47.5258341], [7.6092581, 47.5348771], [7.6129271, 47.5369981], [7.6136601, 47.5390881], [7.6183481, 47.5407051], [7.6223551, 47.5396691], [7.6229141, 47.5501351], [7.6216791, 47.5517651], [7.6177321, 47.5542831], [7.6176531, 47.5585591], [7.6269361, 47.5613251], [7.6328601, 47.5613181], [7.6367071, 47.5602591], [7.6399741, 47.5581651], [7.6474681, 47.5496041], [7.6506281, 47.5473231], [7.6613091, 47.5448341], [7.6648261, 47.5384381], [7.6680881, 47.5358631], [7.6759091, 47.5333861], [7.6829301, 47.5325041], [7.6958681, 47.5325951], [7.7134263, 47.5395919], [7.7149001, 47.5365581], [7.7161031, 47.5358771], [7.7195461, 47.5362241], [7.7207351, 47.5350971], [7.7237461, 47.5367031], [7.7271411, 47.5329091], [7.7334801, 47.5326381], [7.7350907, 47.5303423], [7.7349198, 47.5294658], [7.7382311, 47.5273321], [7.7470051, 47.5260041], [7.7490621, 47.5250101], [7.7582651, 47.5259351], [7.7781151, 47.5218191], [7.7824031, 47.5202571], [7.7872821, 47.5203381], [7.7903901, 47.5189091], [7.7908441, 47.5166951], [7.7877261, 47.5134471], [7.7891311, 47.5105461], [7.7888001, 47.5067881], [7.7896352, 47.5049843], [7.7922819, 47.5037846], [7.7913111, 47.5015071], [7.7927711, 47.5005931], [7.7918491, 47.4984401], [7.7910461, 47.4982271], [7.7909851, 47.4968491], [7.7890921, 47.4963071], [7.7887741, 47.4949691], [7.7865911, 47.4930491], [7.7896201, 47.4931901], [7.7939241, 47.4959951], [7.7970131, 47.4957371], [7.7968101, 47.4950191], [7.7989871, 47.4955781], [7.7970481, 47.4972501], [7.7980721, 47.4992891], [7.7993861, 47.4974441], [7.8001901, 47.4981231], [7.8030831, 47.4968591], [7.8074691, 47.4971081], [7.8142791, 47.5041271], [7.8194831, 47.5065281], [7.8287491, 47.5140911], [7.8319611, 47.5146701], [7.8321111, 47.5173681], [7.8331751, 47.5187261], [7.8333161, 47.5302741], [7.8342311, 47.5302141], [7.8353551, 47.5317461], [7.8332291, 47.5336601], [7.8379151, 47.5341881], [7.8459521, 47.5325411], [7.8523781, 47.5351691], [7.8560031, 47.5330651], [7.8574351, 47.5331011], [7.8626301, 47.5268121], [7.8644201, 47.5218831], [7.8640921, 47.5192621], [7.8695301, 47.5192521], [7.8715481, 47.5218491], [7.8761331, 47.5228111], [7.8766471, 47.5225771], [7.8751011, 47.5175241], [7.8756911, 47.5131771], [7.8781861, 47.5138931], [7.8841311, 47.5084551], [7.8939591, 47.5060051], [7.8944861, 47.5025081], [7.8982931, 47.5011081], [7.8995681, 47.4961021], [7.9047131, 47.4921011], [7.9047791, 47.4848271], [7.9118821, 47.4847441], [7.9180351, 47.4826251], [7.9243204, 47.4825297], [7.926781, 47.4831939], [7.9280978, 47.482109], [7.9316153, 47.482274], [7.9332989, 47.4814124], [7.9419446, 47.4837136], [7.9451785, 47.4854309], [7.9465038, 47.4852676], [7.9469304, 47.4847936], [7.9446077, 47.4812286], [7.9447711, 47.4768441], [7.9401211, 47.4620071], [7.9488512, 47.4637162], [7.9562421, 47.4593261], [7.9584901, 47.4594331], [7.9563161, 47.4556861], [7.9585291, 47.4536881], [7.9585351, 47.4527461], [7.9570811, 47.4521811], [7.9578861, 47.4513781], [7.9527831, 47.4486381], [7.9501251, 47.4457191], [7.9474541, 47.4454431], [7.9467841, 47.4431701], [7.9519781, 47.4327631], [7.9499041, 47.4317211], [7.9618531, 47.4218031], [7.9563091, 47.4194031], [7.9567571, 47.4188001], [7.9540331, 47.4171261], [7.9558991, 47.4165331], [7.9549491, 47.4154661], [7.9484021, 47.4162361], [7.9456111, 47.4155811], [7.9449551, 47.4144581], [7.9367461, 47.4128211], [7.9348601, 47.4117431], [7.9366341, 47.4079691], [7.9326881, 47.4052581], [7.9242221, 47.4019541], [7.9210681, 47.4023021], [7.9128111, 47.4001591], [7.9096501, 47.3984731], [7.9063541, 47.3998941], [7.9037701, 47.4023081], [7.9019171, 47.4019571], [7.9008521, 47.4007661], [7.8988321, 47.4016151], [7.8900331, 47.4071411], [7.8833741, 47.4060771], [7.8841831, 47.4047821], [7.8834431, 47.4037701], [7.8842901, 47.4031281], [7.8832291, 47.4021181], [7.8835331, 47.4010811], [7.8818651, 47.4005651], [7.8797661, 47.4016141], [7.8778311, 47.4011551], [7.8753341, 47.3973941], [7.8692251, 47.3954191], [7.8719421, 47.3912441], [7.8739571, 47.3900321], [7.8770381, 47.3901751], [7.8775021, 47.3890641], [7.8792541, 47.3881811], [7.8796761, 47.3844581], [7.8789091, 47.3833921], [7.8761681, 47.3843721], [7.8686491, 47.3811561], [7.8627181, 47.3818671], [7.8599471, 47.3809421], [7.8600941, 47.3800701], [7.8585871, 47.3795721], [7.8500551, 47.3781771], [7.8480801, 47.3767931], [7.8417141, 47.3752751], [7.8370441, 47.3725851], [7.8336731, 47.3673301], [7.8306401, 47.3649751], [7.8221581, 47.3630551], [7.8040831, 47.3619061], [7.8021701, 47.3609581], [7.7961141, 47.3527521], [7.7949731, 47.3496241], [7.7953791, 47.3462881], [7.7935361, 47.3388921], [7.7852051, 47.3378071], [7.7852201, 47.3388391], [7.7822081, 47.3395111], [7.7687411, 47.3388211], [7.7690401, 47.3413881], [7.7664491, 47.3427131], [7.7542081, 47.3431381], [7.7515491, 47.3442431], [7.7430341, 47.3494991], [7.7342061, 47.3576771], [7.7279541, 47.3686871], [7.7021811, 47.3724751], [7.6442891, 47.3671741], [7.6430301, 47.3756221], [7.6411011, 47.3782101], [7.6417461, 47.3804031], [7.6357651, 47.3804751], [7.6332921, 47.3831621], [7.6333911, 47.3851431], [7.6371461, 47.3859311], [7.6351361, 47.4003081], [7.6327521, 47.4099681], [7.6574021, 47.4090171], [7.6636521, 47.4099361], [7.6796041, 47.4174481], [7.6847321, 47.4286471], [7.6846031, 47.4304581], [7.6865181, 47.4335891], [7.6831781, 47.4403231], [7.6847041, 47.4478531], [7.6908721, 47.4522631], [7.6922551, 47.4541001], [7.6988421, 47.4557791], [7.6987401, 47.4592651], [7.7001261, 47.4620511], [7.7032351, 47.4642341], [7.7062581, 47.4682141], [7.7098721, 47.4693371], [7.7053261, 47.4757841], [7.6997081, 47.4805771], [7.6964521, 47.4816871], [7.6909771, 47.4814691], [7.6839181, 47.4827661], [7.6767721, 47.4849371], [7.6715461, 47.4844441], [7.6683361, 47.4861751], [7.6655651, 47.4909651], [7.6660441, 47.4966281], [7.6583641, 47.4951551], [7.6523981, 47.4957591], [7.6486351, 47.4916761], [7.6554011, 47.4900721], [7.6508461, 47.4881541], [7.6558591, 47.4872921], [7.6496321, 47.4850081], [7.6473041, 47.4846901], [7.6444361, 47.4854851], [7.6409971, 47.4825631], [7.6361411, 47.4838891], [7.6265221, 47.4848711], [7.6241981, 47.4865891], [7.6154001, 47.4892101], [7.6073821, 47.4892871], [7.6089571, 47.4834571], [7.6080991, 47.4815671], [7.6061781, 47.4805261], [7.6056981, 47.4788261], [7.6062731, 47.4754251], [7.6084711, 47.4748531], [7.6048721, 47.4703061], [7.6111621, 47.4698971], [7.6192411, 47.4672421], [7.6261691, 47.4627731], [7.6242941, 47.4613261], [7.6222471, 47.4617791], [7.6226131, 47.4568341], [7.6187061, 47.4477631], [7.6164921, 47.4454881], [7.6166111, 47.4418281], [7.6153871, 47.4391531], [7.6161951, 47.4375171], [7.6158481, 47.4327211], [7.6140471, 47.4332901], [7.6075091, 47.4325851], [7.6022581, 47.4312531], [7.5921511, 47.4327371], [7.5850221, 47.4285481], [7.5816131, 47.4286531], [7.5794721, 47.4300021], [7.5800841, 47.4320841], [7.5777071, 47.4324201], [7.5784371, 47.4348921], [7.5756491, 47.4367201], [7.5685551, 47.4366461], [7.5695911, 47.4309011], [7.5673591, 47.4258251], [7.5684401, 47.4241871], [7.5688251, 47.4209361], [7.5709381, 47.4195881], [7.5748901, 47.4192481], [7.5789491, 47.4176041], [7.5808241, 47.4146621], [7.5679721, 47.4134171], [7.5508481, 47.4143521], [7.5433296, 47.4139999], [7.5252855, 47.4115704], [7.5270781, 47.4099721], [7.5273581, 47.4084281], [7.5312001, 47.4049831], [7.5312321, 47.4034661], [7.5186911, 47.3882691], [7.5107571, 47.3895051], [7.5020201, 47.3846941], [7.4919851, 47.3852741], [7.4850261, 47.3872201], [7.4841351, 47.3890751], [7.4807561, 47.3887461], [7.4790431, 47.3900711], [7.4776171, 47.3920571], [7.4768261, 47.3960751], [7.4776231, 47.4013351], [7.4725431, 47.4001291], [7.4642871, 47.4021811], [7.4626181, 47.4007561], [7.4575601, 47.4009091], [7.4553691, 47.4035121], [7.4541651, 47.4039051], [7.4496881, 47.4032321], [7.4507181, 47.4014051], [7.4494851, 47.3995971], [7.4473951, 47.3993411], [7.4436387, 47.4006745], [7.4415481, 47.4000231], [7.4434071, 47.3889811], [7.4388251, 47.3859251], [7.4371711, 47.3808391], [7.4334801, 47.3792601], [7.4118881, 47.3805351], [7.4160071, 47.3846721], [7.4134311, 47.3894081], [7.4140041, 47.3943141], [7.4054861, 47.3950221], [7.3988791, 47.3966811], [7.3956921, 47.4031261], [7.3885581, 47.4027441], [7.3837451, 47.4121311], [7.3790861, 47.4126991], [7.3756151, 47.4141351]]]]}}, {"type": "Feature", "properties": {"name": "Basel Stadt", "parent": "che", "version": 1, "source": "gsak", "licence": "ODbL"}, "geometry": {"type": "Polygon", "coordinates": [[[7.6671791, 47.5919861], [7.6750011, 47.5919921], [7.6777381, 47.5951821], [7.6827841, 47.5984641], [7.6888681, 47.5988171], [7.6936971, 47.6006241], [7.6900471, 47.5975831], [7.6842751, 47.5964651], [7.6796561, 47.5921891], [7.6772371, 47.5912731], [7.6716961, 47.5871921], [7.6719921, 47.5851701], [7.6807611, 47.5826251], [7.6818021, 47.5774421], [7.6837181, 47.5766771], [7.6836231, 47.5739151], [7.6887161, 47.5723951], [7.6895116, 47.5712727], [7.6856021, 47.5654471], [7.6834101, 47.5683481], [7.6833761, 47.5712101], [7.6788161, 47.5694231], [7.6750721, 47.5653611], [7.6772391, 47.5648871], [7.6772821, 47.5637021], [7.6723481, 47.5636621], [7.6723151, 47.5653671], [7.6702551, 47.5657991], [7.6624501, 47.5651031], [7.6589101, 47.5643621], [7.6561511, 47.5622511], [7.6482051, 47.5597681], [7.6441121, 47.5611791], [7.6412271, 47.5611641], [7.6361391, 47.5637411], [7.6338781, 47.5611271], [7.6269361, 47.5613251], [7.6176531, 47.5585591], [7.6177321, 47.5542831], [7.6216791, 47.5517651], [7.6229141, 47.5501351], [7.6223551, 47.5396691], [7.6183481, 47.5407051], [7.6136601, 47.5390881], [7.6129271, 47.5369981], [7.6092581, 47.5348771], [7.6022531, 47.5258341], [7.5947811, 47.5193531], [7.5902431, 47.5195751], [7.5892051, 47.5233001], [7.5898811, 47.5268271], [7.5887551, 47.5290891], [7.5858771, 47.5293151], [7.5857911, 47.5310991], [7.5838031, 47.5307571], [7.5826601, 47.5318601], [7.5859591, 47.5375261], [7.5854641, 47.5385891], [7.5871041, 47.5417761], [7.5813161, 47.5437081], [7.5645961, 47.5456901], [7.5555921, 47.5443581], [7.5587662, 47.5523793], [7.5612391, 47.5519811], [7.5647631, 47.5568581], [7.5547141, 47.5642861], [7.5572921, 47.5649031], [7.5593831, 47.5693271], [7.5564886, 47.5713401], [7.5569682, 47.5725274], [7.5651973, 47.5760698], [7.5663391, 47.5777306], [7.5748992, 47.5762911], [7.5796022, 47.5766441], [7.5844741, 47.5754811], [7.5858931, 47.5841321], [7.5890391, 47.5898061], [7.5985983, 47.5875031], [7.6046011, 47.5849161], [7.6039092, 47.5813133], [7.6053381, 47.5797121], [7.6048451, 47.5777701], [7.6132831, 47.5780881], [7.6191731, 47.5768151], [7.6280001, 47.5812291], [7.6396041, 47.5903611], [7.6432291, 47.5913061], [7.6418031, 47.5928911], [7.6418141, 47.5940631], [7.6456571, 47.5969491], [7.6562758, 47.5951148], [7.6671791, 47.5919861]]]}}, {"type": "Feature", "properties": {"name": "Bern", "parent": "che", "version": 1, "source": "gsak", "licence": "ODbL"}, "geometry": {"type": "MultiPolygon", "coordinates": [[[[7.5583901, 47.3223521], [7.5483351, 47.3163441], [7.5474411, 47.3091951], [7.5463441, 47.3072791], [7.5469221, 47.3060291], [7.5391191, 47.3019101], [7.5397771, 47.2986621], [7.5326721, 47.2943671], [7.5203601, 47.2938191], [7.5060091, 47.2899881], [7.5053571, 47.2907651], [7.4983371, 47.2883061], [7.4947321, 47.2881031], [7.4953121, 47.2868351], [7.4871251, 47.2838061], [7.4853291, 47.2842311], [7.4785401, 47.2788691], [7.4756951, 47.2761281], [7.4719711, 47.2695531], [7.4656631, 47.2645961], [7.4407951, 47.2628061], [7.4270861, 47.2560361], [7.4173491, 47.2537061], [7.4161961, 47.2505771], [7.4170721, 47.2475851], [7.4206601, 47.2429741], [7.4176031, 47.2413381], [7.4151901, 47.2403571], [7.4117591, 47.2406821], [7.3979461, 47.2335741], [7.3740751, 47.2268421], [7.3659951, 47.2218221], [7.3655731, 47.2207781], [7.3623261, 47.2195351], [7.3596071, 47.2195281], [7.3572791, 47.2209751], [7.3550931, 47.2208611], [7.3403991, 47.2174461], [7.3433511, 47.2097431], [7.3448511, 47.2072001], [7.3467981, 47.2071481], [7.3543611, 47.1914211], [7.3657331, 47.1944261], [7.3678841, 47.1908011], [7.3749721, 47.1884981], [7.3787901, 47.1857041], [7.3844821, 47.1787921], [7.3918371, 47.1661851], [7.3908531, 47.1654581], [7.3847501, 47.1660331], [7.3821681, 47.1650151], [7.3823881, 47.1618221], [7.3842571, 47.1600461], [7.3869751, 47.1595231], [7.3917141, 47.1609421], [7.3930741, 47.1602721], [7.4009281, 47.1628001], [7.4083631, 47.1620261], [7.4123851, 47.1625561], [7.4160041, 47.1654081], [7.4168511, 47.1692741], [7.4183931, 47.1710351], [7.4278241, 47.1732941], [7.4310991, 47.1753851], [7.4319441, 47.1776851], [7.4308241, 47.1820111], [7.4322881, 47.1844271], [7.4358851, 47.1852841], [7.4380191, 47.1846681], [7.4400751, 47.1804391], [7.4417031, 47.1791881], [7.4475901, 47.1808071], [7.4492381, 47.1821181], [7.4500301, 47.1839721], [7.4482551, 47.1879611], [7.4486761, 47.1893781], [7.4494751, 47.1895981], [7.4568901, 47.1884551], [7.4756321, 47.1906241], [7.4768211, 47.1880161], [7.4758111, 47.1877731], [7.4755111, 47.1865551], [7.4728331, 47.1855571], [7.4744491, 47.1846804], [7.4752068, 47.183196], [7.4708519, 47.1813759], [7.4732587, 47.1800035], [7.474842, 47.1803403], [7.4768521, 47.1778211], [7.4763239, 47.1769668], [7.4768842, 47.1766068], [7.4786657, 47.1773483], [7.4781372, 47.1762241], [7.4804422, 47.1717484], [7.4863641, 47.1736411], [7.4863201, 47.1730241], [7.4931461, 47.1710351], [7.4955571, 47.1714811], [7.4970551, 47.1700031], [7.4901901, 47.1656961], [7.4926831, 47.1631711], [7.4889081, 47.1607711], [7.4820471, 47.1580801], [7.4786951, 47.1543221], [7.4677601, 47.1512021], [7.4630351, 47.1535481], [7.4599981, 47.1532691], [7.4588731, 47.1547891], [7.4546201, 47.1561891], [7.4478141, 47.1549981], [7.4399721, 47.1503901], [7.4412691, 47.1459141], [7.4396251, 47.1439511], [7.4305981, 47.1429501], [7.4267161, 47.1410731], [7.4258951, 47.1400011], [7.4265671, 47.1385701], [7.4217841, 47.1357851], [7.4245341, 47.1342501], [7.4265191, 47.1312461], [7.4296871, 47.1315801], [7.4309961, 47.1307501], [7.4302021, 47.1294971], [7.4314291, 47.1290831], [7.4354691, 47.1312501], [7.4363291, 47.1295121], [7.4350591, 47.1274611], [7.4329011, 47.1275461], [7.4333061, 47.1261151], [7.4402681, 47.1237761], [7.4374751, 47.1227541], [7.4348071, 47.1238711], [7.4295311, 47.1243661], [7.424828, 47.1220407], [7.4204631, 47.1211181], [7.4197671, 47.1217691], [7.4148421, 47.1213941], [7.4100011, 47.1198421], [7.4097591, 47.1203311], [7.4064921, 47.1183471], [7.4036991, 47.1176881], [7.3951051, 47.1217631], [7.3901341, 47.1196481], [7.3889981, 47.1233241], [7.3868021, 47.1259471], [7.3830071, 47.1231101], [7.3810641, 47.1228341], [7.3790871, 47.1241161], [7.3754951, 47.1232551], [7.3755011, 47.1221681], [7.3740111, 47.1218201], [7.3714581, 47.1225141], [7.3705271, 47.1208871], [7.3719821, 47.1174481], [7.3695401, 47.1158651], [7.3745851, 47.1115511], [7.3758291, 47.1084311], [7.3770551, 47.1083671], [7.3792201, 47.1059991], [7.3787301, 47.1048681], [7.3821651, 47.0993821], [7.3826551, 47.0967501], [7.3821131, 47.0956371], [7.3865781, 47.0960861], [7.3895491, 47.0949611], [7.3902301, 47.0920201], [7.4091511, 47.0946981], [7.4202061, 47.0994791], [7.4210711, 47.0985031], [7.4224771, 47.0988581], [7.4234041, 47.0972831], [7.4338041, 47.1004011], [7.4374871, 47.0939741], [7.4350981, 47.0934661], [7.4358151, 47.0917261], [7.4336661, 47.0911481], [7.4343781, 47.0897531], [7.4331821, 47.0895811], [7.4328231, 47.0878221], [7.4342551, 47.0862691], [7.4354031, 47.0800811], [7.4400731, 47.0763131], [7.4402071, 47.0743531], [7.4457261, 47.0743021], [7.4539271, 47.0760111], [7.4544731, 47.0749431], [7.4556671, 47.0752411], [7.4594621, 47.0780471], [7.4647831, 47.0782101], [7.4673971, 47.0790521], [7.4707171, 47.0836361], [7.4750121, 47.0865221], [7.4734721, 47.0893611], [7.4709211, 47.0903611], [7.4641231, 47.0990731], [7.4651581, 47.0992981], [7.4618031, 47.1033481], [7.4628371, 47.1036631], [7.4611261, 47.1081601], [7.4921311, 47.1169651], [7.4983671, 47.1213081], [7.5047091, 47.1227091], [7.5100521, 47.1258231], [7.5138761, 47.1301221], [7.5138291, 47.1332021], [7.5158021, 47.1366211], [7.5192881, 47.1404131], [7.5230411, 47.1424661], [7.5236041, 47.1457871], [7.5254961, 47.1475571], [7.5299361, 47.1486321], [7.5296051, 47.1507921], [7.5257601, 47.1530541], [7.5258821, 47.1537801], [7.5244721, 47.1536081], [7.5219741, 47.1584531], [7.5203411, 47.1589151], [7.5205681, 47.1597511], [7.5228831, 47.1600011], [7.5227131, 47.1606891], [7.5258811, 47.1609811], [7.5256511, 47.1621231], [7.5345801, 47.1640281], [7.5352431, 47.1624541], [7.5408261, 47.1635231], [7.5443661, 47.1602611], [7.5457231, 47.1604691], [7.5502651, 47.1634901], [7.5556171, 47.1658101], [7.5579321, 47.1679651], [7.5635541, 47.1682901], [7.5645941, 47.1663371], [7.5642041, 47.1656811], [7.5661081, 47.1654481], [7.5654581, 47.1643191], [7.5673941, 47.1630791], [7.5692151, 47.1624741], [7.5752281, 47.1644201], [7.5799298, 47.1599149], [7.5810031, 47.1601947], [7.5823311, 47.1581331], [7.5814601, 47.1556961], [7.5827351, 47.1559771], [7.5835781, 47.1547491], [7.5862651, 47.1474201], [7.5884551, 47.1508261], [7.5928251, 47.1526141], [7.5979092, 47.1516551], [7.6076704, 47.1529004], [7.6144667, 47.1546218], [7.6153966, 47.1566892], [7.6246631, 47.1523311], [7.6277981, 47.1529681], [7.6290311, 47.1524681], [7.6314641, 47.1537541], [7.6323281, 47.1529071], [7.6349071, 47.1532501], [7.6355881, 47.1521661], [7.6400971, 47.1536461], [7.6409531, 47.1513851], [7.6451691, 47.1488001], [7.6510431, 47.1497641], [7.6519911, 47.1506041], [7.6530071, 47.1523701], [7.6523131, 47.1524741], [7.6518951, 47.1559541], [7.6509891, 47.1560031], [7.6508961, 47.1570361], [7.6536361, 47.1607731], [7.6518931, 47.1615421], [7.6601041, 47.1681981], [7.6609121, 47.1675861], [7.6653491, 47.1688471], [7.6657581, 47.1680881], [7.6729991, 47.1683561], [7.6737772, 47.1742984], [7.6758141, 47.1755081], [7.6776681, 47.1825931], [7.6745951, 47.1830641], [7.6754141, 47.1836871], [7.6743151, 47.1841521], [7.6730601, 47.1842721], [7.6723231, 47.1834501], [7.6710571, 47.1845141], [7.6715121, 47.1866231], [7.6734731, 47.1877611], [7.6744221, 47.1908221], [7.6712761, 47.1929271], [7.6715481, 47.1949071], [7.6691291, 47.1941291], [7.6685641, 47.1959791], [7.6665751, 47.1958031], [7.6657761, 47.1979241], [7.6646081, 47.1974261], [7.6627261, 47.1985591], [7.6623261, 47.2008101], [7.6475071, 47.2016271], [7.6512931, 47.2065851], [7.6460141, 47.2147291], [7.6466201, 47.2173501], [7.6485221, 47.2187071], [7.6409911, 47.2210651], [7.6391841, 47.2230841], [7.6442041, 47.2251591], [7.6405041, 47.2296501], [7.6353281, 47.2271581], [7.6340871, 47.2285101], [7.6309601, 47.2265181], [7.6295011, 47.2283031], [7.6261081, 47.2262741], [7.6235371, 47.2293391], [7.6191201, 47.2288261], [7.6184271, 47.2313231], [7.6165691, 47.2329981], [7.6170661, 47.2339431], [7.6150557, 47.2344271], [7.6139721, 47.2364091], [7.6111271, 47.2380071], [7.6094471, 47.2379611], [7.6093251, 47.2394111], [7.6062361, 47.2389041], [7.6051861, 47.2398231], [7.6056491, 47.2413661], [7.6049491, 47.2419791], [7.6028171, 47.2417861], [7.5995311, 47.2446501], [7.5960791, 47.2455551], [7.5977651, 47.2541081], [7.5944011, 47.2648091], [7.5936901, 47.2661121], [7.5869681, 47.2696811], [7.5801001, 47.2761911], [7.6141311, 47.2810671], [7.6481611, 47.2818761], [7.6578251, 47.2849691], [7.6606911, 47.2866931], [7.6685001, 47.2886121], [7.6710501, 47.2875381], [7.6766191, 47.2890251], [7.6798391, 47.2901891], [7.6847961, 47.2939251], [7.6884151, 47.2904241], [7.6992001, 47.2863681], [7.7009091, 47.2865061], [7.7039011, 47.2836721], [7.7030161, 47.2829691], [7.7056861, 47.2803571], [7.7066191, 47.2812611], [7.7090291, 47.2792981], [7.7082071, 47.2782691], [7.7106301, 47.2767611], [7.7094341, 47.2757091], [7.7124831, 47.2738101], [7.7154971, 47.2764691], [7.7252637, 47.2691187], [7.7243431, 47.2675021], [7.7248371, 47.2661841], [7.7327441, 47.2590571], [7.7384311, 47.2598481], [7.7446031, 47.2570341], [7.7492761, 47.2587001], [7.7566841, 47.2581911], [7.7589211, 47.2592221], [7.7608201, 47.2626091], [7.7648871, 47.2666261], [7.7747271, 47.2678061], [7.7758571, 47.2613771], [7.7861951, 47.2559711], [7.7875151, 47.2576541], [7.7932861, 47.2609701], [7.7979991, 47.2657961], [7.8015621, 47.2680271], [7.8049201, 47.2681851], [7.8055581, 47.2647441], [7.8069911, 47.2632401], [7.8141351, 47.2613751], [7.8175381, 47.2618431], [7.8250581, 47.2654501], [7.8255741, 47.2643931], [7.82758, 47.2642245], [7.8270161, 47.2630831], [7.8284621, 47.2628801], [7.8271931, 47.2609971], [7.8289871, 47.2607431], [7.8302741, 47.2591941], [7.8287771, 47.2579991], [7.8297371, 47.2554491], [7.8276641, 47.2550111], [7.8276011, 47.2528871], [7.8259681, 47.2518541], [7.8280621, 47.2499691], [7.8257141, 47.2486751], [7.8265421, 47.2473401], [7.8260181, 47.2468631], [7.8282861, 47.2443451], [7.8283171, 47.2428211], [7.8298051, 47.2431631], [7.8341361, 47.2376361], [7.8366891, 47.2368271], [7.8388031, 47.2346546], [7.8376129, 47.2329163], [7.8383039, 47.2317698], [7.8371448, 47.2309418], [7.8374856, 47.2297496], [7.8366077, 47.2292524], [7.8364919, 47.2277997], [7.8375712, 47.2271528], [7.836556, 47.2270134], [7.8372776, 47.2252958], [7.836673, 47.2239401], [7.8375044, 47.2228891], [7.8409604, 47.2221386], [7.8416835, 47.2206592], [7.8434261, 47.2199146], [7.8437629, 47.2182222], [7.8469716, 47.2171865], [7.8467449, 47.214972], [7.8479252, 47.213872], [7.8491171, 47.2097467], [7.8520086, 47.20845], [7.8520296, 47.2066396], [7.8542506, 47.2045591], [7.8537525, 47.2034413], [7.8553191, 47.2026258], [7.8560735, 47.200765], [7.859935, 47.1984641], [7.8592637, 47.1975375], [7.8602676, 47.196319], [7.8605277, 47.1938406], [7.859406, 47.1934159], [7.8595764, 47.1928674], [7.8613128, 47.1914794], [7.8634899, 47.191679], [7.8634096, 47.1903685], [7.8652888, 47.1894319], [7.8648624, 47.1885278], [7.8693118, 47.1857224], [7.8761366, 47.1829552], [7.8766801, 47.1810703], [7.8802173, 47.1779343], [7.8794807, 47.1775559], [7.8809361, 47.176144], [7.880265, 47.175241], [7.881936, 47.1745671], [7.8831775, 47.1726555], [7.8766682, 47.1668182], [7.8770802, 47.1659586], [7.8753584, 47.1614548], [7.8760874, 47.1608801], [7.8759584, 47.1577593], [7.8797342, 47.1493814], [7.8874757, 47.1437512], [7.8901749, 47.140762], [7.8894281, 47.1390495], [7.8905304, 47.1372104], [7.8892636, 47.1359527], [7.8900207, 47.1345915], [7.8886235, 47.1344781], [7.8897918, 47.1321622], [7.8864373, 47.131723], [7.8861329, 47.1285553], [7.8737793, 47.1243154], [7.8691557, 47.1221176], [7.8671835, 47.1197663], [7.867126, 47.1167882], [7.868802, 47.1169247], [7.8700506, 47.1159192], [7.8682759, 47.1119946], [7.8750606, 47.1094902], [7.8730341, 47.1045899], [7.8735473, 47.1032774], [7.8747005, 47.103535], [7.8762558, 47.1016466], [7.8738175, 47.0976056], [7.8792456, 47.0958687], [7.8795995, 47.0943882], [7.8779837, 47.0930123], [7.8797538, 47.0919571], [7.880738, 47.0886412], [7.881681, 47.0888044], [7.8804787, 47.0868074], [7.8805278, 47.0843053], [7.8790969, 47.0841678], [7.8798933, 47.0834738], [7.8784863, 47.0820018], [7.8801891, 47.0812804], [7.8796231, 47.0803056], [7.8766202, 47.0798167], [7.8789136, 47.078831], [7.8775256, 47.0754051], [7.8780063, 47.0744978], [7.8761505, 47.0735279], [7.8772159, 47.0716414], [7.873367, 47.0656513], [7.8717933, 47.0650377], [7.8712495, 47.0624425], [7.8732367, 47.0624826], [7.874067, 47.0616932], [7.8696504, 47.0586598], [7.8662695, 47.0543119], [7.8660187, 47.053455], [7.8675147, 47.0531158], [7.8682012, 47.0518027], [7.8666183, 47.0499738], [7.8697701, 47.0475315], [7.8695535, 47.0466031], [7.8711442, 47.0450721], [7.8725348, 47.0446617], [7.8749433, 47.0408639], [7.8815276, 47.0406957], [7.8838689, 47.037303], [7.8830167, 47.0353762], [7.8846677, 47.0327964], [7.8924486, 47.0300494], [7.894135, 47.0276122], [7.893397, 47.0268526], [7.8933928, 47.0244987], [7.8947658, 47.022157], [7.8968843, 47.0214095], [7.9005808, 47.0179142], [7.8968811, 47.0131851], [7.8989652, 47.0085996], [7.9018701, 47.0062755], [7.9074128, 47.0068252], [7.9131407, 47.0085657], [7.9173217, 47.0087152], [7.9232943, 47.0105019], [7.9251388, 47.0103272], [7.9280588, 47.0060238], [7.9328479, 47.0042153], [7.9395033, 47.0045679], [7.9411152, 47.0055859], [7.9493711, 47.0057402], [7.9501852, 47.0070715], [7.9561745, 47.0034449], [7.9531508, 47.0005502], [7.9521025, 46.9966691], [7.9482812, 46.9940638], [7.9483265, 46.9915843], [7.9501402, 46.9883579], [7.9495387, 46.9873832], [7.9525082, 46.9813624], [7.9440076, 46.977133], [7.9448088, 46.9736251], [7.9442429, 46.9726978], [7.9450809, 46.9694043], [7.9460496, 46.968804], [7.9455547, 46.9680195], [7.9399202, 46.9648021], [7.9363321, 46.9644363], [7.9314569, 46.9604524], [7.932555, 46.9588266], [7.9316929, 46.9560146], [7.9323683, 46.9537962], [7.9317468, 46.9505114], [7.9290472, 46.9482122], [7.9260215, 46.9482727], [7.9245846, 46.9470877], [7.92159, 46.946743], [7.9206733, 46.9453652], [7.9217036, 46.9439077], [7.9208501, 46.9418149], [7.914348, 46.9341712], [7.9125654, 46.9331542], [7.9078668, 46.9326971], [7.898426, 46.9348079], [7.8938163, 46.9325394], [7.8745688, 46.9261583], [7.8725364, 46.9242126], [7.8691072, 46.9171502], [7.8671417, 46.9147991], [7.8735552, 46.9126071], [7.8748649, 46.9112204], [7.8802499, 46.9108662], [7.8830304, 46.9066151], [7.8821179, 46.9055466], [7.8826938, 46.9037338], [7.8798244, 46.9013626], [7.8798505, 46.9003143], [7.881757, 46.8997114], [7.8785186, 46.8989378], [7.8755411, 46.8960428], [7.8729015, 46.8919315], [7.8728482, 46.8896209], [7.870658, 46.8894863], [7.8679641, 46.8871856], [7.8596624, 46.8858385], [7.856727, 46.8836551], [7.8561493, 46.8808429], [7.858017, 46.8753267], [7.8572575, 46.8714657], [7.8642084, 46.8695083], [7.8646348, 46.8663107], [7.8695529, 46.8643843], [7.8689005, 46.8610001], [7.8676788, 46.8602653], [7.8671806, 46.8587884], [7.8682882, 46.8539189], [7.8672592, 46.8512038], [7.8697039, 46.8485234], [7.8703612, 46.8438701], [7.8726091, 46.8426929], [7.8771125, 46.8370471], [7.901072, 46.8288913], [7.9224831, 46.8199579], [7.9285619, 46.8165721], [7.946644, 46.8052457], [7.9538414, 46.795777], [7.9525326, 46.7931616], [7.9542215, 46.7919864], [7.9540759, 46.7912721], [7.9681736, 46.7853694], [7.9695115, 46.7838381], [7.969428, 46.7824088], [7.973653, 46.778195], [7.9756897, 46.7772085], [7.9786035, 46.7772186], [7.9847554, 46.7750208], [7.9943353, 46.7790495], [7.9948091, 46.7812633], [7.9955769, 46.7817123], [8.0050284, 46.7832386], [8.0172613, 46.7882453], [8.0256017, 46.7897285], [8.0313305, 46.7902473], [8.0398316, 46.7874136], [8.0448223, 46.7870773], [8.0501001, 46.7882871], [8.0548901, 46.7883351], [8.0597851, 46.7863201], [8.0691181, 46.7884431], [8.0753181, 46.7860201], [8.0775521, 46.7859301], [8.0902281, 46.7878111], [8.0907201, 46.7843371], [8.0936681, 46.7825281], [8.0970451, 46.7790001], [8.0999471, 46.7780681], [8.1015921, 46.7761691], [8.1022681, 46.7738271], [8.1059051, 46.7728911], [8.1102751, 46.7737831], [8.1135801, 46.7733551], [8.1180461, 46.7709531], [8.1218861, 46.7703281], [8.1348531, 46.7628931], [8.1387081, 46.7594241], [8.1468731, 46.7547251], [8.1499621, 46.7570251], [8.1585741, 46.7592791], [8.1679961, 46.7653081], [8.1721351, 46.7640121], [8.1740491, 46.7653191], [8.1897941, 46.7702681], [8.1931601, 46.7683361], [8.1963211, 46.7678451], [8.2031881, 46.7692681], [8.2081121, 46.7693851], [8.2122211, 46.7662231], [8.2194191, 46.7634641], [8.2204621, 46.7614341], [8.2218981, 46.7610151], [8.2298161, 46.7609531], [8.2337891, 46.7617761], [8.2391171, 46.7695291], [8.2404731, 46.7694021], [8.2556361, 46.7642861], [8.2597821, 46.7636121], [8.2640651, 46.7592451], [8.2681771, 46.7564921], [8.2689851, 46.7541151], [8.2758691, 46.7548771], [8.2815411, 46.7541721], [8.2836151, 46.7530671], [8.2958821, 46.7593441], [8.2985621, 46.7622371], [8.2995921, 46.7612971], [8.3067661, 46.7640391], [8.3070371, 46.7649691], [8.3117041, 46.7681981], [8.3268621, 46.7760311], [8.3272191, 46.7770001], [8.3306651, 46.7782761], [8.3327371, 46.7802631], [8.3598291, 46.7828111], [8.3635671, 46.7845121], [8.3637481, 46.7861211], [8.3704191, 46.7881981], [8.3784338, 46.7850116], [8.3788321, 46.7835761], [8.3810381, 46.7820621], [8.3822731, 46.7800501], [8.3860061, 46.7785431], [8.3911091, 46.7777501], [8.3952491, 46.7715341], [8.3966321, 46.7654661], [8.4069481, 46.7692741], [8.4147111, 46.7741381], [8.4182671, 46.7739291], [8.4210951, 46.7725501], [8.4225931, 46.7705161], [8.4244091, 46.7701271], [8.4281751, 46.7718121], [8.4356011, 46.7726621], [8.4407701, 46.7710811], [8.4427421, 46.7697071], [8.4464141, 46.7701421], [8.4471711, 46.7685851], [8.4467871, 46.7659171], [8.4484901, 46.7652641], [8.4470956, 46.7588992], [8.4475347, 46.7578832], [8.4441855, 46.7555288], [8.4437317, 46.7540034], [8.439866, 46.7537675], [8.4391153, 46.7521098], [8.4416665, 46.7502881], [8.4437733, 46.7474583], [8.4407726, 46.7444484], [8.4404792, 46.7427417], [8.4415733, 46.741765], [8.4408758, 46.7376779], [8.4428865, 46.7349838], [8.4470678, 46.7329228], [8.4496943, 46.7299533], [8.4469564, 46.7269637], [8.4474055, 46.7142526], [8.4491322, 46.7121681], [8.4537168, 46.7108005], [8.4536631, 46.7079446], [8.4521245, 46.7043598], [8.4548704, 46.69914], [8.454845, 46.6977908], [8.4528411, 46.6937828], [8.4524926, 46.6891528], [8.4410533, 46.685633], [8.4332006, 46.6869162], [8.4282826, 46.6860594], [8.4134011, 46.6908657], [8.4082975, 46.6905944], [8.4022995, 46.6933216], [8.399805, 46.6927354], [8.3988818, 46.6904492], [8.3996244, 46.6881039], [8.3975994, 46.6845], [8.3975376, 46.6828587], [8.3989656, 46.6804627], [8.3981683, 46.674217], [8.400553, 46.6723527], [8.4027675, 46.6682856], [8.4070217, 46.6668551], [8.4084654, 46.665381], [8.4102023, 46.6529738], [8.3989207, 46.6540591], [8.3947681, 46.6458891], [8.3903871, 46.6440811], [8.3800221, 46.6340591], [8.3740571, 46.6327731], [8.3716371, 46.6338621], [8.3724561, 46.6328481], [8.3694201, 46.6286471], [8.3692691, 46.6248061], [8.3685711, 46.6238681], [8.3688791, 46.6203901], [8.3703291, 46.6199491], [8.3708651, 46.6188811], [8.3704951, 46.6141761], [8.3684561, 46.6089501], [8.3652511, 46.6054541], [8.3653331, 46.6042381], [8.3618991, 46.6016911], [8.3622621, 46.5947441], [8.3634711, 46.5925131], [8.3614961, 46.5898361], [8.3606481, 46.5861831], [8.3646398, 46.582508], [8.3602543, 46.5778206], [8.3514752, 46.5717065], [8.3517634, 46.5694551], [8.3438179, 46.5643008], [8.3364441, 46.5612001], [8.3197531, 46.5599791], [8.3167351, 46.5589541], [8.3126481, 46.5541191], [8.3127641, 46.5524521], [8.3084581, 46.5497891], [8.3070841, 46.5479391], [8.3056781, 46.5477941], [8.3044751, 46.5461171], [8.2994881, 46.5447581], [8.2943831, 46.5448711], [8.2875091, 46.5429431], [8.2837671, 46.5383801], [8.2795241, 46.5359901], [8.2733851, 46.5363421], [8.2686981, 46.5341871], [8.2629911, 46.5333561], [8.2619851, 46.5316591], [8.2580531, 46.5293251], [8.2523321, 46.5293651], [8.2421391, 46.5265521], [8.2388081, 46.5270591], [8.2344241, 46.5264701], [8.2323581, 46.5271621], [8.2281391, 46.5262821], [8.2255661, 46.5268031], [8.2185191, 46.5263301], [8.2105941, 46.5251271], [8.2051501, 46.5228041], [8.2029201, 46.5238261], [8.2001161, 46.5239031], [8.1911571, 46.5229401], [8.1848981, 46.5203521], [8.1809141, 46.5202831], [8.1789821, 46.5227161], [8.1745671, 46.5239651], [8.1739561, 46.5267561], [8.1744061, 46.5313021], [8.1693241, 46.5309111], [8.1636151, 46.5319771], [8.1602361, 46.5309361], [8.1582531, 46.5315881], [8.1503301, 46.5316631], [8.1403121, 46.5349091], [8.1264041, 46.5371071], [8.1143691, 46.5465151], [8.1049931, 46.5484611], [8.1018081, 46.5478591], [8.0973581, 46.5483071], [8.0937011, 46.5512821], [8.0851091, 46.5516331], [8.0769451, 46.5553091], [8.0706881, 46.5533081], [8.0623761, 46.5528241], [8.0613331, 46.5513461], [8.0542941, 46.5557801], [8.0433351, 46.5567351], [8.0355891, 46.5596921], [8.0327731, 46.5619881], [8.0253621, 46.5617361], [8.0150221, 46.5630611], [8.0018351, 46.5580071], [7.9955831, 46.5579971], [7.9928771, 46.5559091], [7.9925951, 46.5542561], [7.9905951, 46.5528181], [7.9884271, 46.5493971], [7.9861181, 46.5479591], [7.9843151, 46.5474541], [7.9798641, 46.5480181], [7.9698391, 46.5448131], [7.9678131, 46.5413351], [7.9629981, 46.5392771], [7.9626631, 46.5366151], [7.9632551, 46.5353321], [7.9674821, 46.5320481], [7.9666101, 46.5304941], [7.9691731, 46.5285521], [7.9687521, 46.5270751], [7.9730061, 46.5240061], [7.9704451, 46.5208611], [7.9708711, 46.5162981], [7.9677201, 46.5126881], [7.9643141, 46.5126881], [7.9571951, 46.5089241], [7.9536221, 46.5078771], [7.9514821, 46.5087311], [7.9477391, 46.5077811], [7.9420251, 46.5076661], [7.9400851, 46.5058611], [7.9346851, 46.5031841], [7.9328601, 46.4999441], [7.9327501, 46.4980821], [7.9273201, 46.4971321], [7.9233831, 46.4950241], [7.9249231, 46.4937411], [7.9235051, 46.4917841], [7.9159631, 46.4912941], [7.9117471, 46.4869001], [7.9057851, 46.4871051], [7.8974061, 46.4822921], [7.8909421, 46.4833131], [7.8869641, 46.4807611], [7.8782081, 46.4786261], [7.8700211, 46.4776731], [7.8630501, 46.4781901], [7.8503641, 46.4771671], [7.8483461, 46.4786641], [7.8447181, 46.4784961], [7.8380401, 46.4746331], [7.8294531, 46.4713741], [7.8262971, 46.4690361], [7.8262911, 46.4675831], [7.8249111, 46.4667141], [7.7987201, 46.4587781], [7.7932121, 46.4540861], [7.7864041, 46.4515391], [7.7846971, 46.4489421], [7.7803401, 46.4468941], [7.7781381, 46.4433531], [7.7719471, 46.4420791], [7.7685301, 46.4393251], [7.7657351, 46.4396821], [7.7639241, 46.4373781], [7.7562521, 46.4348031], [7.7549271, 46.4329201], [7.7441651, 46.4283451], [7.7432401, 46.4268851], [7.7408341, 46.4255741], [7.7313861, 46.4220901], [7.7217841, 46.4208141], [7.7180621, 46.4179121], [7.7155941, 46.4147081], [7.7086051, 46.4137731], [7.6981121, 46.4197441], [7.6935931, 46.4249061], [7.6902601, 46.4245981], [7.6780071, 46.4289331], [7.6371731, 46.4403951], [7.6261441, 46.4449831], [7.6246271, 46.4417531], [7.6217111, 46.4393931], [7.6181511, 46.4376731], [7.6097201, 46.4366691], [7.6087361, 46.4335751], [7.6100501, 46.4311181], [7.6095731, 46.4302681], [7.6102991, 46.4285471], [7.6081111, 46.4251251], [7.6031521, 46.4225171], [7.6000171, 46.4228661], [7.5985601, 46.4213781], [7.6004031, 46.4167581], [7.5998141, 46.4153281], [7.5972651, 46.4137641], [7.5960321, 46.4112531], [7.5864611, 46.4135941], [7.5840281, 46.4156041], [7.5835811, 46.4171501], [7.5815931, 46.4174401], [7.5810611, 46.4167261], [7.5768631, 46.4169201], [7.5719641, 46.4145251], [7.5651901, 46.4141031], [7.5627271, 46.4127311], [7.5557581, 46.4135451], [7.5502171, 46.4119631], [7.5397501, 46.4116181], [7.5370641, 46.4101311], [7.5340421, 46.4096111], [7.5335961, 46.4069261], [7.5324491, 46.4064241], [7.5292621, 46.4017131], [7.5290121, 46.3998591], [7.5408201, 46.3947781], [7.5471431, 46.3938111], [7.5553681, 46.3888471], [7.5409931, 46.3837581], [7.5388401, 46.3807681], [7.5391491, 46.3777391], [7.5375841, 46.3770071], [7.5267921, 46.3744841], [7.5125861, 46.3760901], [7.5073011, 46.3758221], [7.5057931, 46.3746071], [7.5061021, 46.3733921], [7.5023321, 46.3703461], [7.4993971, 46.3698271], [7.4946691, 46.3718921], [7.4903941, 46.3702731], [7.4869551, 46.3706791], [7.4854431, 46.3718181], [7.4858581, 46.3745941], [7.4838341, 46.3810571], [7.4817601, 46.3837581], [7.4794081, 46.3852061], [7.4733151, 46.3836261], [7.4727881, 46.3809451], [7.4709521, 46.3800171], [7.4697551, 46.3780941], [7.4636341, 46.3780731], [7.4620991, 46.3764001], [7.4586331, 46.3786371], [7.4591851, 46.3802861], [7.4583101, 46.3811561], [7.4537821, 46.3823421], [7.4507811, 46.3817301], [7.4439231, 46.3827531], [7.4404611, 46.3840781], [7.4387641, 46.3861661], [7.4334631, 46.3850041], [7.4282101, 46.3807201], [7.4173171, 46.3802551], [7.4156961, 46.3789701], [7.4112911, 46.3784121], [7.4090261, 46.3769891], [7.4045101, 46.3761981], [7.4013781, 46.3741321], [7.3996781, 46.3765491], [7.3929891, 46.3731531], [7.3885251, 46.3689701], [7.3856911, 46.3685531], [7.3819001, 46.3645671], [7.3783341, 46.3646321], [7.3742901, 46.3607041], [7.3693341, 46.3589241], [7.3680521, 46.3575631], [7.3626131, 46.3565741], [7.3607601, 46.3544261], [7.3538281, 46.3502081], [7.3488281, 46.3508411], [7.3380241, 46.3469321], [7.3319181, 46.3463731], [7.3238991, 46.3442111], [7.3156071, 46.3436981], [7.3106991, 46.3480411], [7.3079521, 46.3522021], [7.3100321, 46.3561201], [7.3083551, 46.3588051], [7.3103101, 46.3600131], [7.3127471, 46.3642851], [7.3124341, 46.3718421], [7.3104141, 46.3751301], [7.2988871, 46.3663481], [7.2949331, 46.3656951], [7.2905401, 46.3671911], [7.2628161, 46.3584121], [7.2602591, 46.3543421], [7.2616601, 46.3523871], [7.2613211, 46.3505591], [7.2626551, 46.3494201], [7.2606631, 46.3475631], [7.2608621, 46.3453891], [7.2602041, 46.3443561], [7.2613451, 46.3429061], [7.2612191, 46.3399921], [7.2626941, 46.3386991], [7.2531711, 46.3304521], [7.2519191, 46.3298241], [7.2500931, 46.3301631], [7.2462841, 46.3280841], [7.2405891, 46.3268621], [7.2334991, 46.3264461], [7.2214241, 46.3291671], [7.2224101, 46.3483391], [7.2188071, 46.3574711], [7.2239181, 46.3591571], [7.2263361, 46.3588471], [7.2276001, 46.3607361], [7.2299131, 46.3619361], [7.2281731, 46.3624701], [7.2263001, 46.3649271], [7.2190691, 46.3618781], [7.2160661, 46.3619351], [7.2109191, 46.3674591], [7.2094841, 46.3722721], [7.2073091, 46.3733811], [7.2075941, 46.3775101], [7.2084791, 46.3786011], [7.2044811, 46.3795431], [7.2019941, 46.3786541], [7.1937951, 46.3788321], [7.1950111, 46.3847711], [7.1984351, 46.3892711], [7.1983651, 46.3903181], [7.2012771, 46.3932261], [7.2036161, 46.3970421], [7.2045301, 46.4002481], [7.2078351, 46.4032571], [7.2072441, 46.4100831], [7.2097541, 46.4160961], [7.2069361, 46.4190081], [7.2064621, 46.4210041], [7.2030731, 46.4223791], [7.2002451, 46.4261081], [7.1995091, 46.4286851], [7.1931271, 46.4333421], [7.1924601, 46.4349891], [7.1957941, 46.4404131], [7.2017761, 46.4407521], [7.2038921, 46.4401861], [7.2045261, 46.4391231], [7.2132611, 46.4395231], [7.2231441, 46.4422641], [7.2251671, 46.4442811], [7.2268701, 46.4490561], [7.2259631, 46.4515361], [7.2323951, 46.4539211], [7.2264391, 46.4575281], [7.2288661, 46.4589271], [7.2298111, 46.4616181], [7.2289011, 46.4623301], [7.2308651, 46.4661381], [7.2249451, 46.4773901], [7.2241441, 46.4868801], [7.2275291, 46.4862671], [7.2274641, 46.4871351], [7.2361851, 46.4879341], [7.2357751, 46.4922751], [7.2328621, 46.4947681], [7.2390448, 46.4964796], [7.2394383, 46.4957606], [7.2452115, 46.5022475], [7.2445254, 46.5028535], [7.2448432, 46.5050355], [7.2465975, 46.5062979], [7.2461366, 46.5076915], [7.2482115, 46.5104387], [7.2485935, 46.5129581], [7.2476796, 46.5134513], [7.2474465, 46.5148902], [7.2484844, 46.5161739], [7.2491835, 46.5211901], [7.2481376, 46.5221329], [7.2467704, 46.5309914], [7.2446765, 46.5333267], [7.2459637, 46.5378942], [7.2437692, 46.5409264], [7.2422025, 46.5415534], [7.2371161, 46.5463351], [7.2370261, 46.5537291], [7.2412661, 46.5543371], [7.2497151, 46.5572301], [7.2562981, 46.5605591], [7.2635291, 46.5671441], [7.2681371, 46.5736131], [7.2803781, 46.5833381], [7.2834021, 46.5838931], [7.2975031, 46.5794571], [7.3036161, 46.5797351], [7.3080891, 46.5813381], [7.3127241, 46.5891781], [7.3207791, 46.5918211], [7.3148711, 46.6003991], [7.3161921, 46.6087131], [7.3183641, 46.6161431], [7.3179481, 46.6184611], [7.3121881, 46.6218761], [7.3133921, 46.6362681], [7.3237891, 46.6370391], [7.3272811, 46.6389121], [7.3297251, 46.6416881], [7.3276291, 46.6464961], [7.3211451, 46.6545761], [7.3456341, 46.6552461], [7.3480441, 46.6528761], [7.3512611, 46.6512651], [7.3504131, 46.6488621], [7.3512401, 46.6474721], [7.3546191, 46.6465971], [7.3560361, 46.6451521], [7.3555061, 46.6417641], [7.3572431, 46.6391611], [7.3588561, 46.6440041], [7.3620891, 46.6466881], [7.3623601, 46.6478311], [7.3661701, 46.6488741], [7.3781261, 46.6563001], [7.3693691, 46.6554671], [7.3719451, 46.6626801], [7.3714281, 46.6639161], [7.3725191, 46.6676581], [7.3712671, 46.6693951], [7.3765561, 46.6750151], [7.3730281, 46.6799191], [7.3778171, 46.6834751], [7.3760571, 46.6861711], [7.3760211, 46.6875031], [7.3781461, 46.6894201], [7.3802511, 46.6901211], [7.3790071, 46.6911981], [7.3770581, 46.6926591], [7.3739971, 46.6921091], [7.3687071, 46.6925571], [7.3649531, 46.6948811], [7.3626201, 46.6990251], [7.3602371, 46.6978981], [7.3456331, 46.6990711], [7.3464001, 46.7020661], [7.3491391, 46.7046821], [7.3504921, 46.7085871], [7.3502211, 46.7113101], [7.3490881, 46.7124081], [7.3408841, 46.7145571], [7.3367641, 46.7143091], [7.3293477, 46.7162688], [7.3154971, 46.7179011], [7.3103281, 46.7181711], [7.3080471, 46.7171461], [7.2996171, 46.7229191], [7.2959941, 46.7304361], [7.2982111, 46.7408101], [7.3016691, 46.7429821], [7.3041461, 46.7466271], [7.3046351, 46.7496661], [7.3033681, 46.7538361], [7.3035081, 46.7596571], [7.2993081, 46.7638971], [7.2978371, 46.7641431], [7.2986421, 46.7651881], [7.2964141, 46.7652981], [7.2946041, 46.7668991], [7.2933081, 46.7686871], [7.2933141, 46.7716301], [7.2906341, 46.7719911], [7.2909921, 46.7730761], [7.2951441, 46.7753161], [7.2965941, 46.7773351], [7.3008761, 46.7791971], [7.3010311, 46.7810971], [7.3043411, 46.7830051], [7.3040461, 46.7847871], [7.3022341, 46.7858671], [7.3034011, 46.7889761], [7.3018751, 46.7929971], [7.3073571, 46.7985061], [7.3106921, 46.8082001], [7.3175761, 46.8137901], [7.3202071, 46.8146041], [7.3203861, 46.8154901], [7.3192041, 46.8169081], [7.3208791, 46.8202951], [7.3200341, 46.8246111], [7.3204421, 46.8266751], [7.3290541, 46.8289051], [7.3311411, 46.8313251], [7.3292441, 46.8355441], [7.3241991, 46.8383931], [7.3236241, 46.8398831], [7.3076221, 46.8468711], [7.3077471, 46.8480101], [7.3059641, 46.8500681], [7.3021471, 46.8519451], [7.3118851, 46.8554691], [7.3122021, 46.8586951], [7.3135331, 46.8592281], [7.3128421, 46.8605271], [7.3139421, 46.8604721], [7.3147581, 46.8619201], [7.3164291, 46.8624521], [7.3178371, 46.8621151], [7.3173391, 46.8605141], [7.3207931, 46.8614411], [7.3270971, 46.8598771], [7.3272861, 46.8591221], [7.3306261, 46.8575371], [7.3276711, 46.8558341], [7.3256791, 46.8568321], [7.3228611, 46.8547221], [7.3265201, 46.8513781], [7.3311421, 46.8509451], [7.3334611, 46.8513951], [7.3329881, 46.8519191], [7.3341491, 46.8522991], [7.3355101, 46.8503981], [7.3366731, 46.8509321], [7.3367701, 46.8496371], [7.3383471, 46.8493571], [7.3473711, 46.8535751], [7.3493411, 46.8531381], [7.3547061, 46.8587321], [7.3578781, 46.8606831], [7.3592791, 46.8627441], [7.3581321, 46.8647321], [7.3581321, 46.8689701], [7.3566921, 46.8704461], [7.3538781, 46.8712441], [7.3526241, 46.8752191], [7.3534711, 46.8866471], [7.3484005, 46.889353], [7.3258181, 46.8936791], [7.3085921, 46.8914551], [7.2959071, 46.8937961], [7.2896181, 46.8937271], [7.2869461, 46.8929171], [7.2827381, 46.8898571], [7.2798561, 46.8896411], [7.2727251, 46.8925091], [7.2672451, 46.8933131], [7.2594901, 46.8979871], [7.2442901, 46.9004041], [7.2428831, 46.8981371], [7.2360221, 46.8984341], [7.2313611, 46.9008891], [7.2302481, 46.9038501], [7.2230411, 46.9025081], [7.2175381, 46.8973451], [7.2129251, 46.9013761], [7.2094651, 46.9025281], [7.2039981, 46.9019311], [7.2000691, 46.9023851], [7.1972641, 46.9011321], [7.1954551, 46.8989311], [7.1876701, 46.9003241], [7.2005521, 46.9044591], [7.2043991, 46.9062401], [7.2053455, 46.9082292], [7.2078501, 46.9090351], [7.2060241, 46.9124941], [7.2057671, 46.9147101], [7.2070401, 46.9165131], [7.2065461, 46.9194671], [7.2051071, 46.9215791], [7.2066861, 46.9218411], [7.2070681, 46.9246551], [7.2111261, 46.9251661], [7.2107991, 46.9263991], [7.2124381, 46.9283011], [7.2116096, 46.9313756], [7.2102531, 46.9311041], [7.2093221, 46.9331051], [7.2083071, 46.9329431], [7.2061771, 46.9358621], [7.2031521, 46.9373161], [7.2044041, 46.9389081], [7.2031261, 46.9393821], [7.2045111, 46.9393911], [7.2046401, 46.9403191], [7.2058601, 46.9399601], [7.2055391, 46.9410701], [7.2101471, 46.9427821], [7.2096691, 46.9446331], [7.2104531, 46.9455911], [7.2102591, 46.9474831], [7.2076971, 46.9488761], [7.2088321, 46.9540711], [7.2109021, 46.9554961], [7.2108571, 46.9567321], [7.2064641, 46.9597721], [7.1996361, 46.9591451], [7.1947805, 46.9612375], [7.1949041, 46.9629141], [7.1957573, 46.9639762], [7.1979813, 46.9643209], [7.199319, 46.9637739], [7.2067774, 46.9641064], [7.2074301, 46.9674701], [7.2141351, 46.9668981], [7.2146121, 46.9712111], [7.2172101, 46.9712881], [7.2179661, 46.9717951], [7.2170501, 46.9726591], [7.2224511, 46.9744561], [7.2215071, 46.9753001], [7.2281731, 46.9784391], [7.2323121, 46.9829151], [7.2353421, 46.9845991], [7.2346901, 46.9867991], [7.2318351, 46.9889071], [7.2284871, 46.9898891], [7.2290421, 46.9906471], [7.2254851, 46.9923821], [7.2220181, 46.9931341], [7.2263001, 46.9969751], [7.2261111, 46.9985611], [7.2257512, 46.9992195], [7.2232001, 46.9981741], [7.2214381, 47.0010271], [7.2215671, 47.0020351], [7.2176311, 47.0065751], [7.2149461, 47.0049971], [7.2124671, 47.0064291], [7.2102851, 47.0040191], [7.2049291, 47.0063001], [7.1992991, 47.0010781], [7.1963471, 47.0019471], [7.1966551, 47.0001691], [7.1559961, 46.9859241], [7.1516931, 46.9861271], [7.0931641, 46.9760211], [7.0581961, 46.9767501], [7.0403851, 46.9796091], [7.0250801, 47.0060861], [7.0313021, 47.0112751], [7.0333471, 47.0158151], [7.0336071, 47.0304041], [7.0399071, 47.0366961], [7.0508061, 47.0422911], [7.0645861, 47.0446121], [7.0724261, 47.0490971], [7.0757061, 47.0499931], [7.0877381, 47.0596821], [7.0855401, 47.0628121], [7.0819731, 47.0645071], [7.0833781, 47.0662601], [7.0809551, 47.0664221], [7.0804371, 47.0671251], [7.0805661, 47.0732971], [7.0772061, 47.0759841], [7.0870771, 47.0814141], [7.0866789, 47.0857745], [7.0756581, 47.0961771], [7.0634741, 47.0995331], [7.0572241, 47.0996121], [7.0493641, 47.1049651], [7.0406181, 47.1090151], [7.0286851, 47.1036851], [7.0235271, 47.1123511], [7.0311041, 47.1194431], [7.0399851, 47.1246961], [7.0383001, 47.1264391], [7.0310761, 47.1273201], [7.0285561, 47.1269181], [7.0256341, 47.1241401], [7.0109951, 47.1232411], [7.0076211, 47.1241971], [7.0058201, 47.1227301], [7.0016423, 47.1220503], [6.9967351, 47.1190421], [6.9747681, 47.1152091], [6.9476731, 47.1123281], [6.9400551, 47.1091201], [6.9395101, 47.1097321], [6.9364961, 47.1086491], [6.9299791, 47.1124761], [6.9266361, 47.1091721], [6.9158281, 47.1037621], [6.8953621, 47.0962891], [6.8862421, 47.0919141], [6.8670911, 47.0852231], [6.8719331, 47.1027331], [6.8811301, 47.1084131], [6.8888031, 47.1310871], [6.8819081, 47.1389281], [6.8616011, 47.1655501], [6.8632851, 47.1682781], [6.8721101, 47.1739421], [6.8766461, 47.1613661], [6.8799631, 47.1584711], [6.8795981, 47.1541901], [6.8825581, 47.1529941], [6.8837741, 47.1503101], [6.8924411, 47.1537321], [6.9061941, 47.1571101], [6.9058101, 47.1575581], [6.9082391, 47.1583131], [6.9074191, 47.1591181], [6.9084721, 47.1595661], [6.9090221, 47.1589211], [6.9139031, 47.1626421], [6.9172811, 47.1637531], [6.9166291, 47.1642711], [6.9299441, 47.1693121], [6.9382091, 47.1751081], [6.9397091, 47.1799141], [6.9410731, 47.1807291], [6.9401751, 47.1814791], [6.9412971, 47.1844501], [6.9521181, 47.1872681], [6.9531031, 47.1862461], [6.9523371, 47.1860011], [6.9527481, 47.1855531], [6.9555641, 47.1837561], [6.9535151, 47.1826421], [6.9561491, 47.1806611], [6.9618821, 47.1819551], [6.9705331, 47.1811661], [6.9769991, 47.1748411], [6.9805051, 47.1741381], [6.9866071, 47.1774171], [6.9861441, 47.1778281], [6.9902971, 47.1824631], [6.9895931, 47.1829271], [6.9944541, 47.1869181], [6.9963841, 47.1932341], [7.0091221, 47.1937981], [7.0233921, 47.1956311], [7.0301361, 47.2020431], [7.0367621, 47.2131981], [7.0443051, 47.2217091], [7.0438771, 47.2230091], [7.0469461, 47.2266251], [7.0531761, 47.2284391], [7.0587201, 47.2311361], [7.0564191, 47.2376941], [7.0576001, 47.2386111], [7.0568261, 47.2398731], [7.0573361, 47.2409471], [7.0598071, 47.2426921], [7.0691171, 47.2441191], [7.0795561, 47.2476781], [7.0797531, 47.2433641], [7.0819161, 47.2433301], [7.0852901, 47.2453191], [7.0873571, 47.2434521], [7.0872211, 47.2422731], [7.0889181, 47.2415091], [7.0856971, 47.2398471], [7.0885611, 47.2368831], [7.0963511, 47.2369181], [7.0977331, 47.2397951], [7.1032451, 47.2429821], [7.1115151, 47.2417701], [7.1194771, 47.2439461], [7.1293591, 47.2449441], [7.1397221, 47.2431711], [7.1402631, 47.2441741], [7.1468081, 47.2451951], [7.1532751, 47.2475031], [7.1557851, 47.2474711], [7.1533161, 47.2508941], [7.1493101, 47.2537421], [7.1518561, 47.2546181], [7.1515211, 47.2553951], [7.1476621, 47.2561571], [7.1427601, 47.2556411], [7.1431681, 47.2593451], [7.1462291, 47.2598091], [7.1473721, 47.2614341], [7.1489891, 47.2620301], [7.1491301, 47.2630111], [7.1472981, 47.2624861], [7.1456931, 47.2653571], [7.1488271, 47.2689791], [7.1686271, 47.2747198], [7.1678501, 47.2809921], [7.1683711, 47.2831031], [7.1691081, 47.2836191], [7.1699471, 47.2830811], [7.1702791, 47.2838841], [7.1689571, 47.2859601], [7.1653701, 47.2863631], [7.1647121, 47.2886461], [7.1691321, 47.2907941], [7.1634251, 47.2930491], [7.1638631, 47.2939251], [7.1684201, 47.2945121], [7.1758031, 47.2940531], [7.1949811, 47.2957751], [7.2057531, 47.2955291], [7.2091901, 47.2946341], [7.2062481, 47.2918451], [7.2102851, 47.2887391], [7.2153691, 47.2898211], [7.2231461, 47.2881211], [7.2322441, 47.2881151], [7.2426981, 47.2853001], [7.2543601, 47.2852111], [7.2581791, 47.2856481], [7.2582131, 47.2867361], [7.2630991, 47.2870221], [7.2790661, 47.2841381], [7.2861201, 47.2851771], [7.2862851, 47.2858831], [7.2922361, 47.2856931], [7.3016721, 47.2876101], [7.3062911, 47.2877161], [7.3169361, 47.2903351], [7.3224231, 47.2953011], [7.3318041, 47.2996521], [7.3325141, 47.3015181], [7.3374911, 47.3057451], [7.3486001, 47.3056221], [7.3651201, 47.3093691], [7.3787891, 47.3148911], [7.3804271, 47.3140891], [7.3901311, 47.3130951], [7.4064951, 47.3126091], [7.4117381, 47.3133121], [7.4130121, 47.3098551], [7.4189321, 47.3088661], [7.4216901, 47.3068381], [7.4419311, 47.3085811], [7.4596851, 47.3065611], [7.4675641, 47.3073041], [7.4762151, 47.3068681], [7.4780471, 47.3057891], [7.4777371, 47.3050421], [7.4886831, 47.3018351], [7.4941211, 47.3027021], [7.4975761, 47.3023601], [7.5007551, 47.3043271], [7.5100421, 47.3072921], [7.5221701, 47.3137461], [7.5299691, 47.3162671], [7.5504821, 47.3198121], [7.5583901, 47.3223521]], [[7.2155371, 46.9308521], [7.2186481, 46.9243701], [7.2244251, 46.9272671], [7.2250561, 46.9265381], [7.2280351, 46.9275431], [7.2305201, 46.9296061], [7.2341921, 46.9294971], [7.2347011, 46.9378391], [7.2304381, 46.9398361], [7.2281131, 46.9386851], [7.2294341, 46.9368371], [7.2179341, 46.9331651], [7.2173741, 46.9327951], [7.2183461, 46.9319911], [7.2179921, 46.9310431], [7.2167931, 46.9319221], [7.2155371, 46.9308521]], [[7.6795941, 47.1630651], [7.6752801, 47.1565421], [7.6757221, 47.1552751], [7.6743001, 47.1539601], [7.6752681, 47.1531861], [7.6801031, 47.1543241], [7.6898741, 47.1527541], [7.6935371, 47.1580391], [7.6957561, 47.1574001], [7.7005791, 47.1617681], [7.6947411, 47.1619841], [7.6918181, 47.1656851], [7.6885551, 47.1666801], [7.6815741, 47.1624061], [7.6795941, 47.1630651]]], [[[7.1038461, 46.9001841], [7.0948711, 46.8954401], [7.0907141, 46.8917711], [7.0888251, 46.8914571], [7.0878321, 46.8924221], [7.0837371, 46.8928971], [7.0827431, 46.8938041], [7.0832671, 46.8960511], [7.0875641, 46.8974341], [7.0871612, 46.8981937], [7.0879451, 46.8986391], [7.0862701, 46.9007991], [7.0899041, 46.9032521], [7.0925721, 46.9023641], [7.0945991, 46.9028601], [7.0974121, 46.8998331], [7.1032921, 46.9013571], [7.1038461, 46.9001841]]], [[[7.1132681, 46.9105251], [7.1151101, 46.9158801], [7.1257721, 46.9190191], [7.1273401, 46.9180651], [7.1301641, 46.9181231], [7.1349791, 46.9192741], [7.1361841, 46.9160411], [7.1357641, 46.9117951], [7.1386171, 46.9078801], [7.1327831, 46.9069541], [7.1328751, 46.9064141], [7.1273121, 46.9043521], [7.1233671, 46.9017811], [7.1239131, 46.9011101], [7.1231661, 46.9000831], [7.1197711, 46.9004271], [7.1177561, 46.9049631], [7.1189351, 46.9054721], [7.1173201, 46.9077561], [7.1132681, 46.9105251]]], [[[7.836909866492389, 47.22831534987942], [7.8369155, 47.2283223], [7.8369153, 47.2282985], [7.836909866492389, 47.22831534987942]]], [[[7.5487301, 47.3219821], [7.5332271, 47.3210071], [7.5279191, 47.3226201], [7.5350311, 47.3347341], [7.5499371, 47.3409771], [7.5497331, 47.3425331], [7.5522341, 47.3452801], [7.5565541, 47.3437831], [7.5565641, 47.3419731], [7.5605691, 47.3424291], [7.5721701, 47.3291111], [7.5716191, 47.3270351], [7.5690119, 47.324446], [7.5616641, 47.3214091], [7.5583901, 47.3223521], [7.5540421, 47.3231831], [7.5487301, 47.3219821]]]]}}, {"type": "Feature", "properties": {"name": "Fribourg", "parent": "che", "version": 1, "source": "gsak", "licence": "ODbL"}, "geometry": {"type": "MultiPolygon", "coordinates": [[[[6.8961931, 46.9252221], [6.9284861, 46.9526331], [6.9616261, 46.9273861], [6.9646861, 46.9243021], [6.9691971, 46.9232001], [6.9715471, 46.9211381], [6.9733551, 46.9218751], [6.9743461, 46.9209491], [6.9779591, 46.9233501], [6.9863911, 46.9196001], [6.9873261, 46.9181921], [6.9818521, 46.9134911], [6.9843421, 46.9120091], [6.9811811, 46.9095331], [6.9852271, 46.9069921], [6.992157, 46.9001975], [7.0094191, 46.8889791], [6.9998531, 46.8817781], [6.9992311, 46.8821451], [6.9938411, 46.8789611], [6.9992391, 46.8744381], [7.0064121, 46.8730351], [7.0086421, 46.8733281], [7.0097701, 46.8751891], [7.0118311, 46.8752691], [7.0118581, 46.8762961], [7.0139501, 46.8775041], [7.0154211, 46.8769071], [7.0156711, 46.8788121], [7.0181301, 46.8795493], [7.0217721, 46.8761871], [7.0250881, 46.8779551], [7.0260871, 46.8763131], [7.0306641, 46.8751641], [7.0322401, 46.8757861], [7.0345631, 46.8742251], [7.0355573, 46.8727774], [7.0298801, 46.8660731], [7.0337921, 46.8631241], [7.0397311, 46.8605081], [7.0384451, 46.8588041], [7.0334101, 46.8570341], [7.0340141, 46.8552571], [7.0297181, 46.8525991], [7.0297561, 46.8511501], [7.0290531, 46.8508391], [7.0318371, 46.8478121], [7.0330991, 46.8488001], [7.0378891, 46.8449851], [7.0472631, 46.8514801], [7.0490741, 46.8547701], [7.0531871, 46.8554941], [7.0565681, 46.8602961], [7.0615493, 46.8650954], [7.0623599, 46.8669703], [7.0664761, 46.8681491], [7.0668961, 46.8685561], [7.0662441, 46.8691551], [7.0703721, 46.8721621], [7.0710131, 46.8734981], [7.0692751, 46.8763571], [7.0646651, 46.8782421], [7.0666941, 46.8785561], [7.0660891, 46.8805861], [7.0617791, 46.8796081], [7.0620631, 46.8837691], [7.0675421, 46.8875741], [7.0691511, 46.8874231], [7.0717681, 46.8887071], [7.0728071, 46.8895411], [7.0724802, 46.8904362], [7.0797211, 46.8942231], [7.0791261, 46.8947051], [7.0772961, 46.8938881], [7.0748145, 46.8939842], [7.0743821, 46.8951781], [7.0832671, 46.8960511], [7.0827431, 46.8938041], [7.0837371, 46.8928971], [7.0878321, 46.8924221], [7.0888251, 46.8914571], [7.0907141, 46.8917711], [7.0948711, 46.8954401], [7.1038461, 46.9001841], [7.1032921, 46.9013571], [7.0974121, 46.8998331], [7.0945991, 46.9028601], [7.0925721, 46.9023641], [7.0906941, 46.9032961], [7.0931801, 46.9065301], [7.0899641, 46.9076391], [7.0868181, 46.9102021], [7.0579068, 46.9386675], [7.0614961, 46.9421341], [7.0614261, 46.9455741], [7.0604491, 46.9472191], [7.0607241, 46.9496731], [7.0587401, 46.9535231], [7.0562811, 46.9552061], [7.0597211, 46.9558091], [7.0589481, 46.9581611], [7.0576281, 46.9593111], [7.0592031, 46.9598631], [7.0578111, 46.9620561], [7.0598881, 46.9629981], [7.0582131, 46.9651901], [7.0611351, 46.9663691], [7.0605901, 46.9686071], [7.0636141, 46.9704831], [7.0603481, 46.9730911], [7.0500341, 46.9776621], [7.0640021, 46.9764821], [7.0900278, 46.9765712], [7.0931641, 46.9760211], [7.1516931, 46.9861271], [7.1559961, 46.9859241], [7.1966551, 47.0001691], [7.1963471, 47.0019471], [7.1992991, 47.0010781], [7.2049291, 47.0063001], [7.2102851, 47.0040191], [7.2124671, 47.0064291], [7.2149461, 47.0049971], [7.2176311, 47.0065751], [7.2215671, 47.0020351], [7.2214381, 47.0010271], [7.2232001, 46.9981741], [7.2257512, 46.9992195], [7.2261111, 46.9985611], [7.2263001, 46.9969751], [7.2220181, 46.9931341], [7.2254851, 46.9923821], [7.2290421, 46.9906471], [7.2284871, 46.9898891], [7.2318351, 46.9889071], [7.2346901, 46.9867991], [7.2353421, 46.9845991], [7.2323121, 46.9829151], [7.2281731, 46.9784391], [7.2215071, 46.9753001], [7.2224511, 46.9744561], [7.2170501, 46.9726591], [7.2179661, 46.9717951], [7.2172101, 46.9712881], [7.2146121, 46.9712111], [7.2141351, 46.9668981], [7.2074301, 46.9674701], [7.2067774, 46.9641064], [7.199319, 46.9637739], [7.1979813, 46.9643209], [7.1957573, 46.9639762], [7.1949041, 46.9629141], [7.1947805, 46.9612375], [7.1996361, 46.9591451], [7.2064641, 46.9597721], [7.2108571, 46.9567321], [7.2109021, 46.9554961], [7.2088321, 46.9540711], [7.2076971, 46.9488761], [7.2102591, 46.9474831], [7.2104531, 46.9455911], [7.2096691, 46.9446331], [7.2101471, 46.9427821], [7.2055391, 46.9410701], [7.2058601, 46.9399601], [7.2046401, 46.9403191], [7.2045111, 46.9393911], [7.2031261, 46.9393821], [7.2044041, 46.9389081], [7.2031521, 46.9373161], [7.2061771, 46.9358621], [7.2083071, 46.9329431], [7.2093221, 46.9331051], [7.2102531, 46.9311041], [7.2116096, 46.9313756], [7.2124381, 46.9283011], [7.2107991, 46.9263991], [7.2111261, 46.9251661], [7.2070681, 46.9246551], [7.2066861, 46.9218411], [7.2051071, 46.9215791], [7.2065461, 46.9194671], [7.2070401, 46.9165131], [7.2057671, 46.9147101], [7.2060241, 46.9124941], [7.2078501, 46.9090351], [7.2053455, 46.9082292], [7.2043991, 46.9062401], [7.2005521, 46.9044591], [7.1876701, 46.9003241], [7.1954551, 46.8989311], [7.1972641, 46.9011321], [7.2000691, 46.9023851], [7.2039981, 46.9019311], [7.2094651, 46.9025281], [7.2129251, 46.9013761], [7.2175381, 46.8973451], [7.2230411, 46.9025081], [7.2302481, 46.9038501], [7.2313611, 46.9008891], [7.2360221, 46.8984341], [7.2428831, 46.8981371], [7.2442901, 46.9004041], [7.2594901, 46.8979871], [7.2672451, 46.8933131], [7.2727251, 46.8925091], [7.2798561, 46.8896411], [7.2827381, 46.8898571], [7.2869461, 46.8929171], [7.2896181, 46.8937271], [7.2959071, 46.8937961], [7.3085921, 46.8914551], [7.3258181, 46.8936791], [7.3484005, 46.889353], [7.3534711, 46.8866471], [7.3526241, 46.8752191], [7.3538781, 46.8712441], [7.3566921, 46.8704461], [7.3581321, 46.8689701], [7.3581321, 46.8647321], [7.3592791, 46.8627441], [7.3578781, 46.8606831], [7.3547061, 46.8587321], [7.3493411, 46.8531381], [7.3473711, 46.8535751], [7.3383471, 46.8493571], [7.3367701, 46.8496371], [7.3366731, 46.8509321], [7.3355101, 46.8503981], [7.3341491, 46.8522991], [7.3329881, 46.8519191], [7.3334611, 46.8513951], [7.3311421, 46.8509451], [7.3265201, 46.8513781], [7.3228611, 46.8547221], [7.3256791, 46.8568321], [7.3276711, 46.8558341], [7.3306261, 46.8575371], [7.3272861, 46.8591221], [7.3270971, 46.8598771], [7.3207931, 46.8614411], [7.3173391, 46.8605141], [7.3178371, 46.8621151], [7.3164291, 46.8624521], [7.3147581, 46.8619201], [7.3139421, 46.8604721], [7.3128421, 46.8605271], [7.3135331, 46.8592281], [7.3122021, 46.8586951], [7.3118851, 46.8554691], [7.3021471, 46.8519451], [7.3059641, 46.8500681], [7.3077471, 46.8480101], [7.3076221, 46.8468711], [7.3236241, 46.8398831], [7.3241991, 46.8383931], [7.3292441, 46.8355441], [7.3311411, 46.8313251], [7.3290541, 46.8289051], [7.3204421, 46.8266751], [7.3200341, 46.8246111], [7.3208791, 46.8202951], [7.3192041, 46.8169081], [7.3203861, 46.8154901], [7.3202071, 46.8146041], [7.3175761, 46.8137901], [7.3106921, 46.8082001], [7.3073571, 46.7985061], [7.3018751, 46.7929971], [7.3034011, 46.7889761], [7.3022341, 46.7858671], [7.3040461, 46.7847871], [7.3043411, 46.7830051], [7.3010311, 46.7810971], [7.3008761, 46.7791971], [7.2965941, 46.7773351], [7.2951441, 46.7753161], [7.2909921, 46.7730761], [7.2906341, 46.7719911], [7.2933141, 46.7716301], [7.2933081, 46.7686871], [7.2946041, 46.7668991], [7.2964141, 46.7652981], [7.2986421, 46.7651881], [7.2978371, 46.7641431], [7.2993081, 46.7638971], [7.3035081, 46.7596571], [7.3033681, 46.7538361], [7.3046351, 46.7496661], [7.3041461, 46.7466271], [7.3016691, 46.7429821], [7.2982111, 46.7408101], [7.2959941, 46.7304361], [7.2996171, 46.7229191], [7.3080471, 46.7171461], [7.3103281, 46.7181711], [7.3154971, 46.7179011], [7.3293477, 46.7162688], [7.3367641, 46.7143091], [7.3408841, 46.7145571], [7.3490881, 46.7124081], [7.3502211, 46.7113101], [7.3504921, 46.7085871], [7.3491391, 46.7046821], [7.3464001, 46.7020661], [7.3456331, 46.6990711], [7.3602371, 46.6978981], [7.3626201, 46.6990251], [7.3649531, 46.6948811], [7.3687071, 46.6925571], [7.3739971, 46.6921091], [7.3770581, 46.6926591], [7.3790071, 46.6911981], [7.3802511, 46.6901211], [7.3781461, 46.6894201], [7.3760211, 46.6875031], [7.3760571, 46.6861711], [7.3778171, 46.6834751], [7.3730281, 46.6799191], [7.3765561, 46.6750151], [7.3712671, 46.6693951], [7.3725191, 46.6676581], [7.3714281, 46.6639161], [7.3719451, 46.6626801], [7.3693691, 46.6554671], [7.3781261, 46.6563001], [7.3661701, 46.6488741], [7.3623601, 46.6478311], [7.3620891, 46.6466881], [7.3588561, 46.6440041], [7.3572431, 46.6391611], [7.3555061, 46.6417641], [7.3560361, 46.6451521], [7.3546191, 46.6465971], [7.3512401, 46.6474721], [7.3504131, 46.6488621], [7.3512611, 46.6512651], [7.3480441, 46.6528761], [7.3456341, 46.6552461], [7.3211451, 46.6545761], [7.3276291, 46.6464961], [7.3297251, 46.6416881], [7.3272811, 46.6389121], [7.3237891, 46.6370391], [7.3133921, 46.6362681], [7.3121881, 46.6218761], [7.3179481, 46.6184611], [7.3183641, 46.6161431], [7.3161921, 46.6087131], [7.3148711, 46.6003991], [7.3207791, 46.5918211], [7.3127241, 46.5891781], [7.3080891, 46.5813381], [7.3036161, 46.5797351], [7.2986821, 46.5793661], [7.2834021, 46.5838931], [7.2803781, 46.5833381], [7.2681371, 46.5736131], [7.2635291, 46.5671441], [7.2562981, 46.5605591], [7.2497151, 46.5572301], [7.2412661, 46.5543371], [7.2361381, 46.5539861], [7.2320711, 46.5512361], [7.2256121, 46.5492651], [7.2225771, 46.5470631], [7.2217861, 46.5449511], [7.2088201, 46.5326801], [7.2009431, 46.5400371], [7.2008691, 46.5416021], [7.1921201, 46.5465191], [7.1824781, 46.5383451], [7.1772871, 46.5360151], [7.1744231, 46.5338141], [7.1671921, 46.5309901], [7.1635741, 46.5285151], [7.1584071, 46.5267071], [7.1483481, 46.5283881], [7.1446681, 46.5264921], [7.1437111, 46.5220621], [7.1405661, 46.5199771], [7.1399301, 46.5169021], [7.1376681, 46.5137591], [7.1358061, 46.5076451], [7.1309371, 46.5045271], [7.1264971, 46.5029961], [7.1229061, 46.4985921], [7.1106451, 46.4948911], [7.1087911, 46.4929311], [7.1068381, 46.4921861], [7.1053621, 46.4891281], [7.1004281, 46.4869371], [7.0979981, 46.4884671], [7.0888251, 46.4868701], [7.0870761, 46.4877291], [7.0825361, 46.4876831], [7.0777021, 46.4887361], [7.0724631, 46.4863321], [7.0658711, 46.4889771], [7.0611281, 46.4872311], [7.0591931, 46.4851941], [7.0509121, 46.4818461], [7.0466181, 46.4780581], [7.0379961, 46.4737891], [7.0285611, 46.4668011], [7.0266941, 46.4641531], [7.0226851, 46.4617731], [7.0201941, 46.4594421], [7.0212201, 46.4585931], [7.0176471, 46.4473231], [7.0172131, 46.4478351], [7.0028791, 46.4434361], [6.9929121, 46.4387651], [6.9852171, 46.4377261], [6.9837301, 46.4383241], [6.9921561, 46.4487341], [6.9895881, 46.4528931], [6.9843151, 46.4568031], [6.9827881, 46.4588011], [6.9801391, 46.4589721], [6.9789671, 46.4612871], [6.9789071, 46.4658691], [6.9781231, 46.4678241], [6.9790231, 46.4702951], [6.9778361, 46.4730041], [6.9811871, 46.4753741], [6.9757161, 46.4784451], [6.9739391, 46.4810151], [6.9727961, 46.4848131], [6.9742801, 46.4878321], [6.9731271, 46.4900381], [6.9722401, 46.4912361], [6.9688171, 46.4913021], [6.9652311, 46.4932501], [6.9629701, 46.4963031], [6.9555791, 46.4995971], [6.9540341, 46.5015481], [6.9507851, 46.5023821], [6.9482101, 46.5011041], [6.9437061, 46.5009001], [6.9416971, 46.5016841], [6.9410571, 46.5010201], [6.9365001, 46.5006221], [6.9340981, 46.5012671], [6.9308191, 46.5044891], [6.9267631, 46.5045611], [6.9251811, 46.5071921], [6.9225201, 46.5083021], [6.9216521, 46.5079081], [6.9167481, 46.5103821], [6.9156271, 46.5099671], [6.9129681, 46.5109021], [6.9126761, 46.5127491], [6.9116001, 46.5130701], [6.9103511, 46.5122511], [6.9013441, 46.5131561], [6.8998331, 46.5103301], [6.8959261, 46.5075251], [6.8951091, 46.5094801], [6.8962411, 46.5129051], [6.8977611, 46.5147411], [6.8970291, 46.5188801], [6.8977181, 46.5200221], [6.8969491, 46.5202311], [6.8816441, 46.5125391], [6.8725911, 46.5043911], [6.8663191, 46.5006401], [6.8627941, 46.4937841], [6.8573211, 46.4930081], [6.8488731, 46.4933461], [6.8478611, 46.4936211], [6.8455371, 46.4966121], [6.8419941, 46.4965291], [6.8379551, 46.4993931], [6.8324171, 46.5055611], [6.8308371, 46.5121351], [6.8244791, 46.5121091], [6.8222211, 46.5144231], [6.8181941, 46.5164341], [6.8154431, 46.5213661], [6.8110521, 46.5250251], [6.8130881, 46.5261851], [6.8130201, 46.5269421], [6.8172841, 46.5313031], [6.8184751, 46.5342641], [6.8180431, 46.5349221], [6.8189601, 46.5356281], [6.8183851, 46.5364011], [6.8214571, 46.5379181], [6.8213281, 46.5389471], [6.8250571, 46.5416551], [6.8256481, 46.5434661], [6.8279371, 46.5428801], [6.8248411, 46.5393021], [6.8253401, 46.5379461], [6.8304991, 46.5373801], [6.8408041, 46.5381581], [6.8508891, 46.5410551], [6.8521841, 46.5408141], [6.8527391, 46.5415001], [6.8550861, 46.5413911], [6.8568171, 46.5381541], [6.8565531, 46.5369221], [6.8601011, 46.5358901], [6.8585291, 46.5333211], [6.8592751, 46.5328891], [6.8587931, 46.5310571], [6.8611391, 46.5305831], [6.8623081, 46.5351371], [6.8638031, 46.5348951], [6.8646331, 46.5382081], [6.8684541, 46.5415141], [6.8691351, 46.5431281], [6.8723431, 46.5446771], [6.8725921, 46.5456051], [6.8741531, 46.5455761], [6.8755951, 46.5475601], [6.8781641, 46.5485061], [6.8795511, 46.5506691], [6.8883731, 46.5580951], [6.8918771, 46.5573411], [6.8915861, 46.5582521], [6.8940561, 46.5598091], [6.8947421, 46.5590001], [6.8968781, 46.5604551], [6.8975741, 46.5596301], [6.8990141, 46.5596251], [6.9024181, 46.5612611], [6.9012101, 46.5618261], [6.8989081, 46.5651931], [6.9000821, 46.5657451], [6.8992511, 46.5667121], [6.9016861, 46.5697041], [6.8980401, 46.5705731], [6.8921941, 46.5678671], [6.8882551, 46.5676451], [6.8865761, 46.5650661], [6.8869391, 46.5633771], [6.8845951, 46.5619211], [6.8794781, 46.5670571], [6.8745261, 46.5649411], [6.8701391, 46.5722951], [6.8679911, 46.5748571], [6.8652041, 46.5761351], [6.8657381, 46.5771461], [6.8598667, 46.5797768], [6.8527901, 46.5818971], [6.8515501, 46.5809751], [6.8484971, 46.5832501], [6.8465791, 46.5836331], [6.8429291, 46.5825481], [6.8402111, 46.5791761], [6.8368971, 46.5776561], [6.8370901, 46.5767121], [6.8347961, 46.5753141], [6.8294381, 46.5762171], [6.8282861, 46.5773051], [6.8240691, 46.5775461], [6.8208161, 46.5837681], [6.8142261, 46.5854671], [6.8142151, 46.5838441], [6.8117681, 46.5809921], [6.8133061, 46.5782681], [6.8108721, 46.5788941], [6.8079901, 46.5775441], [6.8050031, 46.5778931], [6.8043071, 46.5766871], [6.8035191, 46.5767541], [6.8027851, 46.5748911], [6.8003911, 46.5741651], [6.7949681, 46.5752181], [6.7962701, 46.5768571], [6.7961541, 46.5789421], [6.7994121, 46.5828861], [6.7995571, 46.5856701], [6.7985371, 46.5859671], [6.8013521, 46.5923741], [6.8004251, 46.5934071], [6.7985132, 46.5998581], [6.8020301, 46.6006371], [6.8039751, 46.6088191], [6.8021241, 46.6150261], [6.8030501, 46.6161201], [6.8025321, 46.6187061], [6.8037041, 46.6211181], [6.8019731, 46.6249101], [6.8023221, 46.6276431], [6.8006461, 46.6283011], [6.8004361, 46.6298461], [6.7983171, 46.6302671], [6.7969741, 46.6332131], [6.7974541, 46.6352121], [6.7982641, 46.6354151], [6.7988031, 46.6394291], [6.8017431, 46.6440701], [6.8036261, 46.6441111], [6.8037521, 46.6457011], [6.8006341, 46.6466521], [6.7987231, 46.6487411], [6.8021801, 46.6488001], [6.8071251, 46.6505461], [6.8112061, 46.6504031], [6.8115181, 46.6493031], [6.8134471, 46.6496951], [6.8149481, 46.6473131], [6.8184801, 46.6477051], [6.8174261, 46.6492021], [6.8213631, 46.6522531], [6.8267361, 46.6593131], [6.8287801, 46.6606551], [6.8314471, 46.6597971], [6.8334331, 46.6622631], [6.8362111, 46.6614651], [6.8384591, 46.6625581], [6.8418621, 46.6615541], [6.8414491, 46.6612201], [6.8421631, 46.6608031], [6.8442421, 46.6608871], [6.8421361, 46.6587301], [6.8443301, 46.6576721], [6.8453241, 46.6583431], [6.8535311, 46.6554041], [6.8594571, 46.6598361], [6.8647551, 46.6583921], [6.8680681, 46.6606801], [6.8673271, 46.6620851], [6.8684861, 46.6629131], [6.8644161, 46.6647221], [6.8718081, 46.6732821], [6.8640591, 46.6769261], [6.8629511, 46.6808731], [6.8656161, 46.6812211], [6.8659961, 46.6837921], [6.8686111, 46.6855681], [6.8731201, 46.6832651], [6.8813361, 46.6899881], [6.8838411, 46.6898521], [6.8880201, 46.6943831], [6.8897711, 46.6938731], [6.8917651, 46.6959701], [6.8915761, 46.6973591], [6.8943071, 46.7009291], [6.8923731, 46.7024431], [6.8947451, 46.7056441], [6.8965671, 46.7060811], [6.8991881, 46.7095741], [6.9046641, 46.7140721], [6.9068231, 46.7145691], [6.9115031, 46.7178261], [6.9153761, 46.7184881], [6.9165931, 46.7199651], [6.9175991, 46.7184831], [6.9227241, 46.7240371], [6.9361761, 46.7334401], [6.9367261, 46.7342951], [6.9351261, 46.7358501], [6.9395761, 46.7413781], [6.9413261, 46.7448561], [6.9397641, 46.7457541], [6.9381051, 46.7494201], [6.9353871, 46.7504261], [6.9305141, 46.7543601], [6.9201721, 46.7512051], [6.9173591, 46.7546701], [6.9149041, 46.7531811], [6.9118421, 46.7545331], [6.9104521, 46.7533801], [6.9091091, 46.7546491], [6.9106101, 46.7559381], [6.9083901, 46.7574901], [6.9144321, 46.7626867], [6.9165451, 46.7619071], [6.9175791, 46.7624181], [6.9182568, 46.7617721], [6.9171405, 46.7611351], [6.9201841, 46.7596681], [6.9223001, 46.7612711], [6.9310821, 46.7693221], [6.9348321, 46.7711091], [6.9351921, 46.7715761], [6.9339691, 46.7724791], [6.9313501, 46.7723651], [6.9331241, 46.7745271], [6.9315091, 46.7751371], [6.9371261, 46.7785651], [6.9382451, 46.7812081], [6.9394611, 46.7808671], [6.9417641, 46.7835181], [6.9455561, 46.7844341], [6.9476601, 46.7830141], [6.9501731, 46.7826811], [6.9515201, 46.7851711], [6.9571251, 46.7876121], [6.9572031, 46.7895491], [6.9585571, 46.7900641], [6.9567241, 46.7902811], [6.9569361, 46.7923921], [6.9560881, 46.7932791], [6.9630681, 46.7995821], [6.9660531, 46.8009951], [6.9655171, 46.8016511], [6.9666711, 46.8025411], [6.9634531, 46.8043511], [6.9647771, 46.8053571], [6.9589601, 46.8098101], [6.9578581, 46.8111021], [6.9593501, 46.8121471], [6.9565821, 46.8142681], [6.9604391, 46.8177511], [6.9589581, 46.8184911], [6.9588001, 46.8198741], [6.9652271, 46.8281781], [6.9681221, 46.8268021], [6.9711071, 46.8239441], [6.9731321, 46.8245631], [6.9747491, 46.8229261], [6.9848851, 46.8218631], [6.9855321, 46.8234291], [6.9895901, 46.8263721], [6.9897851, 46.8280731], [6.9922081, 46.8302221], [6.9928271, 46.8319441], [6.9923731, 46.8332381], [6.9860789, 46.8347571], [6.9870081, 46.8371551], [6.9832531, 46.8392181], [6.9872841, 46.8416601], [6.9859851, 46.8425291], [6.9872811, 46.8435941], [6.9866031, 46.8442891], [6.9918761, 46.8470431], [6.9922711, 46.8475281], [6.9913101, 46.8486871], [6.9901941, 46.8498751], [6.9884581, 46.8498821], [6.9828481, 46.8459281], [6.9823391, 46.8464301], [6.9779671, 46.8453601], [6.9764391, 46.8465251], [6.9777431, 46.8484861], [6.9732391, 46.8537111], [6.9765971, 46.8534831], [6.9782301, 46.8576061], [6.9773271, 46.8588051], [6.9784831, 46.8591351], [6.9795261, 46.8608591], [6.9800881, 46.8658541], [6.9889071, 46.8733381], [6.9803951, 46.8820011], [6.9777101, 46.8840511], [6.9765521, 46.8838161], [6.9737231, 46.8872221], [6.9705041, 46.8864231], [6.9711841, 46.8850871], [6.9661611, 46.8832401], [6.9657361, 46.8837621], [6.9629701, 46.8830031], [6.9622621, 46.8841051], [6.9605151, 46.8822821], [6.9581731, 46.8814271], [6.9597021, 46.8789311], [6.9591381, 46.8786011], [6.9611741, 46.8769381], [6.9625011, 46.8771141], [6.9645421, 46.8730511], [6.9688141, 46.8678491], [6.9653161, 46.8660831], [6.9565821, 46.8720131], [6.9540901, 46.8753211], [6.9511841, 46.8746191], [6.9507581, 46.8757611], [6.9527621, 46.8759001], [6.9516581, 46.8774281], [6.9487471, 46.8788761], [6.9458861, 46.8829201], [6.9421561, 46.8839021], [6.9418421, 46.8856451], [6.9392401, 46.8870551], [6.9396901, 46.8877921], [6.9385271, 46.8899221], [6.9362141, 46.8887561], [6.9333251, 46.8923171], [6.9250751, 46.8930801], [6.9238981, 46.8954291], [6.9288321, 46.8977521], [6.9303241, 46.8993741], [6.9260391, 46.9016151], [6.8961931, 46.9252221]], [[7.1383401, 46.9074931], [7.1357641, 46.9117951], [7.1361841, 46.9160411], [7.1349791, 46.9192741], [7.1301641, 46.9181231], [7.1273401, 46.9180651], [7.1257721, 46.9190191], [7.1151101, 46.9158801], [7.1132681, 46.9105251], [7.1173201, 46.9077561], [7.1189351, 46.9054721], [7.1177561, 46.9049631], [7.1197711, 46.9004271], [7.1231661, 46.9000831], [7.1239131, 46.9011101], [7.1233671, 46.9017811], [7.1273121, 46.9043521], [7.1328751, 46.9064141], [7.1327831, 46.9069541], [7.1383401, 46.9074931]]], [[[6.7823441, 46.7325021], [6.7769451, 46.7287641], [6.7773121, 46.7275461], [6.7763281, 46.7266171], [6.7774261, 46.7260771], [6.7706511, 46.7205791], [6.7624421, 46.7172251], [6.7606941, 46.7203341], [6.7585261, 46.7219361], [6.7602971, 46.7230591], [6.7588591, 46.7254151], [6.7517371, 46.7281711], [6.7501041, 46.7292911], [6.7487491, 46.7317451], [6.7526261, 46.7364491], [6.7592101, 46.7374241], [6.7597701, 46.7391851], [6.7686851, 46.7448841], [6.7730421, 46.7513911], [6.7760551, 46.7494021], [6.7789531, 46.7512241], [6.7863051, 46.7475741], [6.7844171, 46.7458901], [6.7849281, 46.7458431], [6.7840561, 46.7388291], [6.7845351, 46.7376101], [6.7833261, 46.7359461], [6.7844241, 46.7353861], [6.7823441, 46.7325021]]], [[[6.8521431, 46.7743311], [6.8514318, 46.7722738], [6.8544631, 46.7718281], [6.8561441, 46.7705991], [6.8568881, 46.7679701], [6.8599831, 46.7663431], [6.8597981, 46.7637091], [6.8578451, 46.7625531], [6.8589911, 46.7612251], [6.8592611, 46.7620011], [6.8624071, 46.7625061], [6.8631821, 46.7633631], [6.8654491, 46.7624481], [6.8693651, 46.7585621], [6.8761311, 46.7560621], [6.8736441, 46.7547681], [6.8754591, 46.7538701], [6.8772371, 46.7554881], [6.8777761, 46.7552011], [6.8771651, 46.7546551], [6.8821101, 46.7496541], [6.8661761, 46.7328941], [6.8656061, 46.7314791], [6.8668841, 46.7307321], [6.8655281, 46.7291961], [6.8668041, 46.7286051], [6.8660564, 46.7264573], [6.8645201, 46.7251681], [6.8628791, 46.7257761], [6.8622251, 46.7243601], [6.8575591, 46.7258971], [6.8522631, 46.7263081], [6.8472021, 46.7278811], [6.8463081, 46.7274501], [6.8380921, 46.7328321], [6.8354991, 46.7330861], [6.8327691, 46.7349061], [6.8303551, 46.7344851], [6.8282761, 46.735477], [6.8176011, 46.7331661], [6.8114421, 46.7277901], [6.8097641, 46.7271801], [6.8045291, 46.7272631], [6.8019871, 46.7261641], [6.8000071, 46.7268091], [6.7929391, 46.7255461], [6.7911961, 46.7271401], [6.7885671, 46.7279161], [6.7880101, 46.7292461], [6.7911321, 46.7309491], [6.7905081, 46.7312931], [6.7917841, 46.7323641], [6.7909631, 46.7326881], [6.7928881, 46.7336481], [6.7937271, 46.7356651], [6.7949211, 46.7349371], [6.7957711, 46.7362381], [6.7966431, 46.7362441], [6.7973241, 46.7342171], [6.7982291, 46.7339521], [6.8042041, 46.7367951], [6.8060861, 46.7352981], [6.8117341, 46.7374811], [6.8154221, 46.7373881], [6.8166141, 46.7384981], [6.8150911, 46.7404811], [6.8210241, 46.7442921], [6.8223571, 46.7471451], [6.8272601, 46.7503691], [6.8303581, 46.7538151], [6.8282111, 46.7542851], [6.8292811, 46.7560141], [6.8366121, 46.7609441], [6.8438751, 46.7645931], [6.8488731, 46.7708811], [6.8463641, 46.7710591], [6.8471761, 46.7713351], [6.8490581, 46.7752801], [6.8521431, 46.7743311]]], [[[6.8924091, 46.8863371], [6.8984121, 46.8826831], [6.8993421, 46.8832271], [6.9057041, 46.8783921], [6.9108931, 46.8804321], [6.9210171, 46.8711671], [6.9157431, 46.8694181], [6.9161951, 46.8689351], [6.9137421, 46.8681191], [6.9143081, 46.8675191], [6.9118831, 46.8667031], [6.9095351, 46.8692751], [6.9007261, 46.8663201], [6.8986081, 46.8669761], [6.8920961, 46.8647421], [6.8945661, 46.8621922], [6.8959671, 46.8625791], [6.8965351, 46.8612251], [6.9129181, 46.8656941], [6.9158131, 46.8629911], [6.9177311, 46.8630321], [6.9200781, 46.8604031], [6.9216011, 46.8607531], [6.9225351, 46.8590321], [6.9241151, 46.8594211], [6.9271991, 46.8543931], [6.9289191, 46.8548401], [6.9307271, 46.8531201], [6.9203001, 46.8478081], [6.9100141, 46.8385121], [6.9105501, 46.8382421], [6.9074581, 46.8340061], [6.9070301, 46.8285241], [6.9055561, 46.8270921], [6.9048851, 46.8249601], [6.9077721, 46.8198651], [6.9084761, 46.8200011], [6.9094941, 46.8185921], [6.9079171, 46.8176631], [6.9096631, 46.8174791], [6.9086541, 46.8160811], [6.9109441, 46.8123961], [6.9048451, 46.8054401], [6.9109071, 46.8033631], [6.9127951, 46.8034431], [6.9150401, 46.8074591], [6.9196551, 46.8103211], [6.9222781, 46.8092051], [6.9234371, 46.8071411], [6.9234341, 46.8084531], [6.9274681, 46.8088721], [6.9279471, 46.8075871], [6.9316361, 46.8053301], [6.9305671, 46.8029181], [6.9285951, 46.8024471], [6.9272401, 46.8011441], [6.9261321, 46.7984231], [6.9211961, 46.7967431], [6.9209321, 46.7946471], [6.9165171, 46.7886411], [6.9171991, 46.7846661], [6.9127631, 46.7818031], [6.9109941, 46.7796641], [6.9082831, 46.7820501], [6.9096981, 46.7835901], [6.9065461, 46.7833181], [6.9049371, 46.7815831], [6.8990211, 46.7815251], [6.8994178, 46.7798665], [6.8953121, 46.7789431], [6.8943251, 46.7770961], [6.8881971, 46.7780841], [6.8833181, 46.7765491], [6.8828831, 46.7773991], [6.8771011, 46.7759851], [6.8726951, 46.7786701], [6.8719141, 46.7781611], [6.8632441, 46.7814571], [6.8619511, 46.7830771], [6.8639891, 46.7843111], [6.8638621, 46.7852401], [6.8590871, 46.7880201], [6.8527611, 46.7853231], [6.8441291, 46.7788521], [6.8430911, 46.7786131], [6.8399861, 46.7808021], [6.8368751, 46.7763051], [6.8331571, 46.7745371], [6.8275161, 46.7767871], [6.8254651, 46.7730151], [6.8232871, 46.7753061], [6.8198471, 46.7772991], [6.8154451, 46.7778131], [6.8092361, 46.7837031], [6.8046131, 46.7856491], [6.8012621, 46.7838831], [6.7996531, 46.7841251], [6.7980981, 46.7827971], [6.7830371, 46.7927611], [6.7807061, 46.7925041], [6.7802231, 46.7913421], [6.7771451, 46.7890921], [6.7759781, 46.7897341], [6.7787601, 46.7940431], [6.7873101, 46.7996471], [6.7840641, 46.8031031], [6.7788501, 46.8005781], [6.7422471, 46.8273621], [6.8659731, 46.9094741], [6.8924091, 46.8863371]]], [[[7.2173741, 46.9327951], [7.2294341, 46.9368371], [7.2281131, 46.9386851], [7.2304381, 46.9398361], [7.2347011, 46.9378391], [7.2341921, 46.9294971], [7.2305201, 46.9296061], [7.2280351, 46.9275431], [7.2250561, 46.9265381], [7.2244251, 46.9272671], [7.2186481, 46.9243701], [7.2155691, 46.9305821], [7.2167931, 46.9319221], [7.2179921, 46.9310431], [7.2183461, 46.9319911], [7.2173741, 46.9327951]]]]}}, {"type": "Feature", "properties": {"name": "Genève", "parent": "che", "version": 1, "source": "gsak", "licence": "ODbL"}, "geometry": {"type": "MultiPolygon", "coordinates": [[[[6.3100201, 46.2439561], [6.2957941, 46.2260561], [6.2892281, 46.2230471], [6.2768171, 46.2154481], [6.2666081, 46.2136071], [6.2551456, 46.2098505], [6.2496102, 46.2062952], [6.2494771, 46.2050081], [6.2472291, 46.2053041], [6.2447771, 46.2067791], [6.2451721, 46.2048861], [6.2436781, 46.2043781], [6.2388121, 46.2052171], [6.2367341, 46.2063701], [6.2327181, 46.2059801], [6.2318041, 46.2048031], [6.2301651, 46.2044291], [6.2299451, 46.2034361], [6.2277951, 46.2033071], [6.2283261, 46.2024221], [6.2260361, 46.2022911], [6.2221181, 46.2005841], [6.2221975, 46.1986908], [6.2176203, 46.1979972], [6.2161411, 46.1950041], [6.2142491, 46.1938121], [6.2129811, 46.1941041], [6.2115381, 46.1928601], [6.212164, 46.1925201], [6.2093041, 46.1927301], [6.205257, 46.1915831], [6.2048991, 46.1896571], [6.2023061, 46.1885131], [6.2014751, 46.1865031], [6.1988051, 46.1851641], [6.198019, 46.1835231], [6.1950361, 46.1839281], [6.1915971, 46.1814301], [6.188571, 46.1813911], [6.1889091, 46.1806331], [6.1871181, 46.1802281], [6.1872961, 46.1786311], [6.1860491, 46.1782631], [6.1866251, 46.1777291], [6.1860231, 46.1773321], [6.1888041, 46.1665171], [6.1755744, 46.1582402], [6.1687491, 46.1571651], [6.1571241, 46.1526501], [6.1484744, 46.1502336], [6.1463151, 46.1471401], [6.1471691, 46.1466681], [6.144848, 46.1449671], [6.1417361, 46.1469361], [6.1414811, 46.1453431], [6.136809, 46.1428711], [6.1365691, 46.1416471], [6.127126, 46.1403451], [6.1228131, 46.1421431], [6.1171699, 46.1430828], [6.1105666, 46.1430544], [6.1094493, 46.1437089], [6.1079486, 46.143141], [6.1066312, 46.1440249], [6.0984197, 46.1436694], [6.0957611, 46.1485011], [6.091976, 46.1519501], [6.0751161, 46.1488431], [6.0721821, 46.1499921], [6.0523268, 46.1513568], [6.0484882, 46.1470584], [6.046826, 46.1427571], [6.0474487, 46.1421422], [6.0450103, 46.1400653], [6.0426131, 46.1412451], [6.0410171, 46.1397931], [6.0394091, 46.1395561], [6.0369901, 46.1377061], [6.0355091, 46.1344261], [6.034293, 46.1358711], [6.034601, 46.1366661], [6.0335191, 46.1365341], [6.0335301, 46.1379211], [6.0325321, 46.1377711], [6.0328371, 46.1386821], [6.0315771, 46.1380261], [6.031646, 46.1393371], [6.028944, 46.1393531], [6.0283811, 46.1403841], [6.0243061, 46.1403331], [6.022687, 46.1416051], [6.02117, 46.1411571], [6.015039, 46.1429881], [6.0110391, 46.1418271], [6.0087246, 46.1426945], [6.0035831, 46.1420081], [6.0000271, 46.1430221], [5.9973901, 46.1427491], [5.9957341, 46.1439951], [5.9945481, 46.1436481], [5.9940576, 46.1445748], [5.9906909, 46.1434069], [5.9887063, 46.1438088], [5.9872051, 46.1425491], [5.9853522, 46.1433832], [5.9834521, 46.1430438], [5.9823931, 46.1415481], [5.9829031, 46.1412861], [5.9821451, 46.1373241], [5.9764491, 46.1328411], [5.9732041, 46.1316531], [5.9699291, 46.1321791], [5.9650251, 46.1298481], [5.9612111, 46.1306931], [5.9576111, 46.1285181], [5.9567681, 46.1287551], [5.9558941, 46.1323241], [5.966034, 46.1374461], [5.966369, 46.1390701], [5.9641391, 46.1424271], [5.964388, 46.1449361], [5.96909, 46.1520571], [5.973988, 46.1571291], [5.9760521, 46.1611731], [5.980207, 46.1664381], [5.981988, 46.1731431], [5.9830281, 46.1737001], [5.9851091, 46.1731151], [5.9865301, 46.1706291], [5.9875951, 46.1704531], [5.9887841, 46.1715521], [5.9895181, 46.1746131], [5.9918441, 46.1767951], [5.9906281, 46.1776711], [5.994881, 46.1813291], [5.9949111, 46.1829321], [5.9923961, 46.1865031], [5.9906601, 46.1875561], [5.9836771, 46.1888551], [5.9819111, 46.1899861], [5.9829861, 46.1908061], [5.963869, 46.1968261], [5.9656181, 46.1995001], [5.9683091, 46.1998711], [5.973243, 46.2023851], [5.969252, 46.2066301], [5.9733381, 46.2136141], [5.9791601, 46.2171101], [5.984012, 46.2171291], [5.9929191, 46.2151641], [5.9938498, 46.2166227], [5.9935731, 46.2181131], [5.9902491, 46.2216371], [5.992997, 46.2228611], [5.9954891, 46.2225911], [5.9993501, 46.2213771], [6.0000271, 46.2199621], [6.001006, 46.2202241], [6.0036001, 46.2227591], [6.0071371, 46.2238111], [6.0065971, 46.2263371], [6.008198, 46.2263461], [6.0100831, 46.2275051], [6.009645, 46.2289291], [6.0129206, 46.2287581], [6.0129061, 46.2309861], [6.0153121, 46.2304001], [6.0163361, 46.2317651], [6.0255201, 46.2332071], [6.0337181, 46.2385441], [6.0461261, 46.2312691], [6.055807, 46.2416071], [6.0597301, 46.2446321], [6.063321, 46.2458121], [6.0673, 46.2418301], [6.0708891, 46.2413261], [6.0717551, 46.2421721], [6.0730651, 46.2413611], [6.0735931, 46.2423181], [6.0727321, 46.2430591], [6.0735201, 46.2437491], [6.0755091, 46.2435301], [6.0793281, 46.2454691], [6.0823771, 46.2452661], [6.0844227, 46.2472361], [6.0857549, 46.2462192], [6.0880798, 46.2469305], [6.0883861, 46.2459431], [6.090587, 46.2451851], [6.101465, 46.2376391], [6.1068761, 46.2412061], [6.1089261, 46.2399231], [6.1098251, 46.2405241], [6.124526, 46.2512611], [6.1238451, 46.2517551], [6.1243831, 46.2525511], [6.1209311, 46.2546751], [6.122727, 46.2564681], [6.1215531, 46.2577091], [6.1225741, 46.2581251], [6.1180671, 46.2634391], [6.1200391, 46.2648681], [6.115357, 46.2659371], [6.1096941, 46.2705651], [6.1134681, 46.2724571], [6.1082151, 46.2749871], [6.1033141, 46.2786971], [6.1050751, 46.2829551], [6.1046808, 46.2840367], [6.1022821, 46.285007], [6.1101551, 46.2901459], [6.1125613, 46.2929285], [6.11276, 46.2943613], [6.1164821, 46.2938791], [6.119673, 46.2945701], [6.1187191, 46.2959501], [6.1205431, 46.2966651], [6.1199541, 46.2978951], [6.122017, 46.2991141], [6.1213371, 46.3006721], [6.1201301, 46.3009681], [6.1187171, 46.3028271], [6.120258, 46.3048721], [6.1194571, 46.3056551], [6.1206641, 46.3065181], [6.1203601, 46.3075201], [6.1192361, 46.3078361], [6.1201591, 46.3088901], [6.1196711, 46.3105851], [6.1207621, 46.3127611], [6.124156, 46.3155041], [6.1243091, 46.3172261], [6.1257291, 46.3173771], [6.1268231, 46.3168121], [6.1261941, 46.3162831], [6.128916, 46.3154021], [6.1283261, 46.3144631], [6.1297141, 46.3127981], [6.1407341, 46.3054201], [6.1406207, 46.3047904], [6.1502851, 46.3010531], [6.1535161, 46.2990521], [6.1703701, 46.2947111], [6.1986961, 46.2843121], [6.2195112, 46.3119685], [6.2428921, 46.3034371], [6.2444991, 46.3039961], [6.2451091, 46.3029581], [6.2474871, 46.3027331], [6.247957, 46.3017131], [6.2489081, 46.3016461], [6.2470991, 46.3000811], [6.2492501, 46.2987891], [6.248096, 46.2979271], [6.2488921, 46.2972711], [6.2481661, 46.2964521], [6.2500671, 46.2963431], [6.2486471, 46.2940611], [6.2494061, 46.2933741], [6.2506851, 46.2936321], [6.2511861, 46.2928651], [6.2504441, 46.2918911], [6.2523301, 46.2916271], [6.2529181, 46.2902811], [6.2517961, 46.2896511], [6.2513871, 46.2879471], [6.2489041, 46.2874441], [6.2489821, 46.2864271], [6.2459411, 46.2850561], [6.2417771, 46.2848571], [6.2419661, 46.2838671], [6.2396491, 46.2817571], [6.2379161, 46.2818671], [6.2390141, 46.2793301], [6.2375311, 46.2773961], [6.2392841, 46.2747371], [6.243129, 46.2727161], [6.2500071, 46.2620571], [6.2618101, 46.2544451], [6.2602967, 46.2516633], [6.2658071, 46.2490081], [6.2667021, 46.2476291], [6.2782091, 46.2510101], [6.2791771, 46.2514251], [6.2784311, 46.2523631], [6.2851871, 46.2548841], [6.283407, 46.2559071], [6.2897431, 46.2598531], [6.2922341, 46.2634881], [6.2949491, 46.2644821], [6.2963681, 46.2633781], [6.2962361, 46.2617161], [6.2938871, 46.2592791], [6.2935851, 46.2577131], [6.2947041, 46.2562581], [6.3020221, 46.2546951], [6.3065371, 46.2563831], [6.3096691, 46.2561071], [6.3056381, 46.2513181], [6.3092091, 46.2500631], [6.3085471, 46.2470081], [6.3100201, 46.2439561]]], [[[6.1758381, 46.3511071], [6.1842901, 46.3458541], [6.1816841, 46.3437731], [6.1748241, 46.3466521], [6.1723331, 46.3444861], [6.1721911, 46.3410581], [6.1713041, 46.3407191], [6.1669181, 46.3430341], [6.1718191, 46.3496701], [6.1740181, 46.3488801], [6.1758381, 46.3511071]]], [[[6.2323171, 46.3303421], [6.2038861, 46.3395601], [6.2034831, 46.3388971], [6.193114, 46.3437411], [6.1948471, 46.3485811], [6.191128, 46.3486191], [6.1889751, 46.3498931], [6.1861611, 46.3494951], [6.1804901, 46.3526141], [6.173165, 46.3545331], [6.171181, 46.3583581], [6.1763611, 46.3599161], [6.174043, 46.3616751], [6.1744531, 46.3623341], [6.1803501, 46.3646291], [6.1874541, 46.3605861], [6.1978621, 46.3602101], [6.1984891, 46.3592891], [6.198025, 46.3584951], [6.1999931, 46.3556721], [6.2018791, 46.3547591], [6.205592, 46.3551501], [6.2120981, 46.3537461], [6.241435, 46.3436912], [6.2323171, 46.3303421]]]]}}, {"type": "Feature", "properties": {"name": "Glarus", "parent": "che", "version": 1, "source": "gsak", "licence": "ODbL"}, "geometry": {"type": "Polygon", "coordinates": [[[9.1611291, 47.0490771], [9.1513551, 47.0461871], [9.1493981, 47.0445201], [9.1381671, 47.0389981], [9.1569101, 47.0298781], [9.1579881, 47.0304641], [9.1602901, 47.0298581], [9.1658601, 47.0267481], [9.1701921, 47.0264821], [9.1753401, 47.0284661], [9.1785011, 47.0260701], [9.1809141, 47.0256591], [9.1885611, 47.0286991], [9.1954151, 47.0326971], [9.2018601, 47.0350021], [9.2050171, 47.0345501], [9.2091141, 47.0355571], [9.2151671, 47.0327311], [9.2221841, 47.0323621], [9.2281521, 47.0283581], [9.2286461, 47.0268101], [9.2301251, 47.0256881], [9.2367441, 47.0239991], [9.2366641, 47.0218591], [9.2425651, 47.0153561], [9.2422871, 47.0086321], [9.2451271, 47.0031451], [9.2497251, 46.9978571], [9.2498921, 46.9950471], [9.2475931, 46.9945481], [9.2454501, 46.9918541], [9.2457551, 46.9882341], [9.2466251, 46.9872131], [9.2434441, 46.9819171], [9.2464961, 46.9785381], [9.2467681, 46.9753291], [9.2451101, 46.9731671], [9.2451491, 46.9718501], [9.2440891, 46.9714401], [9.2426971, 46.9650841], [9.2460481, 46.9589151], [9.2446551, 46.9562281], [9.2368561, 46.9544721], [9.2371921, 46.9479661], [9.2362741, 46.9451751], [9.2392321, 46.9408721], [9.2390911, 46.9392691], [9.2501981, 46.9344091], [9.2512551, 46.9291521], [9.2526721, 46.9268681], [9.2502301, 46.9241821], [9.2515561, 46.9219361], [9.2497321, 46.9197071], [9.2488991, 46.9161461], [9.2443561, 46.9142291], [9.2401071, 46.9081541], [9.2344591, 46.9081861], [9.2337661, 46.9073371], [9.2269841, 46.9055911], [9.2244691, 46.9013831], [9.2179721, 46.8946911], [9.2152841, 46.8932571], [9.2140871, 46.8917031], [9.2129591, 46.8917211], [9.2111271, 46.8893181], [9.2064201, 46.8870391], [9.2039101, 46.8829111], [9.2029371, 46.8830411], [9.2000611, 46.8807101], [9.1918941, 46.8788631], [9.1887591, 46.8774651], [9.1882861, 46.8765411], [9.1831391, 46.8784531], [9.1779061, 46.8790901], [9.1531521, 46.8798581], [9.1566291, 46.8738991], [9.1523581, 46.8721651], [9.1502781, 46.8724971], [9.1466391, 46.8712591], [9.1445651, 46.8693461], [9.1444651, 46.8674131], [9.1419991, 46.8656201], [9.1405021, 46.8617681], [9.1291611, 46.8591811], [9.1252411, 46.8553931], [9.1194131, 46.8546041], [9.1113091, 46.8503591], [9.1048681, 46.8525161], [9.1036701, 46.8597231], [9.0950851, 46.8671661], [9.0943441, 46.8694571], [9.0948271, 46.8708841], [9.0875221, 46.8723931], [9.0848091, 46.8722291], [9.0763201, 46.8751861], [9.0645681, 46.8751781], [9.0612351, 46.8738931], [9.0546171, 46.8683991], [9.0483451, 46.8670051], [9.0452261, 46.8651571], [9.0450211, 46.8596651], [9.0441051, 46.8565201], [9.0460911, 46.8505071], [9.0456521, 46.8497951], [9.0396661, 46.8471441], [9.0368971, 46.8444051], [9.0369621, 46.8434961], [9.0337311, 46.8389641], [9.0345191, 46.8349951], [9.0296701, 46.8325861], [9.0256901, 46.8259591], [9.0213621, 46.8214411], [9.0200581, 46.8171861], [9.0090111, 46.8109761], [8.9975211, 46.8104271], [8.9902901, 46.8084871], [8.9804211, 46.8071321], [8.9774121, 46.8075271], [8.9652651, 46.8064241], [8.9575811, 46.8042581], [8.9533931, 46.8048761], [8.9508391, 46.8026041], [8.9449111, 46.8021961], [8.9405151, 46.7994011], [8.9294451, 46.7972581], [8.9280251, 46.7963361], [8.9256031, 46.7979011], [8.9184791, 46.7981151], [8.9145661, 46.7999711], [8.9135941, 46.8016821], [8.9154651, 46.8053121], [8.9141651, 46.8085221], [8.9149361, 46.8112871], [8.9069501, 46.8101331], [8.9008081, 46.8118111], [8.9000011, 46.8123791], [8.9002741, 46.8134371], [8.8985681, 46.8141681], [8.8919251, 46.8132061], [8.8889571, 46.8143151], [8.8837691, 46.8142281], [8.87707, 46.8129271], [8.8755522, 46.8162076], [8.8801417, 46.8199734], [8.8813422, 46.8293151], [8.8746094, 46.8349105], [8.8736108, 46.8404786], [8.8711945, 46.8420609], [8.8891016, 46.8484928], [8.8953897, 46.8494699], [8.9013889, 46.8554887], [8.9094423, 46.861031], [8.9138114, 46.86012], [8.9178215, 46.860473], [8.9228494, 46.8632419], [8.9336028, 46.8655085], [8.9413244, 46.870738], [8.9559859, 46.8754253], [8.9579049, 46.8794935], [8.956819, 46.8863456], [8.9573239, 46.8879584], [8.9541679, 46.8970422], [8.9527955, 46.8984099], [8.9534215, 46.9008308], [8.9516407, 46.9016866], [8.9483294, 46.9017978], [8.9457271, 46.9049586], [8.9435605, 46.9061117], [8.942482, 46.9097921], [8.9400513, 46.9120733], [8.9353445, 46.9198498], [8.9376592, 46.9204493], [8.9399075, 46.9221967], [8.9432226, 46.9221757], [8.9476125, 46.9241872], [8.9484677, 46.925413], [8.9529588, 46.9251737], [8.9543259, 46.9259204], [8.957799, 46.9256719], [8.9580144, 46.9263213], [8.9633451, 46.9267453], [8.9641851, 46.9285785], [8.9628363, 46.9308007], [8.9610888, 46.9317011], [8.9599311, 46.9314016], [8.9566709, 46.9345489], [8.9584119, 46.9345707], [8.9579223, 46.9358368], [8.9561404, 46.9366927], [8.9555531, 46.9391521], [8.9599097, 46.9468767], [8.9613259, 46.9470153], [8.9618586, 46.9530586], [8.9629559, 46.954686], [8.9673072, 46.9575295], [8.9707487, 46.9584057], [8.9716449, 46.9598782], [8.9679649, 46.9598599], [8.9651733, 46.9610442], [8.9573209, 46.9621833], [8.94885, 46.9682107], [8.9498392, 46.9695022], [8.9456659, 46.9671505], [8.9322879, 46.9823054], [8.9399331, 46.9842073], [8.9412155, 46.9854051], [8.9414118, 46.9877192], [8.9387435, 46.9875067], [8.9375665, 46.986555], [8.9362221, 46.9890242], [8.9353274, 46.988766], [8.9323355, 46.9910992], [8.9303005, 46.995939], [8.9283762, 46.9976734], [8.9224277, 47.0013042], [8.9216749, 47.0014264], [8.9208147, 47.0000431], [8.9171847, 47.0031264], [8.9165849, 47.0064179], [8.9152062, 47.0076952], [8.9116847, 47.0087751], [8.9104649, 47.0170453], [8.9001165, 47.0210687], [8.8948524, 47.0210007], [8.8929523, 47.0237013], [8.8952606, 47.0239194], [8.8955627, 47.0253551], [8.9035111, 47.0273455], [8.9032449, 47.0296431], [8.9007743, 47.0319238], [8.9014937, 47.0329717], [8.9005108, 47.0367403], [8.9021256, 47.0380468], [8.9065778, 47.0384397], [8.9091119, 47.0396668], [8.9141153, 47.03976], [8.9154607, 47.0384381], [8.9213738, 47.0381145], [8.9261131, 47.0405497], [8.9364612, 47.0435189], [8.9413894, 47.0479528], [8.9481769, 47.0494381], [8.9494912, 47.0575404], [8.9509593, 47.0605799], [8.9523273, 47.0612366], [8.9544114, 47.0651002], [8.9584093, 47.0679488], [8.9595382, 47.0706103], [8.9617344, 47.0714359], [8.9619613, 47.0747841], [8.9609542, 47.0764169], [8.9651567, 47.0783179], [8.9665149, 47.0797618], [8.9665521, 47.0810658], [8.9758337, 47.0855302], [8.9751961, 47.0862585], [8.9682078, 47.0871615], [8.9546747, 47.0906923], [8.9539196, 47.0919393], [8.9540775, 47.0940289], [8.95683, 47.0958594], [8.9594186, 47.100031], [8.9709667, 47.1041734], [8.970807, 47.1066497], [8.969312, 47.1085139], [8.9711689, 47.110086], [8.9710078, 47.1125173], [8.9733583, 47.1140603], [8.9736869, 47.1151805], [8.9726089, 47.1178039], [8.9671464, 47.1192038], [8.9653098, 47.1218147], [8.9692142, 47.1304445], [8.9681853, 47.133652], [8.9693919, 47.1343556], [8.967378, 47.1365416], [8.9721223, 47.1387726], [8.9739881, 47.1406144], [8.9745274, 47.1433287], [8.9929482, 47.1635259], [9.0056621, 47.1738701], [9.0537111, 47.1391611], [9.0684471, 47.1298001], [9.0943651, 47.1317561], [9.1012641, 47.1332341], [9.1076841, 47.1312381], [9.1158091, 47.1327741], [9.1899531, 47.1236951], [9.1886071, 47.1156441], [9.1900101, 47.1098261], [9.1883551, 47.1074731], [9.1886471, 47.1041741], [9.1867301, 47.1019701], [9.1862471, 47.0996581], [9.1897361, 47.0907171], [9.1911711, 47.0904441], [9.1891721, 47.0846181], [9.1911641, 47.0772151], [9.1909081, 47.0736311], [9.1922611, 47.0733051], [9.1922901, 47.0723941], [9.1913711, 47.0719691], [9.1905851, 47.0695401], [9.1874771, 47.0650861], [9.1856871, 47.0639801], [9.1845471, 47.0602311], [9.1825021, 47.0586021], [9.1824511, 47.0576751], [9.1805441, 47.0571541], [9.1746881, 47.0525581], [9.1715601, 47.0522701], [9.1688471, 47.0494701], [9.1611291, 47.0490771]]]}}, {"type": "Feature", "properties": {"name": "Graubünden", "parent": "che", "version": 1, "source": "gsak", "licence": "ODbL"}, "geometry": {"type": "Polygon", "coordinates": [[[10.0539314, 46.2362347], [10.0534603, 46.241311], [10.0543246, 46.2425717], [10.0568624, 46.2436942], [10.0573883, 46.2470439], [10.0612346, 46.247782], [10.0616565, 46.2486132], [10.058815, 46.2529055], [10.0587774, 46.2556662], [10.0562926, 46.2569064], [10.0578777, 46.258149], [10.0579889, 46.259145], [10.0561708, 46.2619309], [10.0565114, 46.2642223], [10.0555201, 46.2662344], [10.0486453, 46.2682636], [10.0463192, 46.2698765], [10.0439764, 46.2699323], [10.0421248, 46.2716292], [10.0312167, 46.2770287], [10.0107742, 46.2809173], [10.0090256, 46.280624], [9.9957645, 46.2849979], [9.9917532, 46.2961193], [9.9927259, 46.2973047], [9.9958982, 46.2973664], [10.0011925, 46.3021767], [10.0010926, 46.3034843], [9.9998061, 46.3046072], [9.9987363, 46.3044965], [9.9965067, 46.3075047], [9.999752, 46.3095566], [10.0004111, 46.3129311], [9.9989626, 46.3137553], [9.9950036, 46.3139669], [9.994448, 46.3149433], [9.9864537, 46.3191587], [9.9856509, 46.3203828], [9.9802792, 46.3230521], [9.9843885, 46.3286429], [9.9840105, 46.329872], [9.9858351, 46.3324738], [9.9855227, 46.3341627], [9.9874084, 46.334626], [9.9879358, 46.336193], [9.989501, 46.3365195], [9.9914159, 46.3399774], [9.9960701, 46.3422687], [9.9948346, 46.3478513], [9.9966926, 46.3508668], [9.993712, 46.3523958], [9.9850595, 46.351762], [9.9842739, 46.3535087], [9.9646172, 46.3637513], [9.9557334, 46.3735954], [9.958625, 46.3781857], [9.9527965, 46.3792643], [9.9438617, 46.3775306], [9.9324199, 46.3737837], [9.9297574, 46.3712614], [9.9311693, 46.3684271], [9.9308409, 46.3677717], [9.9254786, 46.3660295], [9.9244728, 46.3662919], [9.9242097, 46.3689242], [9.9230325, 46.3703353], [9.919974, 46.3715333], [9.9169036, 46.3704824], [9.9095239, 46.3796474], [9.9072336, 46.3810126], [9.9016041, 46.379035], [9.8991872, 46.3770468], [9.8952775, 46.3764188], [9.8861926, 46.3732036], [9.8838965, 46.3731584], [9.8803522, 46.3683855], [9.86876, 46.3626167], [9.8650642, 46.3646229], [9.8627367, 46.3635416], [9.862435, 46.3640787], [9.857447, 46.3638529], [9.8559774, 46.3628618], [9.8498439, 46.3644987], [9.8458564, 46.3618191], [9.8418958, 46.3615709], [9.8400948, 46.3624092], [9.8372847, 46.3610303], [9.8324703, 46.3613591], [9.831724, 46.3596161], [9.8277284, 46.3556031], [9.8200028, 46.3506268], [9.8176302, 46.3497325], [9.8148812, 46.3501175], [9.8093724, 46.3483739], [9.8019168, 46.3439419], [9.7927185, 46.3431262], [9.788434, 46.3408828], [9.7846569, 46.3405609], [9.777214, 46.3348718], [9.7696152, 46.3357687], [9.7650413, 46.3375948], [9.7617431, 46.3396667], [9.7573351, 46.3442689], [9.7473482, 46.3477826], [9.7434738, 46.3515228], [9.7394438, 46.3499665], [9.7364506, 46.3504521], [9.7301579, 46.3454432], [9.7264706, 46.3440933], [9.7228947, 46.3405887], [9.7253953, 46.3376428], [9.7269616, 46.3323677], [9.7231404, 46.3310644], [9.7231327, 46.3289117], [9.7186546, 46.3266847], [9.7172396, 46.3236862], [9.7183231, 46.3214299], [9.7230442, 46.3209084], [9.7259851, 46.3193805], [9.7257991, 46.3131622], [9.7243963, 46.3099078], [9.7181182, 46.3061859], [9.7141601, 46.2971213], [9.7147602, 46.2952499], [9.7138025, 46.2928276], [9.7098431, 46.2920446], [9.7017737, 46.2908218], [9.6940755, 46.2937337], [9.6884216, 46.2936447], [9.6819175, 46.2967671], [9.6809085, 46.3000785], [9.675664, 46.3029809], [9.670068, 46.2998126], [9.6696224, 46.2965116], [9.6686669, 46.2959304], [9.6655947, 46.2969172], [9.6626906, 46.2968045], [9.6552341, 46.2931422], [9.6515067, 46.2927357], [9.6498329, 46.2917151], [9.6496092, 46.2897662], [9.6452788, 46.2887213], [9.6422749, 46.2870198], [9.639238, 46.2861541], [9.6333568, 46.2862411], [9.6241581, 46.2884536], [9.618691, 46.2874013], [9.6180241, 46.2885224], [9.6112839, 46.2929227], [9.6103275, 46.294629], [9.6067114, 46.2942421], [9.5991884, 46.2957717], [9.5927877, 46.2936107], [9.5899962, 46.2951839], [9.5864953, 46.2953404], [9.5832042, 46.2944313], [9.5819684, 46.2953398], [9.5789653, 46.2952005], [9.5731704, 46.2990917], [9.5703683, 46.2992566], [9.5667505, 46.3014403], [9.5630354, 46.3021931], [9.5611201, 46.3035597], [9.5601241, 46.3061619], [9.5551838, 46.3060774], [9.5522272, 46.3034862], [9.5496006, 46.302324], [9.5392842, 46.3080879], [9.5316031, 46.3140958], [9.5257339, 46.3197172], [9.5241848, 46.3221507], [9.5182885, 46.3272534], [9.5171022, 46.3326066], [9.5137799, 46.3324501], [9.5137285, 46.3354094], [9.5114457, 46.3367032], [9.510728, 46.3391072], [9.5111578, 46.3401025], [9.5089914, 46.3449524], [9.50946, 46.3461076], [9.508161, 46.3479604], [9.5085057, 46.351298], [9.5049588, 46.3524079], [9.5004905, 46.356125], [9.499439, 46.357924], [9.4999254, 46.359742], [9.4960195, 46.3645966], [9.4874207, 46.366305], [9.4878254, 46.3670567], [9.4854516, 46.366632], [9.4826839, 46.3673316], [9.4792845, 46.3711009], [9.4707156, 46.3721573], [9.4650287, 46.373783], [9.4610523, 46.3763886], [9.4632515, 46.3801128], [9.4613499, 46.3831769], [9.4645247, 46.383343], [9.4659102, 46.3849222], [9.4657449, 46.3861401], [9.4689706, 46.3887225], [9.4664371, 46.3919552], [9.4668032, 46.3981482], [9.4654862, 46.3994375], [9.4629519, 46.4077316], [9.4613359, 46.4094156], [9.4613326, 46.4124219], [9.4559676, 46.4162551], [9.4544306, 46.421098], [9.4561004, 46.4288281], [9.4581009, 46.4334169], [9.4575149, 46.437349], [9.4594931, 46.4402969], [9.45933, 46.4411441], [9.460931, 46.4424824], [9.4594575, 46.4462751], [9.4601687, 46.4511415], [9.4587293, 46.4558638], [9.4598344, 46.4613969], [9.4591513, 46.463257], [9.4642884, 46.4663535], [9.4655555, 46.469477], [9.4643828, 46.4712382], [9.4637268, 46.4786364], [9.4628447, 46.4804258], [9.4495675, 46.4799644], [9.4490892, 46.4841493], [9.4608282, 46.4847434], [9.4627164, 46.4979586], [9.4610944, 46.5054028], [9.4643788, 46.5079972], [9.4634434, 46.5088347], [9.4581881, 46.5081365], [9.4550075, 46.5059891], [9.4550332, 46.5052931], [9.434215, 46.4979651], [9.4340921, 46.496918], [9.4318254, 46.4955826], [9.4296846, 46.4925161], [9.4247774, 46.4886827], [9.4245464, 46.4875749], [9.4263285, 46.4857309], [9.4240897, 46.481716], [9.4249993, 46.4775037], [9.4240984, 46.4760633], [9.4178473, 46.4722185], [9.4137234, 46.4680144], [9.409219, 46.4667937], [9.4040085, 46.4689027], [9.3986756, 46.4699827], [9.397753, 46.4694942], [9.395714, 46.4716031], [9.3898111, 46.4731279], [9.3902086, 46.4747711], [9.3884156, 46.4755377], [9.3880698, 46.4789312], [9.3853712, 46.4805375], [9.385066, 46.4824012], [9.3762636, 46.4848647], [9.3751239, 46.4875841], [9.3734662, 46.4893619], [9.3711957, 46.4896029], [9.3683769, 46.4941712], [9.3694945, 46.4973303], [9.3729809, 46.4989874], [9.3733677, 46.5038716], [9.3679826, 46.505407], [9.3648403, 46.5088062], [9.3627302, 46.5092303], [9.3585191, 46.5071785], [9.3578226, 46.505715], [9.3550152, 46.5041848], [9.3505038, 46.5053204], [9.3391141, 46.503746], [9.3373395, 46.5058541], [9.3108347, 46.5040406], [9.3044743, 46.5007239], [9.3014064, 46.5006484], [9.2902787, 46.4971828], [9.2831489, 46.4969387], [9.2788667, 46.4917315], [9.2793844, 46.4896517], [9.2780208, 46.488145], [9.2787871, 46.4874672], [9.2741559, 46.4836433], [9.2747595, 46.4815391], [9.2773121, 46.4793489], [9.2760454, 46.4750674], [9.2764025, 46.4728181], [9.2739018, 46.4699129], [9.2733966, 46.4660937], [9.2746021, 46.4629632], [9.2780517, 46.4613465], [9.2750344, 46.4595836], [9.2749662, 46.457995], [9.272079, 46.4550237], [9.2661369, 46.4514164], [9.2617571, 46.4500062], [9.2510953, 46.4490698], [9.249747, 46.4471642], [9.2465708, 46.4468159], [9.2484461, 46.4395469], [9.2482387, 46.4332686], [9.2492392, 46.4317232], [9.2541511, 46.4280767], [9.2613032, 46.424615], [9.2635947, 46.4206366], [9.2680566, 46.4195218], [9.2699713, 46.4181708], [9.2725994, 46.4187581], [9.2750504, 46.4182247], [9.2764369, 46.4174666], [9.2773857, 46.4149365], [9.2807037, 46.4134115], [9.2811949, 46.4122044], [9.2806374, 46.4110174], [9.2816425, 46.4104831], [9.2812661, 46.4083988], [9.2825012, 46.4050921], [9.2788116, 46.403445], [9.2818436, 46.4014977], [9.2805042, 46.3989611], [9.2758001, 46.3948835], [9.2788963, 46.3887916], [9.2842621, 46.3863055], [9.2844538, 46.3854631], [9.2839432, 46.3838324], [9.2808571, 46.3813499], [9.2802468, 46.3796164], [9.2782018, 46.3792924], [9.2785157, 46.3774431], [9.2775201, 46.3746908], [9.2751519, 46.3736092], [9.277132, 46.371683], [9.2770604, 46.368538], [9.2760502, 46.3677284], [9.2787801, 46.366542], [9.2826465, 46.3580496], [9.2961834, 46.3556259], [9.2977898, 46.3518172], [9.2961218, 46.3491887], [9.2978515, 46.3478377], [9.2998904, 46.3436332], [9.2988036, 46.3417792], [9.2925838, 46.3379252], [9.2924293, 46.334322], [9.2965085, 46.3284845], [9.3000791, 46.3266395], [9.295553, 46.3231282], [9.2949068, 46.3175962], [9.2925424, 46.3161022], [9.2851481, 46.3144804], [9.2813935, 46.3091997], [9.2834349, 46.3063363], [9.284985, 46.299937], [9.2848052, 46.2969938], [9.2808404, 46.2953897], [9.2717865, 46.2893179], [9.2720575, 46.2884437], [9.2681907, 46.2822654], [9.2590269, 46.2784825], [9.2591008, 46.2727956], [9.2571043, 46.2694652], [9.2504653, 46.2665136], [9.2518054, 46.2654923], [9.2529898, 46.2620383], [9.2488071, 46.2558028], [9.2512081, 46.2507713], [9.248159, 46.2473797], [9.249587, 46.2450456], [9.2489187, 46.2430294], [9.2496005, 46.2394885], [9.2484672, 46.2337891], [9.2455901, 46.2320118], [9.2349418, 46.2333313], [9.2242895, 46.2295503], [9.2211341, 46.2291548], [9.2207162, 46.2279797], [9.2227839, 46.2238327], [9.2200075, 46.2207572], [9.2184422, 46.2166198], [9.2187253, 46.2142454], [9.2143342, 46.2107871], [9.2082137, 46.210074], [9.2073446, 46.2109458], [9.2022825, 46.2082542], [9.1996566, 46.2013602], [9.1976152, 46.1990003], [9.1975677, 46.1957942], [9.1962373, 46.193991], [9.1947425, 46.1935467], [9.1950422, 46.1894322], [9.1978431, 46.1868643], [9.1947932, 46.1840583], [9.1952951, 46.1823087], [9.1945975, 46.1793463], [9.1870948, 46.1743254], [9.1839315, 46.1705209], [9.180842, 46.1691902], [9.1769105, 46.1708381], [9.1725826, 46.1709145], [9.1696096, 46.1719529], [9.1672864, 46.1710819], [9.1606998, 46.1715068], [9.1597623, 46.169342], [9.1536711, 46.1699781], [9.1419361, 46.1776481], [9.1354731, 46.1803031], [9.1320021, 46.1836221], [9.1310321, 46.1880931], [9.1254481, 46.1944681], [9.1227941, 46.1954611], [9.1191241, 46.2000981], [9.1106141, 46.2050951], [9.0889091, 46.2122201], [9.0868291, 46.2141751], [9.0837091, 46.2201821], [9.0834521, 46.2243041], [9.0795531, 46.2333791], [9.0762301, 46.2330261], [9.0744471, 46.2315351], [9.0709531, 46.2354991], [9.0761691, 46.2378661], [9.0777251, 46.2602011], [9.0715241, 46.2685261], [9.0635201, 46.2729101], [9.0621111, 46.2776831], [9.0578891, 46.2816591], [9.0538871, 46.2917601], [9.0540211, 46.2944961], [9.0556331, 46.2959321], [9.0604691, 46.2972521], [9.0678481, 46.3069461], [9.0720861, 46.3085361], [9.0746871, 46.3129771], [9.0749751, 46.3145671], [9.0729531, 46.3181131], [9.0675391, 46.3234291], [9.0641321, 46.3251911], [9.0643281, 46.3278191], [9.0695191, 46.3324811], [9.0672361, 46.3344561], [9.0662921, 46.3363891], [9.0697121, 46.3411131], [9.0693711, 46.3435591], [9.0721751, 46.3438401], [9.0760781, 46.3466211], [9.0800701, 46.3473221], [9.0820271, 46.3489851], [9.0879031, 46.3492291], [9.0889991, 46.3534531], [9.0924751, 46.3570191], [9.0944491, 46.3640071], [9.0934161, 46.3648361], [9.0925831, 46.3682471], [9.0931811, 46.3710161], [9.0955591, 46.3734841], [9.0931611, 46.3769231], [9.0930891, 46.3797051], [9.0914161, 46.3830941], [9.0902511, 46.3833461], [9.0899121, 46.3865191], [9.0873631, 46.3888431], [9.0909911, 46.3951161], [9.0960381, 46.3987001], [9.0963521, 46.3996991], [9.0919801, 46.4027131], [9.0901041, 46.4051041], [9.0920301, 46.4074291], [9.0943861, 46.4075811], [9.1018151, 46.4104291], [9.1033011, 46.4129551], [9.1012051, 46.4170531], [9.0967141, 46.4215411], [9.0958561, 46.4242641], [9.0928371, 46.4276051], [9.0927101, 46.4288071], [9.0891351, 46.4322741], [9.0884921, 46.4363881], [9.0894621, 46.4369141], [9.0874071, 46.4439181], [9.0922811, 46.4488681], [9.0916331, 46.4495761], [9.0918751, 46.4528801], [9.0942031, 46.4572751], [9.0949921, 46.4608481], [9.0896111, 46.4675351], [9.0852781, 46.4707621], [9.0857051, 46.4752881], [9.0823491, 46.4771591], [9.0775931, 46.4781841], [9.0736881, 46.4803921], [9.0595131, 46.4763281], [9.0535041, 46.4768161], [9.0512501, 46.4791251], [9.0460641, 46.4808371], [9.0453501, 46.4813101], [9.0478781, 46.4833021], [9.0463331, 46.4867791], [9.0447241, 46.4882111], [9.0400851, 46.4895501], [9.0390001, 46.4916111], [9.0400441, 46.4936631], [9.0371211, 46.4979341], [9.0339691, 46.5011841], [9.0285981, 46.5034031], [9.0283261, 46.5045671], [9.0247101, 46.5073611], [9.0229361, 46.5098591], [9.0220131, 46.5145111], [9.0225881, 46.5149671], [9.0221431, 46.5178341], [9.0231581, 46.5189421], [9.0203951, 46.5239691], [9.0208531, 46.5270381], [9.0201611, 46.5282471], [9.0167591, 46.5298421], [9.0167121, 46.5320091], [9.0216811, 46.5339331], [9.0213721, 46.5348471], [9.0229221, 46.5378051], [9.0211751, 46.5394161], [9.0214161, 46.5417741], [9.0192591, 46.5474381], [9.0227401, 46.5520361], [9.0233621, 46.5540031], [9.0246241, 46.5548961], [9.0243021, 46.5572051], [9.0232931, 46.5581871], [9.0268011, 46.5616771], [9.0266441, 46.5657541], [9.0285181, 46.5678931], [9.0299761, 46.5714441], [9.0336661, 46.5744321], [9.0353041, 46.5748581], [9.0353781, 46.5780201], [9.0375531, 46.5821621], [9.0416521, 46.5834301], [9.0438661, 46.5833101], [9.0421461, 46.5852961], [9.0434741, 46.5868831], [9.0430621, 46.5884111], [9.0416331, 46.5897001], [9.0347661, 46.5924741], [9.0339571, 46.5950291], [9.0340721, 46.5999301], [9.0272941, 46.5993461], [9.0252091, 46.6014141], [9.0226361, 46.6018271], [9.0210081, 46.6030221], [9.0161831, 46.6031501], [9.0116351, 46.6079271], [9.0074641, 46.6096511], [9.0064521, 46.6107811], [8.9957491, 46.6116871], [8.9838081, 46.6087061], [8.9722951, 46.6023051], [8.9664891, 46.6036791], [8.9623351, 46.6024121], [8.9598001, 46.6107571], [8.9630651, 46.6180671], [8.9575391, 46.6301271], [8.9528451, 46.6324181], [8.9509391, 46.6300241], [8.9514721, 46.6274881], [8.9504081, 46.6238491], [8.9415011, 46.6184031], [8.9333021, 46.6208071], [8.9264371, 46.6213621], [8.9245941, 46.6230621], [8.9229071, 46.6229441], [8.9185711, 46.6197471], [8.9123751, 46.6187511], [8.9105331, 46.6166281], [8.9071771, 46.6154181], [8.9057301, 46.6108581], [8.9073071, 46.6059781], [8.9129631, 46.6002061], [8.9151881, 46.5992951], [8.9171501, 46.5966111], [8.9153321, 46.5956471], [8.9160471, 46.5924181], [8.9111371, 46.5885931], [8.9036581, 46.5840241], [8.8939351, 46.5820261], [8.8887891, 46.5788991], [8.8792501, 46.5775541], [8.8770841, 46.5746661], [8.8629111, 46.5730241], [8.8618631, 46.5712611], [8.8581071, 46.5700481], [8.8553331, 46.5701741], [8.8437051, 46.5635271], [8.8332651, 46.5634551], [8.8310311, 46.5644341], [8.8296761, 46.5676561], [8.8295991, 46.5714001], [8.8007021, 46.5632101], [8.7626641, 46.5743971], [8.7593211, 46.5733451], [8.7552741, 46.5740591], [8.7507661, 46.5761881], [8.7439651, 46.5721931], [8.7389701, 46.5721671], [8.7279141, 46.5767641], [8.7197111, 46.5718241], [8.7155381, 46.5711501], [8.7092931, 46.5734191], [8.7053771, 46.5738221], [8.7046621, 46.5771331], [8.7031041, 46.5785451], [8.6988961, 46.5795311], [8.6984911, 46.5810041], [8.6925001, 46.5796221], [8.6903891, 46.5803471], [8.6848301, 46.5802911], [8.6812621, 46.5782371], [8.6787231, 46.5791351], [8.6819409, 46.5885691], [8.6806219, 46.5950612], [8.676763, 46.5989493], [8.6779804, 46.6036594], [8.6796064, 46.6048337], [8.6785257, 46.608939], [8.6777198, 46.6093751], [8.6787867, 46.6160436], [8.6765904, 46.6199136], [8.6677825, 46.6201665], [8.6638382, 46.6218509], [8.6638683, 46.6231776], [8.6581183, 46.6258709], [8.6578854, 46.6285724], [8.6564429, 46.6297574], [8.6565763, 46.6313304], [8.6512826, 46.6340409], [8.6521936, 46.6382596], [8.6555264, 46.6397985], [8.6573962, 46.6416228], [8.6566659, 46.6439922], [8.6577341, 46.6450154], [8.6584822, 46.6477739], [8.6562439, 46.6484501], [8.6549702, 46.6499032], [8.661347, 46.6560201], [8.6662139, 46.6560127], [8.6723096, 46.659748], [8.675321, 46.6628642], [8.6785549, 46.6642685], [8.6771717, 46.6680621], [8.6736154, 46.6711371], [8.6741675, 46.6781261], [8.6727345, 46.6812005], [8.6750206, 46.6839871], [8.6737091, 46.6895118], [8.6745021, 46.692742], [8.6786402, 46.6950137], [8.6863377, 46.6942775], [8.6891256, 46.6960912], [8.6923967, 46.7018132], [8.6985497, 46.7034997], [8.7030745, 46.7026624], [8.7088705, 46.6988868], [8.7099181, 46.7003371], [8.7126045, 46.700577], [8.7172999, 46.7028186], [8.7179339, 46.7061178], [8.7276763, 46.7074475], [8.7351008, 46.7129863], [8.74291, 46.7154388], [8.7434238, 46.7164001], [8.7473928, 46.7182439], [8.7490244, 46.7207893], [8.7490206, 46.7219814], [8.7443819, 46.7289621], [8.7454387, 46.7320764], [8.7472679, 46.733315], [8.7476255, 46.7359199], [8.753208, 46.7381274], [8.7563816, 46.7408123], [8.7654431, 46.7447558], [8.7691338, 46.7444879], [8.7696276, 46.740636], [8.7728129, 46.7397891], [8.7735749, 46.737531], [8.77569, 46.7357518], [8.7769617, 46.7329479], [8.7800947, 46.7313367], [8.7819164, 46.7283013], [8.7946307, 46.7318171], [8.7994971, 46.7315117], [8.80461, 46.734487], [8.8084816, 46.7349354], [8.8130893, 46.7373091], [8.8105355, 46.7449422], [8.8112332, 46.7466433], [8.8140124, 46.7491289], [8.8140497, 46.7544366], [8.8161132, 46.7570658], [8.8187772, 46.7588555], [8.8182694, 46.762033], [8.8226961, 46.7636213], [8.8229172, 46.7645858], [8.8253096, 46.7659738], [8.8316522, 46.7644121], [8.8346904, 46.7667141], [8.8304153, 46.7710174], [8.8300353, 46.775318], [8.828041, 46.7792335], [8.8290265, 46.781898], [8.8286046, 46.7845797], [8.8264259, 46.7877102], [8.8281758, 46.7920748], [8.830444, 46.7924071], [8.8345133, 46.7952589], [8.8386678, 46.7950731], [8.8413483, 46.7936232], [8.8481563, 46.7934719], [8.8470628, 46.7954872], [8.8472876, 46.7978236], [8.852611, 46.7997371], [8.8576494, 46.8032509], [8.8580445, 46.804573], [8.85978, 46.8057885], [8.8694289, 46.8064778], [8.8742741, 46.8088237], [8.87707, 46.8129271], [8.8837691, 46.8142281], [8.8889571, 46.8143151], [8.8919251, 46.8132061], [8.8985681, 46.8141681], [8.9002741, 46.8134371], [8.9000011, 46.8123791], [8.9008081, 46.8118111], [8.9069501, 46.8101331], [8.9149361, 46.8112871], [8.9141651, 46.8085221], [8.9154651, 46.8053121], [8.9135941, 46.8016821], [8.9145661, 46.7999711], [8.9184791, 46.7981151], [8.9256031, 46.7979011], [8.9280251, 46.7963361], [8.9294451, 46.7972581], [8.9405151, 46.7994011], [8.9449111, 46.8021961], [8.9508391, 46.8026041], [8.9533931, 46.8048761], [8.9575811, 46.8042581], [8.9652651, 46.8064241], [8.9774121, 46.8075271], [8.9804211, 46.8071321], [8.9902901, 46.8084871], [8.9975211, 46.8104271], [9.0090111, 46.8109761], [9.0200581, 46.8171861], [9.0213621, 46.8214411], [9.0256901, 46.8259591], [9.0296701, 46.8325861], [9.0345191, 46.8349951], [9.0337311, 46.8389641], [9.0369621, 46.8434961], [9.0368971, 46.8444051], [9.0396661, 46.8471441], [9.0456521, 46.8497951], [9.0460911, 46.8505071], [9.0441051, 46.8565201], [9.0450211, 46.8596651], [9.0452261, 46.8651571], [9.0483451, 46.8670051], [9.0546171, 46.8683991], [9.0612351, 46.8738931], [9.0645681, 46.8751781], [9.0768271, 46.8751231], [9.0848091, 46.8722291], [9.0875221, 46.8723931], [9.0948271, 46.8708841], [9.0943441, 46.8694571], [9.0950851, 46.8671661], [9.1036701, 46.8597231], [9.1048681, 46.8525161], [9.1096251, 46.8507631], [9.1124991, 46.8506171], [9.1140581, 46.8522251], [9.1172341, 46.8530031], [9.1194131, 46.8546041], [9.1252411, 46.8553931], [9.1291611, 46.8591811], [9.1405021, 46.8617681], [9.1419991, 46.8656201], [9.1444651, 46.8674131], [9.1445651, 46.8693461], [9.1466391, 46.8712591], [9.1502781, 46.8724971], [9.1523581, 46.8721651], [9.1566291, 46.8738991], [9.1531521, 46.8798581], [9.1779061, 46.8790901], [9.1831391, 46.8784531], [9.1882861, 46.8765411], [9.1887591, 46.8774651], [9.1918941, 46.8788631], [9.2000611, 46.8807101], [9.2029371, 46.8830411], [9.2039101, 46.8829111], [9.2064201, 46.8870391], [9.2111271, 46.8893181], [9.2129591, 46.8917211], [9.2140871, 46.8917031], [9.2152841, 46.8932571], [9.2179721, 46.8946911], [9.2244691, 46.9013831], [9.2269841, 46.9055911], [9.2337661, 46.9073371], [9.2344591, 46.9081861], [9.2401071, 46.9081541], [9.2443561, 46.9142291], [9.2488991, 46.9161461], [9.2545941, 46.9129261], [9.2574711, 46.9082731], [9.2672801, 46.9031171], [9.2756161, 46.9070551], [9.2803191, 46.9072131], [9.2869131, 46.9050991], [9.2902571, 46.9069781], [9.2928601, 46.9070911], [9.3007701, 46.9055221], [9.3099091, 46.9057581], [9.3176081, 46.9011721], [9.3209841, 46.9006501], [9.3249461, 46.9003741], [9.3290811, 46.9015701], [9.3384901, 46.9018641], [9.3431661, 46.8981961], [9.3476461, 46.8995041], [9.3631981, 46.8970601], [9.3845541, 46.8970691], [9.3996969, 46.8919097], [9.4096401, 46.8919381], [9.4239331, 46.8881111], [9.4283881, 46.8853761], [9.4331541, 46.8845821], [9.4380391, 46.8794861], [9.4405591, 46.8788221], [9.4489941, 46.8728091], [9.4525811, 46.8744491], [9.4555741, 46.8794701], [9.4570161, 46.8801341], [9.4554431, 46.8822111], [9.4554521, 46.8836771], [9.4542751, 46.8844921], [9.4543101, 46.8859191], [9.4584041, 46.8865091], [9.4669651, 46.8859461], [9.4689181, 46.8891661], [9.4691831, 46.8912641], [9.4698081, 46.8913481], [9.4673471, 46.8975361], [9.4677431, 46.89999], [9.4709331, 46.9012271], [9.4724671, 46.9038981], [9.4755131, 46.9062681], [9.4826131, 46.9082651], [9.4881201, 46.9121251], [9.4786061, 46.9155451], [9.4779221, 46.9203681], [9.4803551, 46.9256781], [9.4856711, 46.9301961], [9.4867571, 46.9330611], [9.4865681, 46.9353511], [9.4937661, 46.9376461], [9.4930221, 46.9391231], [9.4942651, 46.9402671], [9.4961181, 46.9403711], [9.4957781, 46.9416641], [9.4988261, 46.9454391], [9.4987551, 46.9469861], [9.5003041, 46.9495811], [9.5032301, 46.9495051], [9.5044281, 46.9532201], [9.5058191, 46.9541421], [9.5183631, 46.9556911], [9.5184841, 46.9622671], [9.5176341, 46.9635531], [9.5185091, 46.9649251], [9.5174851, 46.9681981], [9.5189841, 46.9704481], [9.5223091, 46.9723021], [9.5258181, 46.9723641], [9.5300961, 46.9741721], [9.5408861, 46.9742581], [9.5455471, 46.9765771], [9.5221211, 46.9972501], [9.5111561, 47.0084401], [9.5074091, 47.0169931], [9.4785481, 47.0473931], [9.4758831, 47.0516681], [9.4772511, 47.0519191], [9.4765681, 47.0535991], [9.4795461, 47.0559621], [9.4800371, 47.0553331], [9.4823321, 47.0559591], [9.4819901, 47.0525071], [9.4843261, 47.0492101], [9.4859151, 47.0491471], [9.4926361, 47.0563471], [9.4972821, 47.0541411], [9.4994931, 47.0539521], [9.5001061, 47.0569731], [9.5027481, 47.0560781], [9.5118101, 47.0567181], [9.5141531, 47.0572681], [9.5165261, 47.0601191], [9.5326611, 47.0630071], [9.5396101, 47.0650391], [9.5487851, 47.0609591], [9.5519651, 47.0584851], [9.5532251, 47.0568361], [9.5534491, 47.0530581], [9.5545731, 47.0502131], [9.5570261, 47.0484941], [9.5588821, 47.0483431], [9.5658851, 47.0510661], [9.5732571, 47.0526231], [9.5765341, 47.0531861], [9.5819801, 47.0526361], [9.5881261, 47.0548411], [9.5912251, 47.0568071], [9.5995901, 47.0588381], [9.6030901, 47.0615511], [9.6070051, 47.0606921], [9.6180811, 47.0534071], [9.6247401, 47.0524231], [9.6265461, 47.0512641], [9.6331111, 47.0512401], [9.6365501, 47.0516311], [9.6413691, 47.0539481], [9.6416591, 47.0558501], [9.6435481, 47.0588941], [9.6450851, 47.0596911], [9.6580921, 47.0581091], [9.6651831, 47.0598331], [9.6723271, 47.0595971], [9.6798411, 47.0621521], [9.6818311, 47.0620181], [9.6826321, 47.0602461], [9.6820621, 47.0588731], [9.6882351, 47.0552361], [9.6922321, 47.0546401], [9.6978811, 47.0522991], [9.7016511, 47.0521421], [9.7075201, 47.0538451], [9.7084961, 47.0516731], [9.7056911, 47.0502561], [9.7060861, 47.0491801], [9.7086881, 47.0471691], [9.7168571, 47.0446871], [9.7178551, 47.0433311], [9.7251011, 47.0439461], [9.7384891, 47.0418331], [9.7418071, 47.0425891], [9.7419061, 47.0414081], [9.7449301, 47.0411881], [9.7452671, 47.0390781], [9.7474121, 47.0369821], [9.7625731, 47.0373691], [9.7673711, 47.0387411], [9.7844581, 47.0386351], [9.7870431, 47.0356301], [9.7893701, 47.0349861], [9.7919461, 47.0316911], [9.8013071, 47.0290411], [9.8014841, 47.0276961], [9.8078761, 47.0236311], [9.8120831, 47.0215861], [9.8155711, 47.0224881], [9.8194851, 47.0214261], [9.8285341, 47.0166861], [9.8304291, 47.0143701], [9.8332001, 47.0144091], [9.8360841, 47.0126711], [9.8382611, 47.0124271], [9.8388881, 47.0139431], [9.8408881, 47.0150431], [9.8468901, 47.0163501], [9.8504531, 47.0161271], [9.8551341, 47.0178841], [9.8569791, 47.0191311], [9.8594321, 47.0231631], [9.8667341, 47.0213721], [9.8767321, 47.0208191], [9.8795751, 47.0195881], [9.8793721, 47.0179951], [9.8804171, 47.0172581], [9.8777871, 47.0164911], [9.8750441, 47.0140491], [9.8705661, 47.0129061], [9.8719171, 47.0106781], [9.8705241, 47.0093711], [9.8720791, 47.0087911], [9.8731041, 47.0063311], [9.8745611, 47.0055441], [9.8882361, 47.0007141], [9.8891251, 46.9991271], [9.8894131, 46.9940481], [9.8920811, 46.9903371], [9.8910931, 46.9882471], [9.8847031, 46.9853321], [9.8830441, 46.9830311], [9.8843631, 46.9806231], [9.8800721, 46.9773681], [9.8792951, 46.9754501], [9.8757741, 46.9737461], [9.8747771, 46.9719501], [9.8761361, 46.9698251], [9.8756251, 46.9675921], [9.8711031, 46.9631731], [9.8732241, 46.9604881], [9.8768661, 46.9588101], [9.8789611, 46.9567061], [9.8774951, 46.9545751], [9.8771251, 46.9517971], [9.8748041, 46.9503351], [9.8767231, 46.9475781], [9.8767771, 46.9406981], [9.8805231, 46.9399471], [9.8766261, 46.9366781], [9.8761811, 46.9346381], [9.8806071, 46.9350311], [9.8847901, 46.9329161], [9.8956601, 46.9312541], [9.8984931, 46.9303321], [9.9005741, 46.9269151], [9.9073061, 46.9249691], [9.9121561, 46.9259321], [9.9161441, 46.9233581], [9.9164081, 46.9219201], [9.9218271, 46.9186531], [9.9375731, 46.9131191], [9.9441191, 46.9130351], [9.9457281, 46.9122311], [9.9499541, 46.9141951], [9.9588961, 46.9159171], [9.9635841, 46.9127461], [9.9664961, 46.9122871], [9.9716891, 46.9133181], [9.9736041, 46.9153591], [9.9776991, 46.9159151], [9.9790821, 46.9142951], [9.9806941, 46.9138301], [9.9807851, 46.9123581], [9.9818761, 46.9116351], [9.9814851, 46.9082521], [9.9824491, 46.9062171], [9.9877031, 46.9057391], [9.9880181, 46.9039821], [9.9903611, 46.9023781], [9.9963331, 46.9021521], [10.0007731, 46.8998891], [10.0048791, 46.8988861], [10.0104291, 46.9003621], [10.0151411, 46.9002341], [10.0179901, 46.9019271], [10.0198511, 46.8988701], [10.0223691, 46.8983481], [10.0229371, 46.8969341], [10.0267151, 46.8955711], [10.0288431, 46.8916201], [10.0324481, 46.8878661], [10.0385961, 46.8864881], [10.0408511, 46.8840411], [10.0424341, 46.8805291], [10.0454021, 46.8799971], [10.0523781, 46.8758971], [10.0520451, 46.8725071], [10.0508341, 46.8707971], [10.0510891, 46.8640771], [10.0545751, 46.8619511], [10.0572101, 46.8619871], [10.0596251, 46.8609181], [10.0733451, 46.8617741], [10.0827441, 46.8605761], [10.0879831, 46.8613021], [10.0883961, 46.8602021], [10.0929621, 46.8574661], [10.0918031, 46.8546311], [10.0921451, 46.8513851], [10.0999331, 46.8465701], [10.1053681, 46.8406821], [10.1190111, 46.8439901], [10.1203111, 46.8463361], [10.1199121, 46.8471991], [10.1226271, 46.8472571], [10.1227901, 46.8480861], [10.1399591, 46.8473131], [10.1445491, 46.8493911], [10.1451411, 46.8507691], [10.1479811, 46.8512401], [10.1553371, 46.8500411], [10.1572701, 46.8474671], [10.1628201, 46.8509111], [10.1697161, 46.8507241], [10.1722681, 46.8536351], [10.1775891, 46.8537931], [10.1817581, 46.8554181], [10.1828241, 46.8562011], [10.1835531, 46.8588551], [10.1907301, 46.8624881], [10.1939361, 46.8663461], [10.1990561, 46.8665751], [10.2040631, 46.8646271], [10.2139316, 46.8658257], [10.2187061, 46.8672781], [10.2226961, 46.8664141], [10.2323591, 46.8662821], [10.2308971, 46.8695081], [10.2329701, 46.8723341], [10.2322101, 46.8757001], [10.2345081, 46.8799341], [10.2346831, 46.8850051], [10.2310191, 46.8890171], [10.2280301, 46.8899131], [10.2266043, 46.8931954], [10.2268485, 46.8953722], [10.2259231, 46.8963821], [10.2301781, 46.8981301], [10.2327581, 46.9006451], [10.2364341, 46.9124461], [10.2360201, 46.9133461], [10.2372841, 46.9156721], [10.2402481, 46.9168051], [10.2420681, 46.9195361], [10.2407791, 46.9243841], [10.2415271, 46.9294031], [10.2408841, 46.9316821], [10.2666341, 46.9289901], [10.2906031, 46.9233281], [10.2967821, 46.9199621], [10.3013071, 46.9247581], [10.3098761, 46.9258131], [10.3158111, 46.9251471], [10.3170211, 46.9270271], [10.3171831, 46.9310841], [10.3101071, 46.9355441], [10.3093241, 46.9372311], [10.3073021, 46.9381181], [10.3062031, 46.9398461], [10.3061981, 46.9412611], [10.3080371, 46.9435741], [10.3082081, 46.9477091], [10.3098721, 46.9503411], [10.3217401, 46.9515621], [10.3252261, 46.9523691], [10.3276991, 46.9539731], [10.3294721, 46.9579911], [10.3295831, 46.9639621], [10.3313831, 46.9669851], [10.3340871, 46.9692101], [10.3346121, 46.9723961], [10.3407421, 46.9781081], [10.3396301, 46.9809911], [10.3416891, 46.9821771], [10.3439601, 46.9821151], [10.3448651, 46.9830021], [10.3462701, 46.9856621], [10.3467221, 46.9895131], [10.3547541, 46.9921671], [10.3720951, 46.9906241], [10.3732901, 46.9920861], [10.3777721, 46.9943141], [10.3830791, 46.9989271], [10.3851211, 46.9997851], [10.3894231, 47.0003851], [10.3984071, 46.9969721], [10.4023521, 46.9906291], [10.4065831, 46.9886291], [10.4124241, 46.9826441], [10.4205871, 46.9798581], [10.4270631, 46.9750421], [10.4270291, 46.9711821], [10.4258081, 46.9683631], [10.4233581, 46.9659091], [10.4222011, 46.9611461], [10.4236951, 46.9589611], [10.4295341, 46.9564101], [10.4377571, 46.9557841], [10.4409201, 46.9538761], [10.4420661, 46.9542161], [10.4492341, 46.9523321], [10.4552181, 46.9529211], [10.4571231, 46.9509461], [10.4623331, 46.9486201], [10.4684781, 46.9472471], [10.4765021, 46.9410491], [10.4831701, 46.9391891], [10.4879261, 46.9387651], [10.4894191, 46.9378261], [10.4876871, 46.9361671], [10.4872911, 46.9340881], [10.4854081, 46.9314901], [10.4854711, 46.9302141], [10.4880031, 46.9284421], [10.4886521, 46.9262271], [10.4867781, 46.9226061], [10.4869091, 46.9207171], [10.4855951, 46.9190211], [10.4864811, 46.9154911], [10.4829321, 46.9120161], [10.4786441, 46.9104961], [10.4790341, 46.9077121], [10.4779821, 46.9037061], [10.4754541, 46.9007311], [10.4752101, 46.8946131], [10.4725741, 46.8924781], [10.4720191, 46.8906601], [10.4694951, 46.8892031], [10.4647201, 46.8841891], [10.4678491, 46.8825971], [10.4693471, 46.8805201], [10.4713101, 46.8727301], [10.4705941, 46.8678301], [10.4678851, 46.8609971], [10.4718001, 46.8489194], [10.4688102, 46.8478272], [10.4647673, 46.8423692], [10.4642582, 46.8405105], [10.4664996, 46.8392289], [10.4664508, 46.8365175], [10.4644, 46.8353022], [10.4601156, 46.8350308], [10.4597067, 46.8325586], [10.4573221, 46.830392], [10.4577122, 46.827858], [10.4589214, 46.8272832], [10.4595132, 46.825091], [10.4604575, 46.8245732], [10.4559128, 46.8220393], [10.4559634, 46.8180508], [10.4578234, 46.8162534], [10.4529165, 46.8079796], [10.4472348, 46.8008882], [10.4389843, 46.7976881], [10.4295353, 46.7969008], [10.4289698, 46.7949802], [10.4278276, 46.7938849], [10.426861, 46.7941802], [10.4278805, 46.7912954], [10.4266318, 46.7894602], [10.4228586, 46.7881861], [10.4235667, 46.7869203], [10.4289504, 46.7853592], [10.4313383, 46.7826964], [10.434148, 46.7811844], [10.4336919, 46.7800053], [10.4344642, 46.7786676], [10.4392817, 46.7752814], [10.4417319, 46.7718734], [10.4409764, 46.769788], [10.4419421, 46.7685165], [10.441776, 46.7669732], [10.4441113, 46.7636467], [10.4440231, 46.7572368], [10.4410913, 46.7513356], [10.4369579, 46.7524489], [10.4346199, 46.7522206], [10.4182046, 46.7434636], [10.411889, 46.7390281], [10.399427, 46.7333577], [10.4001687, 46.7321186], [10.4079892, 46.7292253], [10.4093025, 46.7275902], [10.4092855, 46.7247015], [10.4134049, 46.7225341], [10.4148771, 46.7206033], [10.4186681, 46.7191367], [10.4175226, 46.7148171], [10.4162826, 46.7138705], [10.416737, 46.7115119], [10.414404, 46.7082429], [10.4119611, 46.7076896], [10.4105488, 46.7058307], [10.4043514, 46.7047913], [10.4034, 46.7055378], [10.3967321, 46.6961015], [10.3961018, 46.6932094], [10.3925408, 46.6888511], [10.3886879, 46.6883658], [10.3868809, 46.6870173], [10.3834679, 46.6873981], [10.3817675, 46.6844039], [10.3846984, 46.682711], [10.3877733, 46.6781077], [10.3896399, 46.6766545], [10.3901888, 46.6734322], [10.3922886, 46.6713583], [10.3910702, 46.667282], [10.3936014, 46.6593778], [10.3917489, 46.6539016], [10.3960119, 46.652608], [10.3964029, 46.6498432], [10.4003471, 46.6457756], [10.4017643, 46.640777], [10.400016, 46.6384222], [10.402294, 46.6368313], [10.4092911, 46.6348272], [10.4203989, 46.6381566], [10.4433427, 46.6393519], [10.4460284, 46.6412699], [10.4622328, 46.6331819], [10.4845852, 46.6173532], [10.4887382, 46.6152099], [10.4921699, 46.6156451], [10.4923698, 46.6128265], [10.4912061, 46.6109173], [10.48695, 46.6072423], [10.4847831, 46.6036299], [10.4871226, 46.5976267], [10.4866007, 46.5961562], [10.4845422, 46.5946886], [10.4838641, 46.592058], [10.4851575, 46.5901519], [10.4874438, 46.589023], [10.4858587, 46.5842056], [10.4833835, 46.5814439], [10.4844513, 46.5779832], [10.4772737, 46.5708166], [10.477607, 46.5687225], [10.4766467, 46.5654543], [10.4737297, 46.5595089], [10.4773963, 46.5569882], [10.4727607, 46.5519238], [10.4734806, 46.550008], [10.471977, 46.5481206], [10.4724832, 46.543549], [10.4704977, 46.5421729], [10.4659472, 46.5412932], [10.4590444, 46.5413374], [10.4592883, 46.5381125], [10.4585141, 46.5365127], [10.4560254, 46.535161], [10.4526448, 46.5305675], [10.4487631, 46.5331208], [10.4368372, 46.5375368], [10.4338054, 46.5412511], [10.4186235, 46.5512405], [10.4088706, 46.5492745], [10.4073504, 46.5478899], [10.3970076, 46.5439693], [10.388657, 46.5470667], [10.3842472, 46.5500812], [10.3797453, 46.5496748], [10.3762378, 46.5519747], [10.3706072, 46.5537663], [10.3638509, 46.5554275], [10.3519096, 46.5557216], [10.3498546, 46.552729], [10.3492826, 46.5491714], [10.3448604, 46.5466114], [10.3420239, 46.5438369], [10.3388266, 46.5429043], [10.3354048, 46.544395], [10.3300973, 46.5496787], [10.3256194, 46.5515971], [10.3189689, 46.5484486], [10.315703, 46.5485729], [10.3122768, 46.5469091], [10.3079653, 46.5494203], [10.3021506, 46.5491362], [10.2963755, 46.5500338], [10.2943308, 46.5522228], [10.2966028, 46.5555125], [10.296095, 46.5587977], [10.2895903, 46.5647171], [10.2893407, 46.5681155], [10.2874932, 46.5703967], [10.2768098, 46.5724895], [10.2727229, 46.5742938], [10.2720183, 46.5758092], [10.2691456, 46.5777635], [10.2667218, 46.576865], [10.2636197, 46.5770337], [10.2539634, 46.5713802], [10.2467836, 46.5745731], [10.2442864, 46.5780392], [10.2445552, 46.5801875], [10.2438755, 46.5839487], [10.2427835, 46.5854218], [10.2422438, 46.5914952], [10.2402842, 46.5923394], [10.2430848, 46.5935297], [10.2457309, 46.5958575], [10.248976, 46.6012113], [10.2586948, 46.6107873], [10.2517037, 46.6163502], [10.2425937, 46.6255181], [10.2400007, 46.6314398], [10.2403399, 46.6353217], [10.2361448, 46.6345631], [10.223941, 46.6288108], [10.2200049, 46.6240947], [10.2199113, 46.6219396], [10.2187283, 46.6201909], [10.2153191, 46.6169552], [10.2063694, 46.6207513], [10.1935564, 46.62311], [10.1927747, 46.6244341], [10.1935228, 46.6256537], [10.1925776, 46.6257919], [10.1851145, 46.6245607], [10.1628423, 46.6158793], [10.1523018, 46.6145929], [10.1433058, 46.6107219], [10.1374507, 46.6107041], [10.1361691, 46.6076709], [10.1344944, 46.6078112], [10.1318183, 46.6061659], [10.1278186, 46.6052212], [10.1188644, 46.6060217], [10.1094338, 46.6085122], [10.1067318, 46.6105649], [10.1018956, 46.6110003], [10.1011884, 46.6075825], [10.0988069, 46.6057148], [10.1006585, 46.6003152], [10.0976391, 46.5976127], [10.0970802, 46.59319], [10.1010964, 46.5892282], [10.1004639, 46.5872255], [10.1009497, 46.5854118], [10.1019308, 46.5848149], [10.1008399, 46.582798], [10.0981539, 46.5812988], [10.0957383, 46.5774142], [10.0787368, 46.575177], [10.0795442, 46.5718301], [10.0835913, 46.5692937], [10.0853495, 46.5671088], [10.0821839, 46.5634428], [10.0807791, 46.5631651], [10.0781954, 46.560842], [10.0722067, 46.5592934], [10.0692767, 46.5547306], [10.069468, 46.5523161], [10.068784, 46.5511501], [10.0637138, 46.5487851], [10.061704, 46.5457996], [10.0571737, 46.5447024], [10.0520066, 46.5449929], [10.0474987, 46.544049], [10.0440285, 46.5404233], [10.0439896, 46.5378263], [10.0457817, 46.5354939], [10.0533888, 46.5315961], [10.0530595, 46.5305992], [10.0503594, 46.5289494], [10.0534375, 46.5239528], [10.0537593, 46.5188636], [10.0516258, 46.5133994], [10.0467102, 46.5107336], [10.0426211, 46.510344], [10.0436908, 46.5045294], [10.0454213, 46.5020022], [10.0487374, 46.4993827], [10.0455661, 46.496071], [10.0448052, 46.4936265], [10.0449144, 46.4901789], [10.0482605, 46.4879027], [10.0473507, 46.4875908], [10.0471367, 46.4858316], [10.0434985, 46.4827786], [10.0427564, 46.4789439], [10.0443908, 46.4767042], [10.0512557, 46.472319], [10.0513732, 46.4678771], [10.0541027, 46.4644852], [10.0522471, 46.4602671], [10.0466005, 46.4555896], [10.0435495, 46.4549102], [10.0433825, 46.4533612], [10.0419977, 46.4520255], [10.042017, 46.448356], [10.0391149, 46.4466244], [10.0429454, 46.4418498], [10.0489673, 46.4416262], [10.0536757, 46.4397142], [10.0557522, 46.4408694], [10.0569715, 46.4402353], [10.057815, 46.4383274], [10.0569739, 46.4358204], [10.058455, 46.4327469], [10.0579217, 46.4315416], [10.0612743, 46.4273757], [10.0644464, 46.4259108], [10.0735681, 46.4283201], [10.0757456, 46.4277471], [10.0771037, 46.4282366], [10.0800598, 46.4256015], [10.079395, 46.4233211], [10.0800937, 46.4210411], [10.086854, 46.4212855], [10.0932674, 46.4225702], [10.0969646, 46.4213415], [10.1003281, 46.4212632], [10.1016864, 46.4241609], [10.106397, 46.4262908], [10.1079265, 46.4275595], [10.107579, 46.4283945], [10.1127174, 46.4263154], [10.1170322, 46.4259256], [10.1180524, 46.4263126], [10.1194604, 46.4291424], [10.1275988, 46.4305458], [10.1320998, 46.4326423], [10.1309086, 46.4314398], [10.1332496, 46.4292746], [10.1435806, 46.4281244], [10.1422873, 46.4274004], [10.1441477, 46.4249959], [10.1471001, 46.4230807], [10.1484268, 46.4162054], [10.147932, 46.4145078], [10.149218, 46.4128424], [10.1571309, 46.4158307], [10.1610102, 46.4152798], [10.1656962, 46.4074046], [10.1619409, 46.4035251], [10.1618385, 46.4003142], [10.1632321, 46.3962727], [10.1628245, 46.3939047], [10.1638413, 46.3913596], [10.1621975, 46.3880313], [10.1605297, 46.3875941], [10.1582607, 46.3854677], [10.1563338, 46.3852226], [10.1501022, 46.385693], [10.1471523, 46.3869856], [10.1422942, 46.3860627], [10.1285503, 46.378261], [10.1273738, 46.3769557], [10.1282352, 46.3732812], [10.1259518, 46.3710406], [10.129376, 46.3627377], [10.1293267, 46.3610782], [10.1189092, 46.3568172], [10.114473, 46.3530798], [10.114505, 46.3521586], [10.1103212, 46.3529216], [10.1084701, 46.3520809], [10.1079074, 46.3507196], [10.1091219, 46.3484415], [10.1086719, 46.3443878], [10.1059877, 46.3421577], [10.106753, 46.3409375], [10.1055449, 46.339222], [10.1053403, 46.3346086], [10.1044753, 46.3332762], [10.1098849, 46.3276946], [10.1116438, 46.3223818], [10.1139801, 46.321166], [10.1141311, 46.3188261], [10.1164664, 46.3140276], [10.1272559, 46.3106583], [10.1290517, 46.3085174], [10.1388526, 46.3046287], [10.138405, 46.3013151], [10.1392382, 46.2995362], [10.1463405, 46.2952441], [10.1524032, 46.2942127], [10.1540672, 46.2927303], [10.1566056, 46.2893385], [10.1543417, 46.2860602], [10.1624067, 46.2823634], [10.1613664, 46.2772094], [10.1619689, 46.2753411], [10.1633383, 46.2745369], [10.1634179, 46.2717811], [10.1663811, 46.2708222], [10.1723177, 46.2662562], [10.1764298, 46.2578693], [10.1748224, 46.2545882], [10.1506069, 46.2395466], [10.1459112, 46.2306867], [10.1320671, 46.2249271], [10.1286469, 46.225613], [10.1233322, 46.2238041], [10.1188921, 46.2253652], [10.1091202, 46.2257371], [10.1034449, 46.2285522], [10.0991044, 46.2276732], [10.0950059, 46.2286183], [10.0836258, 46.2264668], [10.0801026, 46.2247332], [10.0709489, 46.2172869], [10.0668916, 46.2179762], [10.0661812, 46.2196182], [10.0630234, 46.2202044], [10.0586352, 46.224923], [10.0555905, 46.2253621], [10.0516667, 46.2273825], [10.0493483, 46.2275532], [10.0487807, 46.2284869], [10.0439596, 46.2297702], [10.0447493, 46.2312871], [10.04962, 46.2329912], [10.0527853, 46.2350852], [10.0539314, 46.2362347]]]}}, {"type": "Feature", "properties": {"name": "Jura", "parent": "che", "version": 1, "source": "gsak", "licence": "ODbL"}, "geometry": {"type": "Polygon", "coordinates": [[[7.0348481, 47.3632561], [7.0339031, 47.3696161], [7.0291151, 47.3690741], [7.0199771, 47.3702971], [7.0182261, 47.3712821], [7.0181741, 47.3726061], [7.0153721, 47.3728401], [7.0128961, 47.3713351], [7.0119881, 47.3728341], [7.0074701, 47.3681441], [6.9954331, 47.3632291], [6.9842721, 47.3636391], [6.9746541, 47.3600491], [6.9706421, 47.3609841], [6.9705541, 47.3603671], [6.9658321, 47.3592071], [6.9641961, 47.3602331], [6.9610201, 47.3592241], [6.9562681, 47.3590071], [6.9525531, 47.3589861], [6.9521491, 47.3599221], [6.9464251, 47.3591831], [6.9429471, 47.3575891], [6.9355741, 47.3574041], [6.9336161, 47.3584431], [6.9242851, 47.3551481], [6.9189851, 47.3553751], [6.9154651, 47.3575501], [6.9038491, 47.3596011], [6.9020391, 47.3593381], [6.8997151, 47.3576351], [6.8956991, 47.3586431], [6.8949661, 47.3565301], [6.8838451, 47.3524461], [6.8792901, 47.3528913], [6.8791991, 47.3538971], [6.8793761, 47.3574341], [6.8802771, 47.3592961], [6.8825961, 47.3611251], [6.8849831, 47.3673971], [6.8836811, 47.3728341], [6.8888771, 47.3766661], [6.8958591, 47.3798561], [6.8951958, 47.3816797], [6.9051621, 47.3824461], [6.9052681, 47.3833001], [6.9112381, 47.3855851], [6.9134831, 47.3880861], [6.9138181, 47.3893061], [6.9111821, 47.3914061], [6.9116151, 47.3937171], [6.9094127, 47.3960464], [6.9154831, 47.3973501], [6.9155351, 47.3990381], [6.9176331, 47.4028081], [6.9167171, 47.4038101], [6.9133501, 47.4045391], [6.9197321, 47.4065411], [6.9206911, 47.4050321], [6.9241721, 47.4057381], [6.9385291, 47.4060301], [6.9416191, 47.4156231], [6.9403561, 47.4332881], [6.9550141, 47.4352361], [6.9575501, 47.4337681], [6.9637741, 47.4357871], [6.9662931, 47.4375621], [6.9703431, 47.4470001], [6.9729441, 47.4469931], [6.9809391, 47.4492011], [6.9860511, 47.4478381], [6.9902171, 47.4479661], [6.9957861, 47.4496221], [7.0021251, 47.4541491], [7.0012831, 47.4559331], [6.9974361, 47.4564691], [6.9980571, 47.4600271], [7.0012641, 47.4618571], [6.9996951, 47.4649391], [7.0005461, 47.4672051], [6.9916171, 47.4662981], [6.9907331, 47.4674841], [6.9929491, 47.4711081], [6.9882921, 47.4729781], [6.9883101, 47.4740211], [6.9864491, 47.4762581], [6.9885871, 47.4810091], [6.9886361, 47.4868091], [6.9857401, 47.4915341], [6.9864401, 47.4920411], [6.9825941, 47.4935411], [6.9829921, 47.4943721], [6.9860791, 47.4932091], [6.9903901, 47.4957001], [7.0037961, 47.5006311], [7.0202341, 47.5043811], [7.0249571, 47.5042801], [7.0277581, 47.5012501], [7.0291731, 47.5014501], [7.0340681, 47.4992101], [7.0366741, 47.4990631], [7.0369641, 47.4974701], [7.0446591, 47.4983701], [7.0524551, 47.4950251], [7.0608401, 47.4952991], [7.0721661, 47.4922371], [7.0727001, 47.4896141], [7.0749701, 47.4880831], [7.0798471, 47.4890911], [7.0943281, 47.4953421], [7.1002071, 47.4942031], [7.1126261, 47.4949481], [7.1157821, 47.4961511], [7.1280554, 47.5038897], [7.1392471, 47.5016871], [7.1511291, 47.4968711], [7.1569781, 47.4919771], [7.1623991, 47.4898901], [7.1710191, 47.4893871], [7.2012651, 47.4941401], [7.2029251, 47.4912771], [7.1908591, 47.4883971], [7.1904411, 47.4860521], [7.1869761, 47.4824151], [7.1847101, 47.4771091], [7.1775401, 47.4679501], [7.1790271, 47.4655411], [7.1789201, 47.4607011], [7.1773791, 47.4592681], [7.1781441, 47.4577561], [7.1725711, 47.4462341], [7.1700171, 47.4437021], [7.1703061, 47.4429271], [7.1752611, 47.4429561], [7.1928921, 47.4388611], [7.1950181, 47.4375311], [7.1956381, 47.4353701], [7.2057811, 47.4355791], [7.2066491, 47.4349481], [7.2254041, 47.4399961], [7.2334501, 47.4386351], [7.2388261, 47.4332541], [7.2374681, 47.4305431], [7.2390071, 47.4285331], [7.2437621, 47.4277651], [7.2454121, 47.4265381], [7.2461381, 47.4221211], [7.2451971, 47.4211451], [7.2464491, 47.4203581], [7.2493431, 47.4214881], [7.2502331, 47.4229371], [7.2552151, 47.4244951], [7.2697801, 47.4270971], [7.2782035, 47.4324747], [7.2802826, 47.4330426], [7.2819231, 47.4347871], [7.2867701, 47.4350921], [7.2922461, 47.4333741], [7.2954481, 47.4357061], [7.3003137, 47.4365204], [7.3019761, 47.4386241], [7.3072541, 47.4389271], [7.3124701, 47.4380121], [7.3146451, 47.4386751], [7.3232991, 47.4386901], [7.3266211, 47.4400291], [7.3277681, 47.4379421], [7.3248771, 47.4348431], [7.3258201, 47.4321451], [7.3320461, 47.4300961], [7.3397591, 47.4296411], [7.3405086, 47.429152], [7.3408061, 47.4266161], [7.3431841, 47.4259141], [7.3440291, 47.4243451], [7.3580121, 47.4176941], [7.3571031, 47.4148981], [7.3684021, 47.4138421], [7.3756151, 47.4141351], [7.3790861, 47.4126991], [7.3837451, 47.4121311], [7.3885581, 47.4027441], [7.3956921, 47.4031261], [7.3988791, 47.3966811], [7.4054861, 47.3950221], [7.4140041, 47.3943141], [7.4134311, 47.3894081], [7.4160071, 47.3846721], [7.4118881, 47.3805351], [7.4334801, 47.3792601], [7.4371711, 47.3808391], [7.4359321, 47.3780121], [7.4401661, 47.3800781], [7.4482131, 47.3756961], [7.4523291, 47.3745301], [7.4541291, 47.3725231], [7.4635131, 47.3700951], [7.4708641, 47.3701281], [7.4788571, 47.3713341], [7.4872831, 47.3696321], [7.4998221, 47.3718811], [7.5240281, 47.3717601], [7.5245151, 47.3696101], [7.5215611, 47.3651651], [7.5274641, 47.3628221], [7.5301921, 47.3629461], [7.5332201, 47.3620071], [7.5328171, 47.3614641], [7.5338971, 47.3596771], [7.5396911, 47.3601001], [7.5413741, 47.3557401], [7.5369461, 47.3501641], [7.5388431, 47.3476901], [7.5445611, 47.3474821], [7.5522341, 47.3452801], [7.5497331, 47.3425331], [7.5499371, 47.3409771], [7.5350311, 47.3347341], [7.5279191, 47.3226201], [7.5332271, 47.3210071], [7.5474421, 47.3217001], [7.5540421, 47.3231831], [7.5583901, 47.3223521], [7.5504821, 47.3198121], [7.5305281, 47.3164161], [7.5244051, 47.3145421], [7.5100421, 47.3072921], [7.4960001, 47.3020591], [7.4941211, 47.3027021], [7.4862751, 47.3020211], [7.4777371, 47.3050421], [7.4777221, 47.3061141], [7.4756001, 47.3069371], [7.4675641, 47.3073041], [7.4596851, 47.3065611], [7.4419311, 47.3085811], [7.4216901, 47.3068381], [7.4189321, 47.3088661], [7.4130121, 47.3098551], [7.4117381, 47.3133121], [7.4064951, 47.3126091], [7.3901311, 47.3130951], [7.3804271, 47.3140891], [7.3787891, 47.3148911], [7.3651201, 47.3093691], [7.3486001, 47.3056221], [7.3374911, 47.3057451], [7.3325141, 47.3015181], [7.3318041, 47.2996521], [7.3224231, 47.2953011], [7.3169361, 47.2903351], [7.3062911, 47.2877161], [7.3016721, 47.2876101], [7.2922361, 47.2856931], [7.2862851, 47.2858831], [7.2861201, 47.2851771], [7.2790661, 47.2841381], [7.2630991, 47.2870221], [7.2582131, 47.2867361], [7.2581791, 47.2856481], [7.2543601, 47.2852111], [7.2426981, 47.2853001], [7.2322441, 47.2881151], [7.2231461, 47.2881211], [7.2153691, 47.2898211], [7.2102851, 47.2887391], [7.2062481, 47.2918451], [7.2091901, 47.2946341], [7.2057531, 47.2955291], [7.1949811, 47.2957751], [7.1758031, 47.2940531], [7.1684201, 47.2945121], [7.1638631, 47.2939251], [7.1634251, 47.2930491], [7.1691321, 47.2907941], [7.1647121, 47.2886461], [7.1653701, 47.2863631], [7.1689571, 47.2859601], [7.1702791, 47.2838841], [7.1699471, 47.2830811], [7.1691081, 47.2836191], [7.1683711, 47.2831031], [7.1678501, 47.2809921], [7.1686271, 47.2747198], [7.1488271, 47.2689791], [7.1456931, 47.2653571], [7.1472981, 47.2624861], [7.1491301, 47.2630111], [7.1489891, 47.2620301], [7.1473721, 47.2614341], [7.1462291, 47.2598091], [7.1431681, 47.2593451], [7.1427601, 47.2556411], [7.1476621, 47.2561571], [7.1515211, 47.2553951], [7.1518561, 47.2546181], [7.1493101, 47.2537421], [7.1533161, 47.2508941], [7.1557851, 47.2474711], [7.1532751, 47.2475031], [7.1468081, 47.2451951], [7.1402631, 47.2441741], [7.1397221, 47.2431711], [7.1293591, 47.2449441], [7.1194771, 47.2439461], [7.1115151, 47.2417701], [7.1032451, 47.2429821], [7.0977331, 47.2397951], [7.0963511, 47.2369181], [7.0885611, 47.2368831], [7.0856971, 47.2398471], [7.0889181, 47.2415091], [7.0872211, 47.2422731], [7.0873571, 47.2434521], [7.0852901, 47.2453191], [7.0819161, 47.2433301], [7.0797531, 47.2433641], [7.0795561, 47.2476781], [7.0691171, 47.2441191], [7.0598071, 47.2426921], [7.0573361, 47.2409471], [7.0568261, 47.2398731], [7.0576001, 47.2386111], [7.0564191, 47.2376941], [7.0587201, 47.2311361], [7.0531761, 47.2284391], [7.0469461, 47.2266251], [7.0438771, 47.2230091], [7.0443051, 47.2217091], [7.0367621, 47.2131981], [7.0301361, 47.2020431], [7.0233921, 47.1956311], [7.0091221, 47.1937981], [6.9963841, 47.1932341], [6.9944541, 47.1869181], [6.9895931, 47.1829271], [6.9902971, 47.1824631], [6.9861441, 47.1778281], [6.9866071, 47.1774171], [6.9805051, 47.1741381], [6.9769991, 47.1748411], [6.9705331, 47.1811661], [6.9618821, 47.1819551], [6.9561491, 47.1806611], [6.9535151, 47.1826421], [6.9555641, 47.1837561], [6.9527481, 47.1855531], [6.9523371, 47.1860011], [6.9531031, 47.1862461], [6.9521181, 47.1872681], [6.9412971, 47.1844501], [6.9401751, 47.1814791], [6.9410731, 47.1807291], [6.9397091, 47.1799141], [6.9382091, 47.1751081], [6.9299441, 47.1693121], [6.9166291, 47.1642711], [6.9172811, 47.1637531], [6.9139031, 47.1626421], [6.9090221, 47.1589211], [6.9084721, 47.1595661], [6.9074191, 47.1591181], [6.9082391, 47.1583131], [6.9058101, 47.1575581], [6.9061941, 47.1571101], [6.8924411, 47.1537321], [6.8837741, 47.1503101], [6.8825581, 47.1529941], [6.8795981, 47.1541901], [6.8799631, 47.1584711], [6.8766461, 47.1613661], [6.8721101, 47.1739421], [6.8632851, 47.1682781], [6.8616011, 47.1655501], [6.8584801, 47.1654201], [6.8536301, 47.1665931], [6.8480631, 47.1657261], [6.8440471, 47.1665651], [6.8407411, 47.1706571], [6.8411221, 47.1713331], [6.8527261, 47.1763901], [6.8636221, 47.1800961], [6.8674293, 47.18532], [6.8742661, 47.1853431], [6.8737846, 47.1886664], [6.8747431, 47.1924051], [6.8785191, 47.1956081], [6.8803651, 47.2003121], [6.8830773, 47.2011568], [6.8861611, 47.2037231], [6.8892321, 47.2044511], [6.8923386, 47.2071348], [6.9070281, 47.2145451], [6.9102371, 47.2181441], [6.9131931, 47.2182351], [6.9211381, 47.2204711], [6.9261621, 47.2243881], [6.9270621, 47.2257571], [6.9270421, 47.2276771], [6.9282951, 47.2287971], [6.9328641, 47.2306441], [6.9395771, 47.2310301], [6.9426171, 47.2343631], [6.9431431, 47.2379761], [6.9479951, 47.2392461], [6.9519861, 47.2418851], [6.9557461, 47.2430701], [6.9559199, 47.2440174], [6.9528598, 47.2473559], [6.9491541, 47.2487221], [6.9472871, 47.2508941], [6.9464691, 47.2538221], [6.9494991, 47.2565221], [6.9514991, 47.2610431], [6.9500981, 47.2660511], [6.9520361, 47.2692391], [6.9451151, 47.2789651], [6.9449781, 47.2813401], [6.9408551, 47.2851211], [6.9411651, 47.2866491], [6.9486341, 47.2913481], [6.9521681, 47.2920611], [6.9624931, 47.2913111], [6.9689021, 47.2924021], [6.9731521, 47.2910911], [6.9760691, 47.2930681], [6.9765041, 47.2961411], [6.9824271, 47.2951941], [6.9893656, 47.2966237], [6.9941431, 47.2954951], [6.9969631, 47.2959821], [7.0036481, 47.3013631], [7.0085586, 47.3010781], [7.0098381, 47.3031351], [7.0109071, 47.3078891], [7.0134421, 47.3092581], [7.0154991, 47.3128771], [7.0162071, 47.3147021], [7.0155191, 47.3167871], [7.0130381, 47.3202011], [7.0092651, 47.3203841], [7.0099748, 47.3243288], [7.0307961, 47.3269501], [7.0307021, 47.3275681], [7.0341591, 47.3283831], [7.0456931, 47.3265791], [7.0566351, 47.3341031], [7.0531011, 47.3348951], [7.0534901, 47.3355141], [7.0526161, 47.3365951], [7.0552121, 47.3375001], [7.0540831, 47.3380361], [7.0553771, 47.3386971], [7.0598101, 47.3397591], [7.0621621, 47.3438521], [7.0554311, 47.3473061], [7.0498281, 47.3476391], [7.0504021, 47.3497821], [7.0528511, 47.3514671], [7.0515521, 47.3553741], [7.0520101, 47.3565931], [7.0504351, 47.3580871], [7.0495941, 47.3618001], [7.0430701, 47.3641301], [7.0348481, 47.3632561]]]}}, {"type": "Feature", "properties": {"name": "Luzern", "parent": "che", "version": 1, "source": "gsak", "licence": "ODbL"}, "geometry": {"type": "MultiPolygon", "coordinates": [[[[8.4690603, 47.0092163], [8.4279363, 47.0171974], [8.4266524, 47.0023623], [8.4274244, 46.9988765], [8.4263322, 46.9982187], [8.4134428, 46.9983052], [8.4077935, 46.9999497], [8.3992221, 46.9999265], [8.3965559, 47.0008543], [8.3855352, 46.9982769], [8.3828037, 47.001445], [8.3846035, 47.0027408], [8.3838211, 47.0176648], [8.3684912, 47.0199824], [8.3344451, 46.9890602], [8.318977, 46.9995698], [8.3107404, 46.9981021], [8.2950752, 46.9983156], [8.293801, 46.9970139], [8.2939974, 46.9962257], [8.2910004, 46.9960573], [8.2877374, 46.9944842], [8.2816617, 46.995578], [8.2777651, 46.9979906], [8.2712466, 46.9975136], [8.2654784, 46.9982706], [8.25518, 46.99422], [8.2533332, 46.9918253], [8.2483354, 46.9882371], [8.2483587, 46.987474], [8.2441603, 46.9860732], [8.2398869, 46.9889639], [8.2376676, 46.9918879], [8.2353584, 46.9911173], [8.2311674, 46.9925767], [8.2280692, 46.9925981], [8.2210717, 46.9830624], [8.2181203, 46.9811753], [8.2192042, 46.9791177], [8.2229507, 46.9758737], [8.2288975, 46.9731866], [8.2296132, 46.9721566], [8.2289215, 46.9700872], [8.2259139, 46.9690828], [8.216798, 46.9691928], [8.2026722, 46.9669515], [8.1949374, 46.9687431], [8.1873231, 46.9717254], [8.1819545, 46.968542], [8.1766303, 46.9685526], [8.1749077, 46.9672763], [8.162684, 46.9639927], [8.1592185, 46.9612104], [8.1569236, 46.9613917], [8.1551706, 46.9603777], [8.155122, 46.9592816], [8.1501194, 46.9577606], [8.1512521, 46.9559687], [8.1509167, 46.9528401], [8.1608081, 46.9434132], [8.1617132, 46.943479], [8.1648504, 46.9389313], [8.1622117, 46.9366836], [8.1592436, 46.9356785], [8.1570914, 46.9333567], [8.1538502, 46.9328051], [8.151844, 46.9309828], [8.1436589, 46.9272684], [8.1383522, 46.9229163], [8.134519, 46.9222248], [8.1280929, 46.9145191], [8.1227153, 46.9098569], [8.1204399, 46.9058433], [8.1176947, 46.9031193], [8.1128177, 46.8938784], [8.1111365, 46.892816], [8.1075134, 46.8948389], [8.1063084, 46.8985395], [8.1062046, 46.9013758], [8.1086186, 46.9082484], [8.101502, 46.9089332], [8.0947269, 46.9119748], [8.0947865, 46.9111642], [8.0933832, 46.9100999], [8.0892706, 46.9091702], [8.0858277, 46.9061157], [8.0861175, 46.9042077], [8.0825817, 46.899152], [8.0780601, 46.8974204], [8.0736962, 46.8971047], [8.0698929, 46.8957674], [8.0696947, 46.8907167], [8.0670203, 46.8878242], [8.0693808, 46.8821062], [8.0709375, 46.8815254], [8.070852, 46.880167], [8.0701589, 46.8803139], [8.0701169, 46.8767381], [8.0716109, 46.8737975], [8.0692178, 46.8711645], [8.0699265, 46.8693964], [8.0693949, 46.8684935], [8.0656864, 46.8662252], [8.067274, 46.8623782], [8.0646946, 46.8586018], [8.0628212, 46.8587789], [8.0618384, 46.8578784], [8.0594852, 46.8586064], [8.0576659, 46.8574481], [8.0584249, 46.8570148], [8.0574378, 46.8557328], [8.0586916, 46.8530321], [8.0560791, 46.8493034], [8.0519233, 46.8472278], [8.0504808, 46.8455667], [8.0456376, 46.8440668], [8.0422899, 46.8365749], [8.0476502, 46.8316831], [8.0478447, 46.8304662], [8.0468602, 46.8293509], [8.0516022, 46.8251298], [8.0645562, 46.8078787], [8.0638403, 46.8029954], [8.061028, 46.80282], [8.0607367, 46.8016296], [8.0583711, 46.8010703], [8.0550108, 46.7984661], [8.0568813, 46.7951898], [8.0562678, 46.7931191], [8.0488177, 46.7876758], [8.0468693, 46.7871379], [8.0398316, 46.7874136], [8.0313305, 46.7902473], [8.0256017, 46.7897285], [8.0172613, 46.7882453], [8.0050284, 46.7832386], [7.9955769, 46.7817123], [7.9948091, 46.7812633], [7.9943353, 46.7790495], [7.9847554, 46.7750208], [7.9786035, 46.7772186], [7.9756897, 46.7772085], [7.973653, 46.778195], [7.969428, 46.7824088], [7.9695115, 46.7838381], [7.9681736, 46.7853694], [7.9540759, 46.7912721], [7.9542215, 46.7919864], [7.9525326, 46.7931616], [7.9538414, 46.795777], [7.946644, 46.8052457], [7.9285619, 46.8165721], [7.9224831, 46.8199579], [7.901072, 46.8288913], [7.8771125, 46.8370471], [7.8726091, 46.8426929], [7.8703612, 46.8438701], [7.8697039, 46.8485234], [7.8672592, 46.8512038], [7.8682882, 46.8539189], [7.8671806, 46.8587884], [7.8676788, 46.8602653], [7.8689005, 46.8610001], [7.8695529, 46.8643843], [7.8646348, 46.8663107], [7.8642084, 46.8695083], [7.8572575, 46.8714657], [7.858017, 46.8753267], [7.8561493, 46.8808429], [7.856727, 46.8836551], [7.8596624, 46.8858385], [7.8679641, 46.8871856], [7.870658, 46.8894863], [7.8728482, 46.8896209], [7.8729015, 46.8919315], [7.8755411, 46.8960428], [7.8785186, 46.8989378], [7.881757, 46.8997114], [7.8798505, 46.9003143], [7.8798244, 46.9013626], [7.8826938, 46.9037338], [7.8821179, 46.9055466], [7.8830304, 46.9066151], [7.8802499, 46.9108662], [7.8748649, 46.9112204], [7.8735552, 46.9126071], [7.8671417, 46.9147991], [7.8691072, 46.9171502], [7.8725364, 46.9242126], [7.8745688, 46.9261583], [7.8782674, 46.9277403], [7.8938163, 46.9325394], [7.898426, 46.9348079], [7.9078668, 46.9326971], [7.9125654, 46.9331542], [7.914348, 46.9341712], [7.9208501, 46.9418149], [7.9217036, 46.9439077], [7.9206733, 46.9453652], [7.92159, 46.946743], [7.9245846, 46.9470877], [7.9260215, 46.9482727], [7.9290472, 46.9482122], [7.9317468, 46.9505114], [7.9323683, 46.9537962], [7.9316929, 46.9560146], [7.932555, 46.9588266], [7.9314569, 46.9604524], [7.9363321, 46.9644363], [7.9399202, 46.9648021], [7.9455547, 46.9680195], [7.9460496, 46.968804], [7.9450809, 46.9694043], [7.9442429, 46.9726978], [7.9448088, 46.9736251], [7.9440076, 46.977133], [7.9525082, 46.9813624], [7.9495387, 46.9873832], [7.9501402, 46.9883579], [7.9483265, 46.9915843], [7.9482812, 46.9940638], [7.9521025, 46.9966691], [7.9531508, 47.0005502], [7.9561745, 47.0034449], [7.9501852, 47.0070715], [7.9493711, 47.0057402], [7.9411152, 47.0055859], [7.9395033, 47.0045679], [7.9328479, 47.0042153], [7.9280588, 47.0060238], [7.9251388, 47.0103272], [7.9232943, 47.0105019], [7.9173217, 47.0087152], [7.9131407, 47.0085657], [7.9074128, 47.0068252], [7.9018701, 47.0062755], [7.8989652, 47.0085996], [7.8968811, 47.0131851], [7.9005808, 47.0179142], [7.8968843, 47.0214095], [7.8947658, 47.022157], [7.8933928, 47.0244987], [7.893397, 47.0268526], [7.894135, 47.0276122], [7.8924486, 47.0300494], [7.8846677, 47.0327964], [7.8830167, 47.0353762], [7.8838689, 47.037303], [7.8815276, 47.0406957], [7.8749433, 47.0408639], [7.8725348, 47.0446617], [7.8711442, 47.0450721], [7.8695535, 47.0466031], [7.8697701, 47.0475315], [7.8666183, 47.0499738], [7.8682012, 47.0518027], [7.8675147, 47.0531158], [7.8660187, 47.053455], [7.8662695, 47.0543119], [7.8696504, 47.0586598], [7.874067, 47.0616932], [7.8732367, 47.0624826], [7.8712495, 47.0624425], [7.8717933, 47.0650377], [7.873367, 47.0656513], [7.8772159, 47.0716414], [7.8761505, 47.0735279], [7.8780063, 47.0744978], [7.8775256, 47.0754051], [7.8789136, 47.078831], [7.8766202, 47.0798167], [7.8796231, 47.0803056], [7.8801891, 47.0812804], [7.8784863, 47.0820018], [7.8798933, 47.0834738], [7.8790969, 47.0841678], [7.8805278, 47.0843053], [7.8804787, 47.0868074], [7.881681, 47.0888044], [7.880738, 47.0886412], [7.8797538, 47.0919571], [7.8779837, 47.0930123], [7.8795995, 47.0943882], [7.8792456, 47.0958687], [7.8738175, 47.0976056], [7.8762558, 47.1016466], [7.8747005, 47.103535], [7.8735473, 47.1032774], [7.8730341, 47.1045899], [7.8750606, 47.1094902], [7.8682759, 47.1119946], [7.8700506, 47.1159192], [7.868802, 47.1169247], [7.867126, 47.1167882], [7.8671835, 47.1197663], [7.8691557, 47.1221176], [7.8737793, 47.1243154], [7.8861329, 47.1285553], [7.8864373, 47.131723], [7.8897918, 47.1321622], [7.8886235, 47.1344781], [7.8900207, 47.1345915], [7.8892636, 47.1359527], [7.8905304, 47.1372104], [7.8894281, 47.1390495], [7.8901749, 47.140762], [7.8874757, 47.1437512], [7.8797342, 47.1493814], [7.8759584, 47.1577593], [7.8760874, 47.1608801], [7.8753584, 47.1614548], [7.8770802, 47.1659586], [7.8766682, 47.1668182], [7.8812398, 47.1706374], [7.8831134, 47.1733469], [7.8806101, 47.1747391], [7.8809361, 47.176144], [7.8794807, 47.1775559], [7.8802173, 47.1779343], [7.8766801, 47.1810703], [7.8761366, 47.1829552], [7.8693118, 47.1857224], [7.8648624, 47.1885278], [7.8652888, 47.1894319], [7.8634096, 47.1903685], [7.8634899, 47.191679], [7.8613128, 47.1914794], [7.8595764, 47.1928674], [7.859406, 47.1934159], [7.8605277, 47.1938406], [7.8602676, 47.196319], [7.8592637, 47.1975375], [7.859935, 47.1984641], [7.8560735, 47.200765], [7.8553191, 47.2026258], [7.8537525, 47.2034413], [7.8542506, 47.2045591], [7.8520296, 47.2066396], [7.8520086, 47.20845], [7.8491171, 47.2097467], [7.8479252, 47.213872], [7.8467449, 47.214972], [7.8469716, 47.2171865], [7.8437629, 47.2182222], [7.8434261, 47.2199146], [7.8416835, 47.2206592], [7.8409604, 47.2221386], [7.8375044, 47.2228891], [7.836673, 47.2239401], [7.8372776, 47.2252958], [7.836556, 47.2270134], [7.8375712, 47.2271528], [7.8364919, 47.2277997], [7.8366077, 47.2292524], [7.8383039, 47.2317698], [7.8375758, 47.2326303], [7.8379348, 47.2338687], [7.8397674, 47.2356982], [7.8419705, 47.2356195], [7.8430454, 47.2343764], [7.8532096, 47.2325306], [7.8676968, 47.2373871], [7.8969928, 47.2430431], [7.9097366, 47.2439452], [7.9211933, 47.2378668], [7.9335252, 47.2359313], [7.940323, 47.2408125], [7.9460494, 47.2432904], [7.9547572, 47.2500694], [7.9617941, 47.2539709], [7.9588073, 47.2563205], [7.9593434, 47.2574623], [7.9584861, 47.2592779], [7.9555917, 47.2603636], [7.9549486, 47.2626311], [7.951826, 47.2655056], [7.9519935, 47.2683653], [7.9503879, 47.2688492], [7.9491969, 47.2724302], [7.9508162, 47.2733527], [7.9504093, 47.2747371], [7.9560319, 47.276905], [7.9713942, 47.2761438], [7.9734085, 47.2745135], [7.9868326, 47.2760237], [7.9952587, 47.2816329], [8.0048795, 47.2742679], [8.0043317, 47.2721252], [8.005317, 47.2693074], [8.0104415, 47.2640378], [8.0168316, 47.2593814], [8.0164219, 47.257095], [8.0175289, 47.2558975], [8.0163256, 47.254664], [8.0169389, 47.2498933], [8.0157608, 47.24773], [8.0158976, 47.2442013], [8.0203513, 47.2435342], [8.0215984, 47.2424553], [8.025964, 47.2419326], [8.0290624, 47.2406774], [8.0300242, 47.2422694], [8.0514487, 47.2442548], [8.0629828, 47.2466954], [8.0572106, 47.2525897], [8.0565444, 47.2554772], [8.0587513, 47.2557513], [8.0586569, 47.2566575], [8.0626099, 47.2566839], [8.0661885, 47.2546147], [8.069239, 47.2552416], [8.0713316, 47.2547296], [8.0739778, 47.2566456], [8.0772427, 47.2576286], [8.0769635, 47.2583398], [8.0784871, 47.2586912], [8.0783378, 47.2600187], [8.0882901, 47.2628579], [8.0988227, 47.260224], [8.1059984, 47.2521745], [8.1058242, 47.2494346], [8.10912, 47.2445056], [8.1196381, 47.2438481], [8.124363, 47.2414128], [8.1312867, 47.2440885], [8.1315495, 47.2454693], [8.1340809, 47.2465027], [8.1466495, 47.2474987], [8.1562925, 47.2493696], [8.1577867, 47.2486453], [8.1583966, 47.2497855], [8.1594124, 47.2498983], [8.1603079, 47.2488678], [8.1611614, 47.2499112], [8.166486, 47.2505212], [8.1748424, 47.2534265], [8.1761824, 47.2516539], [8.1777642, 47.2521921], [8.1796665, 47.2506065], [8.1807396, 47.2472622], [8.1801917, 47.2455971], [8.1777283, 47.2445402], [8.1761234, 47.2423096], [8.1763128, 47.2408304], [8.174868, 47.240053], [8.1711616, 47.2401482], [8.1697527, 47.2419927], [8.1679183, 47.24086], [8.1560545, 47.2394561], [8.1559618, 47.2377644], [8.1595263, 47.2375992], [8.1618133, 47.2360594], [8.1621895, 47.2354374], [8.1603233, 47.2344719], [8.1600544, 47.232686], [8.1632815, 47.2308782], [8.1627177, 47.230548], [8.1654872, 47.2285285], [8.167173, 47.2290899], [8.1687084, 47.2278472], [8.1717533, 47.2280901], [8.174086, 47.2273839], [8.1727971, 47.2251751], [8.1743988, 47.224712], [8.1761777, 47.2218876], [8.1805929, 47.2226459], [8.1851333, 47.2223544], [8.1899509, 47.2243731], [8.1931736, 47.2248289], [8.192979, 47.2259029], [8.1939985, 47.2263014], [8.2051079, 47.2257513], [8.2040451, 47.2272125], [8.2042235, 47.2299051], [8.2027213, 47.2299866], [8.2035644, 47.2361472], [8.2050713, 47.2363517], [8.2047105, 47.2380228], [8.2057978, 47.2382301], [8.2057346, 47.2411389], [8.204461, 47.2425777], [8.2079073, 47.2462735], [8.2076772, 47.2473001], [8.2198885, 47.252224], [8.2286353, 47.2735237], [8.2332952, 47.2738492], [8.2345413, 47.2729109], [8.2423726, 47.2723321], [8.2410633, 47.2760362], [8.2426079, 47.2763353], [8.2421549, 47.2787939], [8.24497, 47.2797754], [8.2446005, 47.2808031], [8.2486679, 47.2812513], [8.2489675, 47.2825365], [8.2497393, 47.2826502], [8.2489282, 47.284563], [8.2509322, 47.285121], [8.2507713, 47.2860519], [8.2587715, 47.2872348], [8.2595372, 47.2869433], [8.2615692, 47.2824949], [8.2706874, 47.2835498], [8.2716601, 47.2808252], [8.2786472, 47.2821572], [8.2794688, 47.2809831], [8.285369, 47.2799863], [8.2957849, 47.2724717], [8.300214, 47.2714851], [8.2944846, 47.265592], [8.2945682, 47.2642564], [8.2958227, 47.261744], [8.2961674, 47.2592384], [8.3012338, 47.2522873], [8.3032532, 47.2516762], [8.3049093, 47.2524028], [8.3116899, 47.2455575], [8.3148506, 47.2399076], [8.3141826, 47.2354309], [8.3153659, 47.2329427], [8.3156581, 47.2294361], [8.3173468, 47.2267612], [8.3170394, 47.225071], [8.3206848, 47.2221328], [8.320135, 47.2184912], [8.3188852, 47.2169281], [8.3194593, 47.2156846], [8.3253888, 47.2147336], [8.3264476, 47.2111035], [8.3273158, 47.2107394], [8.3273854, 47.2086181], [8.3287716, 47.2078687], [8.3280379, 47.2058013], [8.3301797, 47.2021389], [8.3305173, 47.1972276], [8.3338656, 47.1925788], [8.3382396, 47.1886845], [8.3383715, 47.1861337], [8.3395963, 47.1862195], [8.3397835, 47.1848836], [8.337986, 47.1839922], [8.3390316, 47.1817441], [8.3384982, 47.1812002], [8.3388971, 47.1779087], [8.3412965, 47.1751257], [8.3408194, 47.1737712], [8.3440206, 47.1729597], [8.3443811, 47.171551], [8.3465564, 47.1700088], [8.3460856, 47.1690355], [8.3473682, 47.1684297], [8.3465875, 47.167721], [8.349109, 47.1660092], [8.3476869, 47.1645669], [8.3512612, 47.1631327], [8.3550661, 47.1588608], [8.3584164, 47.156623], [8.3583599, 47.1533336], [8.3607916, 47.1525512], [8.362147, 47.1460798], [8.3746316, 47.1429751], [8.3762443, 47.1393383], [8.3860688, 47.1399729], [8.3901488, 47.1396293], [8.3946574, 47.1378754], [8.4044423, 47.1382466], [8.4053372, 47.1375239], [8.4118837, 47.1403294], [8.4153239, 47.1355561], [8.4161519, 47.1330936], [8.4152181, 47.1316711], [8.4155166, 47.1308103], [8.416701, 47.1306572], [8.4156411, 47.1280677], [8.4147243, 47.1275748], [8.4144797, 47.1256459], [8.4178777, 47.1224463], [8.4184222, 47.1235859], [8.4201863, 47.1226888], [8.4234488, 47.123543], [8.4237455, 47.1225868], [8.4247643, 47.1229357], [8.4246357, 47.1235328], [8.4270748, 47.1232734], [8.428768, 47.1242125], [8.4303569, 47.1232928], [8.431709, 47.1246639], [8.4393371, 47.1274347], [8.4417158, 47.1295357], [8.4474716, 47.1292469], [8.4490745, 47.1309255], [8.4543017, 47.1138099], [8.4557258, 47.1134397], [8.4601711, 47.1159035], [8.4659564, 47.1172346], [8.4673319, 47.118884], [8.4804271, 47.1264406], [8.493721, 47.1137825], [8.4930005, 47.1002274], [8.4760239, 47.1063643], [8.4754212, 47.1112796], [8.4736607, 47.1122727], [8.4712064, 47.1116751], [8.4703911, 47.1128265], [8.4658752, 47.11118], [8.4619293, 47.111096], [8.4614268, 47.1121971], [8.4599551, 47.1119003], [8.4591755, 47.113123], [8.4571722, 47.1124018], [8.449915, 47.1144208], [8.448354, 47.1112399], [8.4426364, 47.1115999], [8.4399671, 47.1107173], [8.4372103, 47.1088818], [8.437301, 47.1062586], [8.4327252, 47.1060599], [8.4240983, 47.1038217], [8.4186596, 47.1003161], [8.4142875, 47.0959429], [8.4097754, 47.0934302], [8.4093231, 47.0915745], [8.4099342, 47.0906396], [8.4090987, 47.088883], [8.4106137, 47.0859386], [8.4092315, 47.0847824], [8.4089742, 47.0822105], [8.407098, 47.0807486], [8.4066122, 47.0790128], [8.3998463, 47.0753277], [8.3978191, 47.0751063], [8.3947398, 47.0726771], [8.3889463, 47.0705801], [8.388792, 47.069771], [8.3905555, 47.0613191], [8.3991014, 47.0595557], [8.4302838, 47.0654398], [8.4318891, 47.0654974], [8.4363494, 47.0634805], [8.4415374, 47.0630539], [8.4459837, 47.0603455], [8.4444976, 47.0592384], [8.4468422, 47.0578592], [8.4549009, 47.0544752], [8.4647179, 47.0483577], [8.468382, 47.0482733], [8.469935, 47.0474729], [8.4794051, 47.0397618], [8.4838655, 47.0379578], [8.4863536, 47.0350993], [8.4899066, 47.0332557], [8.4907114, 47.0316517], [8.4945296, 47.0291383], [8.4969234, 47.0286158], [8.5005415, 47.0248172], [8.5081934, 47.0241742], [8.5134755, 47.0217656], [8.5136035, 47.0125032], [8.5113403, 47.009067], [8.5104956, 47.0068813], [8.5108982, 47.0061145], [8.5086702, 47.0044185], [8.5035944, 47.0031067], [8.5008689, 47.0008907], [8.4949062, 47.0004927], [8.4830617, 46.9966908], [8.4737431, 46.9955832], [8.46812, 46.996516], [8.4690603, 47.0092163]], [[7.8369153, 47.2282985], [7.8369155, 47.2283223], [7.836909866492389, 47.22831534987942], [7.8369153, 47.2282985]]], [[[8.2946143, 47.2649474], [8.294613358731224, 47.264952078040494], [8.2946146, 47.2649712], [8.2946143, 47.2649474]]]]}}, {"type": "Feature", "properties": {"name": "Neuchâtel", "parent": "che", "version": 1, "source": "gsak", "licence": "ODbL"}, "geometry": {"type": "Polygon", "coordinates": [[[6.4326371, 46.9285911], [6.4487761, 46.9353301], [6.4600411, 46.9435511], [6.4615431, 46.9463411], [6.4664841, 46.9511381], [6.4699072, 46.9530317], [6.4713821, 46.9554351], [6.4775881, 46.9614821], [6.4963021, 46.9740841], [6.5047491, 46.9655951], [6.5173021, 46.9705301], [6.5372371, 46.9734771], [6.5718891, 46.9819641], [6.5931611, 46.9917731], [6.5999947, 46.9924912], [6.6000191, 46.9916661], [6.6105251, 46.9906461], [6.6180961, 46.9915531], [6.6276211, 46.9962921], [6.6336711, 46.9980941], [6.6409031, 47.0033521], [6.6459971, 47.0094211], [6.6484031, 47.0145761], [6.6534161, 47.0219881], [6.6593561, 47.0272541], [6.6782671, 47.0354611], [6.6869391, 47.0375111], [6.6968861, 47.0372531], [6.7055579, 47.0442293], [6.7087911, 47.0448551], [6.7110646, 47.0479119], [6.7162337, 47.0505562], [6.7188711, 47.0509521], [6.7191511, 47.0521441], [6.7114551, 47.0538971], [6.7087331, 47.0580271], [6.7075951, 47.0577241], [6.7046951, 47.0590191], [6.7010001, 47.0589441], [6.6986461, 47.0620061], [6.6962211, 47.0634521], [6.6950431, 47.0625861], [6.6939051, 47.0647901], [6.6917421, 47.0663841], [6.6931571, 47.0685601], [6.7013941, 47.0701921], [6.7033721, 47.0734471], [6.7064921, 47.0743351], [6.7052721, 47.0765931], [6.7073651, 47.0782331], [6.7076601, 47.0793811], [6.7035371, 47.0805551], [6.7026411, 47.0813641], [6.7028361, 47.0822021], [6.7077661, 47.0830721], [6.7088511, 47.0845751], [6.7102661, 47.0843721], [6.7140501, 47.0866121], [6.7149981, 47.0882951], [6.7230321, 47.0897081], [6.7259661, 47.0919221], [6.7305111, 47.0897151], [6.7355421, 47.0896781], [6.7434151, 47.0925081], [6.7466871, 47.0977281], [6.7466081, 47.0989641], [6.7413381, 47.1042431], [6.7401131, 47.1078281], [6.7406071, 47.1096351], [6.7470971, 47.1100141], [6.7520011, 47.1145681], [6.7648611, 47.1204231], [6.7760361, 47.1213321], [6.7793991, 47.1238121], [6.7904801, 47.1264031], [6.7971351, 47.1291731], [6.8008071, 47.1291411], [6.8059801, 47.1306651], [6.8071951, 47.1319991], [6.8083011, 47.1354131], [6.8155031, 47.1357111], [6.8200671, 47.1402331], [6.8247321, 47.1419501], [6.8283941, 47.1463911], [6.8304241, 47.1461061], [6.8396871, 47.1501751], [6.8404191, 47.1537511], [6.8496481, 47.1561371], [6.8518861, 47.1591701], [6.8581077, 47.1638765], [6.8582721, 47.1654811], [6.8616011, 47.1655501], [6.8819081, 47.1389281], [6.8888031, 47.1310871], [6.8811301, 47.1084131], [6.8719331, 47.1027331], [6.8670911, 47.0852231], [6.8862421, 47.0919141], [6.8953621, 47.0962891], [6.9158281, 47.1037621], [6.9266361, 47.1091721], [6.9299791, 47.1124761], [6.9364961, 47.1086491], [6.9395101, 47.1097321], [6.9400551, 47.1091201], [6.9476731, 47.1123281], [6.9747681, 47.1152091], [6.9967351, 47.1190421], [7.0016423, 47.1220503], [7.0058201, 47.1227301], [7.0076211, 47.1241971], [7.0109951, 47.1232411], [7.0256341, 47.1241401], [7.0285561, 47.1269181], [7.0310761, 47.1273201], [7.0383001, 47.1264391], [7.0399851, 47.1246961], [7.0311041, 47.1194431], [7.0235271, 47.1123511], [7.0286851, 47.1036851], [7.0406181, 47.1090151], [7.0493641, 47.1049651], [7.0572241, 47.0996121], [7.0634741, 47.0995331], [7.0756581, 47.0961771], [7.0869021, 47.0854971], [7.0870771, 47.0814141], [7.0772061, 47.0759841], [7.0805661, 47.0732971], [7.0804371, 47.0671251], [7.0809551, 47.0664221], [7.0833781, 47.0662601], [7.0819731, 47.0645071], [7.0855401, 47.0628121], [7.0877381, 47.0596821], [7.0757061, 47.0499931], [7.0724261, 47.0490971], [7.0645861, 47.0446121], [7.0508061, 47.0422911], [7.0399071, 47.0366961], [7.0336071, 47.0304041], [7.0333471, 47.0158151], [7.0313021, 47.0112751], [7.0250801, 47.0060861], [7.0403851, 46.9796091], [7.0023001, 46.9867501], [6.9756841, 46.9756411], [6.9284861, 46.9526331], [6.8961931, 46.9252221], [6.8659731, 46.9094741], [6.7800731, 46.8525731], [6.7549406, 46.8703696], [6.7400421, 46.8719081], [6.7333871, 46.8678931], [6.7326751, 46.8682141], [6.7338771, 46.8713781], [6.7367891, 46.8736901], [6.7407871, 46.8832661], [6.7402291, 46.8842851], [6.7380541, 46.8844361], [6.7401461, 46.8947881], [6.7209261, 46.9052571], [6.7167291, 46.9059801], [6.7178391, 46.9116271], [6.7176281, 46.9157931], [6.7207901, 46.9254801], [6.7236591, 46.9308411], [6.7202701, 46.9331581], [6.7210481, 46.9361401], [6.6685931, 46.9204861], [6.6471171, 46.9105771], [6.6455881, 46.9061211], [6.6271171, 46.8884381], [6.6143451, 46.8886511], [6.6069021, 46.8868681], [6.5983101, 46.8835251], [6.5866021, 46.8840191], [6.5716581, 46.8793311], [6.5598091, 46.8740371], [6.5520021, 46.8729891], [6.5451771, 46.8686041], [6.5376541, 46.8667891], [6.5304831, 46.8603341], [6.5232481, 46.8565001], [6.4820831, 46.8464101], [6.4664121, 46.8476601], [6.4652811, 46.8507391], [6.4600281, 46.8512181], [6.4646076, 46.890376], [6.4578561, 46.9007945], [6.4418931, 46.9171271], [6.4358071, 46.9216291], [6.4326371, 46.9285911]]]}}, {"type": "Feature", "properties": {"name": "Nidwalden", "parent": "che", "version": 1, "source": "gsak", "licence": "ODbL"}, "geometry": {"type": "Polygon", "coordinates": [[[8.4019331, 46.7954381], [8.4081941, 46.7906841], [8.4194371, 46.7890151], [8.4199271, 46.7861771], [8.4219491, 46.7848381], [8.4250851, 46.7807331], [8.4252541, 46.7781171], [8.4264591, 46.7771451], [8.4264071, 46.7744921], [8.4166251, 46.7784101], [8.3952491, 46.7715341], [8.3911091, 46.7777501], [8.3860061, 46.7785431], [8.3822731, 46.7800501], [8.3771881, 46.7858171], [8.3711211, 46.7880571], [8.3688911, 46.7879241], [8.3613441, 46.7933641], [8.3544431, 46.7948971], [8.3491341, 46.7970531], [8.3473991, 46.7989621], [8.3436621, 46.8008131], [8.3428461, 46.8022111], [8.3437361, 46.8029171], [8.3432351, 46.8045251], [8.3390811, 46.8053761], [8.3372141, 46.8077311], [8.3320111, 46.8109501], [8.3314231, 46.8124811], [8.3263691, 46.8148101], [8.3263581, 46.8155831], [8.3229511, 46.8184951], [8.3234541, 46.8196111], [8.3218681, 46.8205921], [8.3228281, 46.8219741], [8.3256891, 46.8238801], [8.3322161, 46.8257121], [8.3349021, 46.8272911], [8.3352331, 46.8282351], [8.3348101, 46.8308881], [8.3358421, 46.8329471], [8.3321601, 46.8335821], [8.3316441, 46.8397371], [8.3292101, 46.8420431], [8.3279031, 46.8468731], [8.3307471, 46.8518391], [8.3300881, 46.8539941], [8.3306761, 46.8564081], [8.3344471, 46.8611151], [8.3341031, 46.8674321], [8.3319801, 46.8684781], [8.3294751, 46.8714851], [8.3298111, 46.8740001], [8.3283951, 46.8777531], [8.3330911, 46.8820501], [8.3331481, 46.8860031], [8.3381381, 46.8907651], [8.3383481, 46.8971191], [8.3368091, 46.9012541], [8.3367671, 46.9052851], [8.3413301, 46.9091411], [8.3433691, 46.9148241], [8.3419241, 46.9170891], [8.3384051, 46.9184571], [8.3404431, 46.9213621], [8.3398691, 46.9232181], [8.3411441, 46.9261091], [8.3401191, 46.9280451], [8.3381231, 46.9291551], [8.3233841, 46.9254371], [8.3154591, 46.9243151], [8.3130101, 46.9252731], [8.3095801, 46.9242651], [8.3011711, 46.9283971], [8.3003951, 46.9299641], [8.2880821, 46.9337861], [8.2921831, 46.9401021], [8.2949421, 46.9419451], [8.2987431, 46.9462561], [8.3098561, 46.9521601], [8.3061451, 46.9558011], [8.3110291, 46.9691261], [8.3069041, 46.9740691], [8.3071201, 46.9758681], [8.3011671, 46.9776551], [8.2818561, 46.9757821], [8.2732521, 46.9784121], [8.2625041, 46.9783031], [8.2607391, 46.9802661], [8.2559811, 46.9795121], [8.2549231, 46.9802171], [8.2438721, 46.9741891], [8.2405301, 46.9734691], [8.2346591, 46.9744421], [8.2318791, 46.9732931], [8.2288975, 46.9731866], [8.2229507, 46.9758737], [8.2192042, 46.9791177], [8.2181203, 46.9811753], [8.2210717, 46.9830624], [8.2280692, 46.9925981], [8.2311674, 46.9925767], [8.2353584, 46.9911173], [8.2376676, 46.9918879], [8.2398869, 46.9889639], [8.2441603, 46.9860732], [8.2483587, 46.987474], [8.2483354, 46.9882371], [8.2533332, 46.9918253], [8.25518, 46.99422], [8.2654784, 46.9982706], [8.2712466, 46.9975136], [8.2777651, 46.9979906], [8.2816617, 46.995578], [8.2877374, 46.9944842], [8.2910004, 46.9960573], [8.2939974, 46.9962257], [8.293801, 46.9970139], [8.2950752, 46.9983156], [8.3107404, 46.9981021], [8.318977, 46.9995698], [8.3344451, 46.9890602], [8.3684912, 47.0199824], [8.3838211, 47.0176648], [8.3846035, 47.0027408], [8.3828037, 47.001445], [8.3855352, 46.9982769], [8.3965559, 47.0008543], [8.3992221, 46.9999265], [8.4077935, 46.9999497], [8.4134428, 46.9983052], [8.4263322, 46.9982187], [8.4274244, 46.9988765], [8.4266524, 47.0023623], [8.4279363, 47.0171974], [8.4690603, 47.0092163], [8.46812, 46.996516], [8.4651657, 46.9842929], [8.4966265, 46.9764727], [8.5194642, 46.979768], [8.542792, 46.9795906], [8.5710779, 46.9901324], [8.5749037, 46.9829876], [8.5685385, 46.9756737], [8.5622396, 46.9730144], [8.5630391, 46.9703976], [8.5602778, 46.9656118], [8.5549368, 46.9631225], [8.5560588, 46.9602104], [8.5556798, 46.9514653], [8.5569808, 46.9476967], [8.555691, 46.9456852], [8.5569321, 46.9453582], [8.5557447, 46.9419513], [8.5559534, 46.9409372], [8.5589988, 46.9405251], [8.5568085, 46.939422], [8.5554737, 46.9399748], [8.5545723, 46.9392638], [8.5490781, 46.938755], [8.5438046, 46.9393908], [8.5459947, 46.9357262], [8.5474299, 46.9352625], [8.5473358, 46.9322947], [8.5440255, 46.9293804], [8.5439598, 46.9277842], [8.5314288, 46.923429], [8.5200603, 46.9229072], [8.5190524, 46.9201279], [8.5160439, 46.9190542], [8.5152989, 46.9179142], [8.5037101, 46.9144917], [8.501876, 46.9146887], [8.4986122, 46.9172828], [8.4982118, 46.9186134], [8.4954405, 46.9178969], [8.4860955, 46.9183876], [8.4849241, 46.9172288], [8.4842083, 46.9124899], [8.4813899, 46.909322], [8.4816385, 46.9086001], [8.4675534, 46.9048368], [8.4643053, 46.9048659], [8.4632449, 46.9026039], [8.4583189, 46.898937], [8.4585332, 46.8981255], [8.4607158, 46.8972964], [8.467613, 46.8976619], [8.4707044, 46.8946203], [8.473995, 46.8934211], [8.4730065, 46.8914959], [8.4764249, 46.8884288], [8.4765554, 46.8866958], [8.4790669, 46.8825573], [8.4742617, 46.8800145], [8.4728869, 46.8784526], [8.468207, 46.8772804], [8.4669886, 46.8753122], [8.4672601, 46.8740728], [8.4699006, 46.8715301], [8.4700568, 46.8694146], [8.4711828, 46.8682799], [8.4694417, 46.8646972], [8.4693948, 46.8622462], [8.4680572, 46.8608863], [8.4690218, 46.8581788], [8.4705383, 46.8569056], [8.4707991, 46.8546981], [8.4623361, 46.8552021], [8.4540731, 46.8536101], [8.4499791, 46.8540541], [8.4431051, 46.8529991], [8.4390671, 46.8533651], [8.4296921, 46.8499391], [8.4260271, 46.8512131], [8.4205221, 46.8517981], [8.4187511, 46.8532191], [8.4202651, 46.8557491], [8.4191761, 46.8578251], [8.4185571, 46.8625341], [8.4174961, 46.8645151], [8.4147341, 46.8657471], [8.4127801, 46.8697271], [8.4109331, 46.8682041], [8.4092681, 46.8686181], [8.4058901, 46.8662881], [8.4059131, 46.8653391], [8.3964311, 46.8630931], [8.3916851, 46.8584071], [8.3878221, 46.8577451], [8.3862171, 46.8554951], [8.3841591, 46.8543911], [8.3811571, 46.8565111], [8.3788781, 46.8543641], [8.3746111, 46.8479011], [8.3739151, 46.8496301], [8.3752631, 46.8530621], [8.3750091, 46.8580791], [8.3780691, 46.8622911], [8.3847061, 46.8660251], [8.3817011, 46.8680481], [8.3802551, 46.8703091], [8.3806481, 46.8714291], [8.3820441, 46.8719391], [8.3796911, 46.8740931], [8.3729741, 46.8743311], [8.3700921, 46.8717811], [8.3692641, 46.8675851], [8.3641141, 46.8671681], [8.3612901, 46.8620621], [8.3639411, 46.8593651], [8.3707753, 46.8593315], [8.3709335, 46.8588016], [8.3699361, 46.8559971], [8.3717651, 46.8531921], [8.3684351, 46.8494491], [8.3690761, 46.8465981], [8.3701301, 46.8457371], [8.3702051, 46.8402601], [8.3714231, 46.8379461], [8.3705441, 46.8352471], [8.3754861, 46.8278511], [8.3766971, 46.8271721], [8.3764011, 46.8258891], [8.3775321, 46.8234811], [8.3772731, 46.8220331], [8.3753011, 46.8196551], [8.3752031, 46.8178011], [8.3737871, 46.8163261], [8.3772021, 46.8163901], [8.3802871, 46.8143311], [8.3876401, 46.8126561], [8.3885801, 46.8093431], [8.3847841, 46.8037001], [8.3890341, 46.8020561], [8.3965451, 46.7953841], [8.4019331, 46.7954381]]]}}, {"type": "Feature", "properties": {"name": "Obwalden", "parent": "che", "version": 1, "source": "gsak", "licence": "ODbL"}, "geometry": {"type": "MultiPolygon", "coordinates": [[[[8.4019331, 46.7954381], [8.3965451, 46.7953841], [8.3890341, 46.8020561], [8.3847841, 46.8037001], [8.3885801, 46.8093431], [8.3876401, 46.8126561], [8.3802871, 46.8143311], [8.3772021, 46.8163901], [8.3737871, 46.8163261], [8.3752031, 46.8178011], [8.3753011, 46.8196551], [8.3772731, 46.8220331], [8.3775321, 46.8234811], [8.3764011, 46.8258891], [8.3766971, 46.8271721], [8.3754861, 46.8278511], [8.3705441, 46.8352471], [8.3714231, 46.8379461], [8.3702051, 46.8402601], [8.3701301, 46.8457371], [8.3690761, 46.8465981], [8.3684351, 46.8494491], [8.3706449, 46.8514663], [8.371076, 46.8536443], [8.3699181, 46.8564621], [8.3709335, 46.8588016], [8.3707753, 46.8593315], [8.3639411, 46.8593651], [8.3612431, 46.8624891], [8.3631511, 46.8644851], [8.3641141, 46.8671681], [8.3692641, 46.8675851], [8.3700921, 46.8717811], [8.3726611, 46.8742371], [8.3746491, 46.8747021], [8.3801971, 46.8739521], [8.3820441, 46.8719391], [8.3806481, 46.8714291], [8.3802551, 46.8703091], [8.3817011, 46.8680481], [8.3847061, 46.8660251], [8.3780691, 46.8622911], [8.3750091, 46.8580791], [8.3752631, 46.8530621], [8.3739151, 46.8496301], [8.3746111, 46.8479011], [8.3788781, 46.8543641], [8.3811571, 46.8565111], [8.3841591, 46.8543911], [8.3862171, 46.8554951], [8.3878221, 46.8577451], [8.3916851, 46.8584071], [8.3964311, 46.8630931], [8.4059131, 46.8653391], [8.4058901, 46.8662881], [8.4092681, 46.8686181], [8.4109331, 46.8682041], [8.4127801, 46.8697271], [8.4147341, 46.8657471], [8.4174961, 46.8645151], [8.4185571, 46.8625341], [8.4191761, 46.8578251], [8.4202651, 46.8557491], [8.4187511, 46.8532191], [8.4205221, 46.8517981], [8.4260271, 46.8512131], [8.4296921, 46.8499391], [8.4381341, 46.8532331], [8.4431051, 46.8529991], [8.4499791, 46.8540541], [8.4540731, 46.8536101], [8.4623361, 46.8552021], [8.4750488, 46.8544809], [8.4778133, 46.8567273], [8.4799545, 46.8572476], [8.4823143, 46.8555168], [8.4887624, 46.8532987], [8.4934085, 46.8528286], [8.4976572, 46.8538239], [8.4990914, 46.8517415], [8.5022901, 46.8493727], [8.5026554, 46.8479524], [8.5067027, 46.8454182], [8.5056118, 46.8449561], [8.50546, 46.8422587], [8.5032947, 46.8405021], [8.4888777, 46.8356876], [8.4880846, 46.8336707], [8.486316, 46.8320451], [8.4848656, 46.828235], [8.4834721, 46.8273482], [8.4832464, 46.8190962], [8.4811208, 46.8176088], [8.480448, 46.815006], [8.4780317, 46.8137236], [8.4783065, 46.8126865], [8.4832427, 46.8087731], [8.4827454, 46.806776], [8.4832629, 46.8047471], [8.4821255, 46.8035205], [8.4786785, 46.8014154], [8.4722864, 46.7994267], [8.4642831, 46.800511], [8.4658538, 46.7987201], [8.4648017, 46.7985047], [8.468386, 46.7975503], [8.47146, 46.7956108], [8.4811434, 46.7984691], [8.4819111, 46.7941439], [8.4783749, 46.7907801], [8.4784152, 46.7894753], [8.4835296, 46.7864148], [8.4855627, 46.7832025], [8.4885654, 46.7810384], [8.4914777, 46.7725775], [8.4883692, 46.7709644], [8.4749845, 46.7677355], [8.4708946, 46.7678176], [8.4691532, 46.7691828], [8.4666401, 46.7695653], [8.4627918, 46.7685878], [8.4604449, 46.7691036], [8.4561535, 46.7671853], [8.4552466, 46.7659564], [8.4482906, 46.7632967], [8.4484901, 46.7652641], [8.4465711, 46.7664291], [8.4471711, 46.7685851], [8.4466611, 46.7700651], [8.4427421, 46.7697071], [8.4407701, 46.7710811], [8.4356011, 46.7726621], [8.4281751, 46.7718121], [8.4244091, 46.7701271], [8.4225931, 46.7705161], [8.4196681, 46.7733351], [8.4160911, 46.7742631], [8.4127481, 46.7734671], [8.4069481, 46.7692741], [8.3966321, 46.7654661], [8.3952491, 46.7715341], [8.4166251, 46.7784101], [8.4264071, 46.7744921], [8.4264591, 46.7771451], [8.4252541, 46.7781171], [8.4250851, 46.7807331], [8.4219491, 46.7848381], [8.4199271, 46.7861771], [8.4194371, 46.7890151], [8.4081941, 46.7906841], [8.4019331, 46.7954381]]], [[[8.3688911, 46.7879241], [8.3637481, 46.7861211], [8.3635671, 46.7845121], [8.3598291, 46.7828111], [8.3327371, 46.7802631], [8.3306651, 46.7782761], [8.3272191, 46.7770001], [8.3268621, 46.7760311], [8.3117041, 46.7681981], [8.3070371, 46.7649691], [8.3067661, 46.7640391], [8.2995921, 46.7612971], [8.2985621, 46.7622371], [8.2958821, 46.7593441], [8.2836151, 46.7530671], [8.2815411, 46.7541721], [8.2758691, 46.7548771], [8.2689851, 46.7541151], [8.2681771, 46.7564921], [8.2640651, 46.7592451], [8.2597821, 46.7636121], [8.2556361, 46.7642861], [8.2404731, 46.7694021], [8.2391171, 46.7695291], [8.2337891, 46.7617761], [8.2298161, 46.7609531], [8.2218981, 46.7610151], [8.2204621, 46.7614341], [8.2194191, 46.7634641], [8.2122211, 46.7662231], [8.2081121, 46.7693851], [8.2031881, 46.7692681], [8.1963211, 46.7678451], [8.1931601, 46.7683361], [8.1897941, 46.7702681], [8.1740491, 46.7653191], [8.1721351, 46.7640121], [8.1679961, 46.7653081], [8.1585741, 46.7592791], [8.1499621, 46.7570251], [8.1468731, 46.7547251], [8.1387081, 46.7594241], [8.1348531, 46.7628931], [8.1218861, 46.7703281], [8.1180461, 46.7709531], [8.1135801, 46.7733551], [8.1102751, 46.7737831], [8.1059051, 46.7728911], [8.1022681, 46.7738271], [8.1015921, 46.7761691], [8.0999471, 46.7780681], [8.0970451, 46.7790001], [8.0936681, 46.7825281], [8.0907201, 46.7843371], [8.0902281, 46.7878111], [8.0775521, 46.7859301], [8.0753181, 46.7860201], [8.0691181, 46.7884431], [8.0597851, 46.7863201], [8.0548901, 46.7883351], [8.0488177, 46.7876758], [8.0562678, 46.7931191], [8.0568813, 46.7951898], [8.0550108, 46.7984661], [8.0583711, 46.8010703], [8.0607367, 46.8016296], [8.061028, 46.80282], [8.0638403, 46.8029954], [8.0645562, 46.8078787], [8.0516022, 46.8251298], [8.0468602, 46.8293509], [8.0478447, 46.8304662], [8.0476502, 46.8316831], [8.0422899, 46.8365749], [8.0456376, 46.8440668], [8.0504808, 46.8455667], [8.0519233, 46.8472278], [8.0560791, 46.8493034], [8.0586916, 46.8530321], [8.0574378, 46.8557328], [8.0584249, 46.8570148], [8.0576659, 46.8574481], [8.0594852, 46.8586064], [8.0618384, 46.8578784], [8.0628212, 46.8587789], [8.0646946, 46.8586018], [8.067274, 46.8623782], [8.0656864, 46.8662252], [8.0693949, 46.8684935], [8.0699265, 46.8693964], [8.0692178, 46.8711645], [8.0716109, 46.8737975], [8.0701169, 46.8767381], [8.0701589, 46.8803139], [8.070852, 46.880167], [8.0709375, 46.8815254], [8.0693808, 46.8821062], [8.0670203, 46.8878242], [8.0696947, 46.8907167], [8.0698929, 46.8957674], [8.0736962, 46.8971047], [8.0780601, 46.8974204], [8.0825817, 46.899152], [8.0861175, 46.9042077], [8.0858277, 46.9061157], [8.0892706, 46.9091702], [8.0933832, 46.9100999], [8.0947865, 46.9111642], [8.0947269, 46.9119748], [8.101502, 46.9089332], [8.1086186, 46.9082484], [8.1062046, 46.9013758], [8.1063084, 46.8985395], [8.1075134, 46.8948389], [8.1111365, 46.892816], [8.1128177, 46.8938784], [8.1176947, 46.9031193], [8.1204399, 46.9058433], [8.1227153, 46.9098569], [8.1280929, 46.9145191], [8.134519, 46.9222248], [8.1383522, 46.9229163], [8.1436589, 46.9272684], [8.151844, 46.9309828], [8.1538502, 46.9328051], [8.1570914, 46.9333567], [8.1592436, 46.9356785], [8.1622117, 46.9366836], [8.1648504, 46.9389313], [8.1617132, 46.943479], [8.1608081, 46.9434132], [8.1509167, 46.9528401], [8.1512521, 46.9559687], [8.1501194, 46.9577606], [8.155122, 46.9592816], [8.1551706, 46.9603777], [8.1569236, 46.9613917], [8.1592185, 46.9612104], [8.162684, 46.9639927], [8.1749077, 46.9672763], [8.1766303, 46.9685526], [8.1819545, 46.968542], [8.1873231, 46.9717254], [8.1949374, 46.9687431], [8.2026722, 46.9669515], [8.216798, 46.9691928], [8.2259139, 46.9690828], [8.2289215, 46.9700872], [8.2296132, 46.9721566], [8.2288975, 46.9731866], [8.2296501, 46.9736891], [8.2313131, 46.9731991], [8.2346591, 46.9744421], [8.2405301, 46.9734691], [8.2438721, 46.9741891], [8.2541871, 46.9801431], [8.2559811, 46.9795121], [8.2607391, 46.9802661], [8.2625041, 46.9783031], [8.2732521, 46.9784121], [8.2818561, 46.9757821], [8.3011671, 46.9776551], [8.3071201, 46.9758681], [8.3069041, 46.9740691], [8.3110291, 46.9691261], [8.3061451, 46.9558011], [8.3098561, 46.9521601], [8.2987431, 46.9462561], [8.2949421, 46.9419451], [8.2921831, 46.9401021], [8.2880821, 46.9337861], [8.3003951, 46.9299641], [8.3011711, 46.9283971], [8.3095801, 46.9242651], [8.3130101, 46.9252731], [8.3154591, 46.9243151], [8.3233841, 46.9254371], [8.3381231, 46.9291551], [8.3401191, 46.9280451], [8.3411441, 46.9261091], [8.3398691, 46.9232181], [8.3404431, 46.9213621], [8.3384051, 46.9184571], [8.3419241, 46.9170891], [8.3433691, 46.9148241], [8.3413301, 46.9091411], [8.3367671, 46.9052851], [8.3368091, 46.9012541], [8.3383481, 46.8971191], [8.3381381, 46.8907651], [8.3331481, 46.8860031], [8.3330911, 46.8820501], [8.3283951, 46.8777531], [8.3298111, 46.8740001], [8.3294751, 46.8714851], [8.3319801, 46.8684781], [8.3341031, 46.8674321], [8.3344471, 46.8611151], [8.3306761, 46.8564081], [8.3300881, 46.8539941], [8.3307471, 46.8518391], [8.3279031, 46.8468731], [8.3292101, 46.8420431], [8.3316441, 46.8397371], [8.3321601, 46.8335821], [8.3358421, 46.8329471], [8.3348101, 46.8308881], [8.3352331, 46.8282351], [8.3349021, 46.8272911], [8.3322161, 46.8257121], [8.3256891, 46.8238801], [8.3218681, 46.8205921], [8.3234541, 46.8196111], [8.3229511, 46.8184951], [8.3266471, 46.8145951], [8.3314231, 46.8124811], [8.3320111, 46.8109501], [8.3372141, 46.8077311], [8.3390811, 46.8053761], [8.3432351, 46.8045251], [8.3437361, 46.8029171], [8.3428461, 46.8022111], [8.3441311, 46.8003261], [8.3473991, 46.7989621], [8.3491341, 46.7970531], [8.3620131, 46.7930091], [8.3688911, 46.7879241]]]]}}, {"type": "Feature", "properties": {"name": "Schaffhausen", "parent": "che", "version": 1, "source": "gsak", "licence": "ODbL"}, "geometry": {"type": "MultiPolygon", "coordinates": [[[[8.5955631, 47.6055981], [8.5942061, 47.6012361], [8.5950631, 47.5979451], [8.5942841, 47.5964091], [8.5826451, 47.5929401], [8.5780621, 47.5889281], [8.5771501, 47.5842191], [8.5801191, 47.5787031], [8.5801171, 47.5770531], [8.5785671, 47.5759401], [8.5735321, 47.5752341], [8.5717111, 47.5739601], [8.5699951, 47.5709091], [8.5691071, 47.5660411], [8.5672111, 47.5618511], [8.5583571, 47.5525691], [8.5552401, 47.5523931], [8.5516881, 47.5551541], [8.5506651, 47.5565741], [8.5488471, 47.5635631], [8.5459231, 47.5670081], [8.5413791, 47.5699051], [8.5462621, 47.5713011], [8.5468554, 47.5723951], [8.5460701, 47.5727341], [8.5464961, 47.5741081], [8.5441431, 47.5747421], [8.5394621, 47.5742321], [8.5348341, 47.5753171], [8.5375091, 47.5779991], [8.5407451, 47.5777601], [8.5366961, 47.5810721], [8.5390741, 47.5824811], [8.5366961, 47.5864701], [8.5409531, 47.5899581], [8.5476531, 47.5926271], [8.5504121, 47.5921171], [8.5557911, 47.5940921], [8.5563011, 47.5973531], [8.5603051, 47.5989941], [8.5631061, 47.5993411], [8.5664581, 47.5971761], [8.5714991, 47.5981391], [8.5748031, 47.5954731], [8.5771651, 47.5967701], [8.5824811, 47.5959771], [8.5841141, 47.5995641], [8.5877711, 47.6016001], [8.5900551, 47.6012541], [8.5911651, 47.6021341], [8.5926351, 47.6060731], [8.5955631, 47.6055981]]], [[[8.7721251, 47.7182961], [8.7769041, 47.7211571], [8.7762231, 47.7226291], [8.7807011, 47.7216781], [8.7823501, 47.7242021], [8.7839101, 47.7249401], [8.7836501, 47.7260641], [8.7848281, 47.7273911], [8.7866958, 47.7265494], [8.7885861, 47.7277311], [8.7905981, 47.7272501], [8.7916891, 47.7287431], [8.7990981, 47.7271161], [8.7964241, 47.7345431], [8.7996961, 47.7354291], [8.7993141, 47.7361171], [8.8044071, 47.7367861], [8.8052101, 47.7381541], [8.8065591, 47.7382861], [8.8075171, 47.7370951], [8.8070151, 47.7346881], [8.8083191, 47.7310921], [8.8120861, 47.7304061], [8.8107971, 47.7296421], [8.8112021, 47.7286031], [8.8052741, 47.7255961], [8.8048451, 47.7244691], [8.8127881, 47.7237721], [8.8184571, 47.7176961], [8.8250471, 47.7188361], [8.8260781, 47.7179401], [8.8189101, 47.7133841], [8.8189361, 47.7127091], [8.8229701, 47.7121931], [8.8224941, 47.7116711], [8.8233551, 47.7110701], [8.8251511, 47.7110641], [8.8298231, 47.7117451], [8.8296931, 47.7123911], [8.8333581, 47.7145701], [8.8338401, 47.7139101], [8.8403581, 47.7128531], [8.8408191, 47.7120941], [8.8430111, 47.7122061], [8.8454781, 47.7111501], [8.8458621, 47.7071971], [8.8481041, 47.7033991], [8.8545551, 47.7048601], [8.8610721, 47.7042261], [8.8663741, 47.7055471], [8.8728521, 47.7038591], [8.8695561, 47.7017921], [8.8710811, 47.7012991], [8.8712721, 47.6999341], [8.8720641, 47.7000191], [8.8760591, 47.6967621], [8.8733271, 47.6941941], [8.8666541, 47.6941301], [8.8633861, 47.6926501], [8.8628152, 47.6933867], [8.8664627, 47.6964014], [8.8631751, 47.6984291], [8.8603511, 47.6964911], [8.8598281, 47.6983351], [8.8577941, 47.6988651], [8.8554342, 47.6972346], [8.8514258, 47.6976124], [8.8506401, 47.6946141], [8.8547441, 47.6944621], [8.8573391, 47.6925071], [8.8555881, 47.6899451], [8.8558691, 47.6891201], [8.8535151, 47.6881081], [8.8530321, 47.6862271], [8.8508621, 47.6856091], [8.8505531, 47.6830421], [8.8513111, 47.6826131], [8.8502951, 47.6816941], [8.8609891, 47.6803731], [8.8668731, 47.6765761], [8.8702751, 47.6721271], [8.8737356, 47.6697995], [8.8762157, 47.660594], [8.8754751, 47.6602884], [8.8754915, 47.6547563], [8.8723831, 47.6539181], [8.8653831, 47.6561021], [8.8607051, 47.6539811], [8.8580311, 47.6501381], [8.8502791, 47.6516731], [8.8496411, 47.6510291], [8.8454581, 47.6531881], [8.8476591, 47.6539381], [8.8468461, 47.6546011], [8.8475411, 47.6553351], [8.8486851, 47.6549211], [8.8545491, 47.6606341], [8.8418701, 47.6642571], [8.8400721, 47.6661481], [8.8397091, 47.6683471], [8.8382901, 47.6703251], [8.8301911, 47.6746951], [8.8268331, 47.6748851], [8.8165091, 47.6777981], [8.8096421, 47.6767111], [8.8036951, 47.6784961], [8.7958441, 47.6753201], [8.7934721, 47.6795791], [8.7970231, 47.6883981], [8.7998551, 47.6918241], [8.8028121, 47.6922801], [8.8058461, 47.6915541], [8.8099741, 47.6933281], [8.8061561, 47.6965121], [8.7974891, 47.6972001], [8.7986221, 47.7001281], [8.7973031, 47.7026951], [8.7914771, 47.7051411], [8.7872421, 47.7046171], [8.7691811, 47.7067301], [8.7695781, 47.7089661], [8.7711981, 47.7099011], [8.7712631, 47.7118971], [8.7727561, 47.7131961], [8.7702321, 47.7150541], [8.7709551, 47.7159571], [8.7702241, 47.7159541], [8.7701961, 47.7190891], [8.7721251, 47.7182961]]], [[[8.4932711, 47.6469451], [8.4942191, 47.6420391], [8.4922851, 47.6420591], [8.4916971, 47.6428981], [8.4895791, 47.6424821], [8.4885681, 47.6443861], [8.4873371, 47.6450111], [8.4851191, 47.6439371], [8.4828931, 47.6439971], [8.4814041, 47.6458421], [8.4820581, 47.6474451], [8.4803611, 47.6492341], [8.4762781, 47.6500591], [8.4740771, 47.6497131], [8.4729591, 47.6489921], [8.4733871, 47.6472681], [8.4773891, 47.6459661], [8.4777511, 47.6448601], [8.4715491, 47.6426161], [8.4711181, 47.6418151], [8.4777881, 47.6396551], [8.4740891, 47.6392461], [8.4734311, 47.6383041], [8.4702441, 47.6389911], [8.4666241, 47.6421891], [8.4638951, 47.6483361], [8.4670831, 47.6559711], [8.4661401, 47.6570061], [8.4573091, 47.6527161], [8.4536321, 47.6547351], [8.4505511, 47.6549751], [8.4452761, 47.6538451], [8.4385271, 47.6573531], [8.4367381, 47.6573881], [8.4324151, 47.6618071], [8.4237371, 47.6667151], [8.4124181, 47.6662601], [8.4060071, 47.6732861], [8.4062971, 47.6758591], [8.4093511, 47.6789781], [8.4162161, 47.6796941], [8.4185221, 47.6828241], [8.4208461, 47.6838031], [8.4181421, 47.6883201], [8.4120081, 47.6944681], [8.4063951, 47.6956551], [8.4047291, 47.6980101], [8.4079931, 47.7019701], [8.4167821, 47.7099781], [8.4202111, 47.7095001], [8.4253731, 47.7116131], [8.4260871, 47.7111101], [8.4364321, 47.7181151], [8.4416981, 47.7177001], [8.4417131, 47.7185851], [8.4402441, 47.7195341], [8.4453341, 47.7229821], [8.4550901, 47.7223171], [8.4555041, 47.7229791], [8.4542471, 47.7234941], [8.4547651, 47.7271051], [8.4569661, 47.7288561], [8.4571051, 47.7299661], [8.4525481, 47.7305391], [8.4498631, 47.7379771], [8.4521601, 47.7410641], [8.4557011, 47.7426521], [8.4553571, 47.7440281], [8.4564961, 47.7454951], [8.4566391, 47.7490391], [8.4578011, 47.7500991], [8.4667621, 47.7534641], [8.4689421, 47.7586501], [8.4729001, 47.7636441], [8.4821671, 47.7686321], [8.4887001, 47.7732161], [8.4902121, 47.7719681], [8.4958401, 47.7706381], [8.5008861, 47.7732291], [8.5094181, 47.7745521], [8.5101521, 47.7761201], [8.5200581, 47.7706061], [8.5226211, 47.7748571], [8.5262001, 47.7780161], [8.5323881, 47.7777931], [8.5404771, 47.7813559], [8.5435891, 47.7814671], [8.5525831, 47.7844561], [8.5565851, 47.7835181], [8.5615921, 47.7804021], [8.5630761, 47.7803671], [8.5627691, 47.7778301], [8.5660281, 47.7778891], [8.5767591, 47.7814591], [8.5757301, 47.7849651], [8.5742281, 47.7866621], [8.5748251, 47.7894681], [8.5635311, 47.7923711], [8.5625771, 47.7916901], [8.5617941, 47.7925171], [8.5634241, 47.8049421], [8.568024, 47.8085587], [8.5697941, 47.8064831], [8.5731321, 47.8058901], [8.5756591, 47.8013771], [8.5752931, 47.7995851], [8.5800841, 47.8001561], [8.5873861, 47.8025251], [8.5895651, 47.8004181], [8.5929771, 47.7988961], [8.5980791, 47.8022861], [8.6001611, 47.8028511], [8.6114811, 47.8017461], [8.6184681, 47.7982631], [8.6178231, 47.7959631], [8.6219941, 47.7947431], [8.6204261, 47.7887061], [8.6157851, 47.7869651], [8.6150681, 47.7835101], [8.6175861, 47.7798981], [8.6187164, 47.7800589], [8.6189418, 47.7780316], [8.6230491, 47.7771561], [8.6209121, 47.7716831], [8.6194231, 47.7701831], [8.6192831, 47.7675211], [8.6248131, 47.7638601], [8.6275751, 47.7592841], [8.6316371, 47.7582631], [8.6402651, 47.7642461], [8.6423661, 47.7651581], [8.6446301, 47.7642961], [8.6476951, 47.7669291], [8.6455281, 47.7685241], [8.6492711, 47.7702461], [8.6529171, 47.7733321], [8.6513211, 47.7741851], [8.6479811, 47.7739421], [8.6497893, 47.7825475], [8.6490301, 47.7840861], [8.6454491, 47.7871111], [8.6455621, 47.7904781], [8.6465021, 47.7947091], [8.6485481, 47.7948741], [8.6492461, 47.7983431], [8.6568241, 47.8002661], [8.6607681, 47.7941571], [8.6575967, 47.791837], [8.6615731, 47.7917401], [8.6649521, 47.7901931], [8.6673111, 47.7877311], [8.6710581, 47.7875771], [8.6760991, 47.7856251], [8.6783261, 47.7867061], [8.6812374, 47.7864559], [8.6803763, 47.7851276], [8.6821231, 47.7836791], [8.6833664, 47.7807367], [8.683418, 47.7770897], [8.6883991, 47.7735881], [8.6833711, 47.7705531], [8.6863355, 47.7658171], [8.6873129, 47.7624877], [8.6883361, 47.7617871], [8.6878611, 47.7591941], [8.6915021, 47.7568451], [8.6950061, 47.7557611], [8.6957051, 47.7568621], [8.6971921, 47.7565881], [8.6989181, 47.7595511], [8.7027111, 47.7607921], [8.7067161, 47.7637101], [8.7092941, 47.7631441], [8.7139551, 47.7653611], [8.7181441, 47.7646471], [8.7212121, 47.7631111], [8.7220401, 47.7639311], [8.7233621, 47.7634301], [8.7231161, 47.7629081], [8.7271561, 47.7624601], [8.7308221, 47.7595751], [8.7288311, 47.7579051], [8.7410121, 47.7520181], [8.7406171, 47.7495951], [8.7412151, 47.7482761], [8.7395391, 47.7466221], [8.7279211, 47.7461631], [8.7265531, 47.7450321], [8.7235791, 47.7456941], [8.7215471, 47.7440251], [8.7201761, 47.7410641], [8.7146275, 47.738659], [8.7111121, 47.7300801], [8.7138521, 47.7276181], [8.7179251, 47.7215461], [8.7246771, 47.7211961], [8.7245631, 47.7200291], [8.7329981, 47.7184491], [8.7363201, 47.7162001], [8.7319591, 47.7114301], [8.7308921, 47.7072791], [8.7269641, 47.6985821], [8.7264111, 47.6966061], [8.7278891, 47.6927441], [8.7175101, 47.6906751], [8.7167731, 47.6924161], [8.7173751, 47.6926591], [8.7173591, 47.6949671], [8.7113071, 47.6963491], [8.7118631, 47.7010981], [8.7086581, 47.7040621], [8.7077211, 47.7079331], [8.7067851, 47.7095211], [8.7059701, 47.7095321], [8.7062501, 47.7107551], [8.7046601, 47.7131661], [8.7013581, 47.7152321], [8.6984981, 47.7149951], [8.6971541, 47.7137801], [8.6895291, 47.7116951], [8.6901381, 47.7094491], [8.6858001, 47.7086561], [8.6801411, 47.7104721], [8.6815281, 47.7116171], [8.6811231, 47.7123601], [8.6776491, 47.7129501], [8.6742071, 47.7124991], [8.6708601, 47.7108541], [8.6644591, 47.7134281], [8.6659201, 47.7079651], [8.6737671, 47.7048091], [8.6762791, 47.6981691], [8.6761031, 47.6975191], [8.6739881, 47.6978991], [8.6735761, 47.6951221], [8.6678901, 47.6932101], [8.6681632, 47.6920747], [8.6586331, 47.6912491], [8.6595091, 47.6893321], [8.6636561, 47.6879501], [8.6631901, 47.6852891], [8.6592931, 47.6864121], [8.6464901, 47.6932631], [8.6423611, 47.6945031], [8.6343111, 47.6924781], [8.6254801, 47.6911451], [8.6248461, 47.6916351], [8.6237401, 47.6896181], [8.6270661, 47.6796931], [8.6259321, 47.6775991], [8.6237391, 47.6762801], [8.6183441, 47.6751631], [8.6134211, 47.6786651], [8.6105321, 47.6758181], [8.6092971, 47.6718831], [8.5980271, 47.6727111], [8.5959141, 47.6692041], [8.5932281, 47.6667821], [8.5914441, 47.6674641], [8.5883151, 47.6665351], [8.5775941, 47.6615311], [8.5737341, 47.6627141], [8.5708791, 47.6647511], [8.5691051, 47.6641541], [8.5661841, 47.6657261], [8.5647651, 47.6652531], [8.5634371, 47.6681421], [8.5636831, 47.6700961], [8.5607931, 47.6704171], [8.5531211, 47.6690991], [8.5492121, 47.6672861], [8.5465691, 47.6673811], [8.5424721, 47.6653591], [8.5399311, 47.6650881], [8.5388491, 47.6627451], [8.5415681, 47.6568841], [8.5344071, 47.6593601], [8.5334191, 47.6631321], [8.5269641, 47.6604451], [8.5280051, 47.6579801], [8.5299751, 47.6569731], [8.5290431, 47.6551071], [8.5346591, 47.6496441], [8.5312541, 47.6455671], [8.5229021, 47.6448981], [8.5129941, 47.6475521], [8.5089281, 47.6466691], [8.4997521, 47.6472401], [8.5001391, 47.6461421], [8.4932711, 47.6469451]]]]}}, {"type": "Feature", "properties": {"name": "Schwyz", "parent": "che", "version": 1, "source": "gsak", "licence": "ODbL"}, "geometry": {"type": "Polygon", "coordinates": [[[8.4651657, 46.9842929], [8.4966265, 46.9764727], [8.5194642, 46.979768], [8.542792, 46.9795906], [8.5710779, 46.9901324], [8.5824868, 46.9933927], [8.5971105, 46.9901871], [8.6030518, 46.9867983], [8.6041047, 46.982312], [8.6012242, 46.9752568], [8.6035108, 46.9685764], [8.6043997, 46.9520144], [8.6223482, 46.9527074], [8.628133, 46.9499261], [8.6449627, 46.9490754], [8.6567489, 46.9459818], [8.6597126, 46.9463326], [8.6698436, 46.944155], [8.6792121, 46.9459656], [8.6844555, 46.9454814], [8.6926697, 46.947056], [8.6940571, 46.9445893], [8.6966776, 46.9428962], [8.6967457, 46.9401966], [8.6998072, 46.9349225], [8.7003129, 46.9326903], [8.6967434, 46.9288836], [8.6975717, 46.9264005], [8.6995285, 46.9230503], [8.7058201, 46.9197871], [8.7077932, 46.9171562], [8.7119916, 46.9184141], [8.7178695, 46.918506], [8.7179205, 46.9192701], [8.7204715, 46.9202537], [8.7206059, 46.9217591], [8.7247405, 46.9244341], [8.724529, 46.9252012], [8.7254324, 46.9259108], [8.7288421, 46.9270869], [8.7285102, 46.9283052], [8.7314018, 46.9284075], [8.7327466, 46.9297193], [8.7364385, 46.9303298], [8.7373371, 46.9321863], [8.7399543, 46.9317968], [8.7408941, 46.9326407], [8.7421929, 46.9320412], [8.7439441, 46.9324936], [8.7449124, 46.9331573], [8.7453905, 46.935266], [8.7490308, 46.9337399], [8.7587271, 46.9368223], [8.75884, 46.9374058], [8.764479, 46.9383752], [8.7666567, 46.9401268], [8.7709585, 46.9414488], [8.7744616, 46.9396987], [8.7743274, 46.9382608], [8.7779097, 46.9331134], [8.7878896, 46.9304322], [8.7920372, 46.9308555], [8.7917973, 46.931758], [8.7956, 46.9341196], [8.7961615, 46.9355524], [8.7980334, 46.9368572], [8.8045103, 46.938467], [8.8106627, 46.9414973], [8.814202, 46.9386434], [8.8201137, 46.9374026], [8.8211018, 46.9362436], [8.8268688, 46.935769], [8.8272421, 46.9336952], [8.8289585, 46.9327747], [8.8300761, 46.9302871], [8.8284354, 46.9252464], [8.8297191, 46.9241062], [8.8275077, 46.9223787], [8.8278224, 46.919316], [8.8361214, 46.9077217], [8.8425005, 46.9094429], [8.847105, 46.9135699], [8.8488216, 46.912694], [8.8494304, 46.9096276], [8.8482597, 46.9025346], [8.84921, 46.8999813], [8.8478589, 46.8910012], [8.849592, 46.8882808], [8.8532247, 46.885447], [8.8547094, 46.885766], [8.8543699, 46.8865799], [8.8555634, 46.888297], [8.8592419, 46.8896908], [8.8613933, 46.8916434], [8.86107, 46.8930644], [8.8620736, 46.8937942], [8.8612416, 46.8945917], [8.8658462, 46.8950067], [8.8711038, 46.8940638], [8.874443, 46.8950116], [8.8809844, 46.8978983], [8.8834259, 46.9008364], [8.8870458, 46.9024326], [8.8911039, 46.9032358], [8.8951973, 46.9029139], [8.8959957, 46.9045232], [8.8986258, 46.9046921], [8.898801, 46.9063093], [8.9018986, 46.9079791], [8.9056188, 46.9084038], [8.9075621, 46.9074567], [8.9073681, 46.9087637], [8.9099674, 46.9090002], [8.9117617, 46.9110015], [8.9150155, 46.911162], [8.9192283, 46.913964], [8.9215895, 46.9138885], [8.9217877, 46.915123], [8.9265357, 46.9158936], [8.9376592, 46.9204493], [8.9399075, 46.9221967], [8.9432226, 46.9221757], [8.9476125, 46.9241872], [8.9484677, 46.925413], [8.9529588, 46.9251737], [8.9543259, 46.9259204], [8.957799, 46.9256719], [8.9580144, 46.9263213], [8.9633451, 46.9267453], [8.9641851, 46.9285785], [8.9628363, 46.9308007], [8.9610888, 46.9317011], [8.9599311, 46.9314016], [8.9566709, 46.9345489], [8.9584119, 46.9345707], [8.9579223, 46.9358368], [8.9561404, 46.9366927], [8.9555531, 46.9391521], [8.9599097, 46.9468767], [8.9613259, 46.9470153], [8.9618586, 46.9530586], [8.9629559, 46.954686], [8.9673072, 46.9575295], [8.9707487, 46.9584057], [8.9716449, 46.9598782], [8.9679649, 46.9598599], [8.9651733, 46.9610442], [8.9573209, 46.9621833], [8.94885, 46.9682107], [8.9498392, 46.9695022], [8.9456659, 46.9671505], [8.9322879, 46.9823054], [8.9399331, 46.9842073], [8.9412155, 46.9854051], [8.9414118, 46.9877192], [8.9387435, 46.9875067], [8.9375665, 46.986555], [8.9362221, 46.9890242], [8.9353274, 46.988766], [8.9323355, 46.9910992], [8.9303005, 46.995939], [8.9283762, 46.9976734], [8.9224277, 47.0013042], [8.9216749, 47.0014264], [8.9208147, 47.0000431], [8.9171847, 47.0031264], [8.9165849, 47.0064179], [8.9152062, 47.0076952], [8.9116847, 47.0087751], [8.9104649, 47.0170453], [8.9001165, 47.0210687], [8.8948524, 47.0210007], [8.8929523, 47.0237013], [8.8952606, 47.0239194], [8.8955627, 47.0253551], [8.9035111, 47.0273455], [8.9032449, 47.0296431], [8.9007743, 47.0319238], [8.9014937, 47.0329717], [8.9005108, 47.0367403], [8.9021256, 47.0380468], [8.9065778, 47.0384397], [8.9091119, 47.0396668], [8.9141153, 47.03976], [8.9154607, 47.0384381], [8.9213738, 47.0381145], [8.9261131, 47.0405497], [8.9364612, 47.0435189], [8.9413894, 47.0479528], [8.9481769, 47.0494381], [8.9494912, 47.0575404], [8.9509593, 47.0605799], [8.9523273, 47.0612366], [8.9544114, 47.0651002], [8.9584093, 47.0679488], [8.9595382, 47.0706103], [8.9617344, 47.0714359], [8.9619613, 47.0747841], [8.9609542, 47.0764169], [8.9651567, 47.0783179], [8.9665149, 47.0797618], [8.9665521, 47.0810658], [8.9758337, 47.0855302], [8.9751961, 47.0862585], [8.9573505, 47.0898247], [8.9565834, 47.0906446], [8.9546747, 47.0906923], [8.9539196, 47.0919393], [8.9540775, 47.0940289], [8.95683, 47.0958594], [8.9594186, 47.100031], [8.9705606, 47.1037965], [8.9711791, 47.1046879], [8.970807, 47.1066497], [8.969312, 47.1085139], [8.9711689, 47.110086], [8.9710078, 47.1125173], [8.9733583, 47.1140603], [8.9736869, 47.1151805], [8.9726089, 47.1178039], [8.9671464, 47.1192038], [8.9653098, 47.1218147], [8.9692142, 47.1304445], [8.9681853, 47.133652], [8.9693919, 47.1343556], [8.967378, 47.1365416], [8.9728342, 47.1394603], [8.9744687, 47.1412828], [8.9745274, 47.1433287], [8.9916214, 47.1621268], [9.0047094, 47.1732625], [9.0024462, 47.1748228], [9.0019708, 47.1743569], [8.9963271, 47.1765027], [8.9976207, 47.1778796], [8.9928357, 47.1800811], [8.9803954, 47.1833748], [8.9772102, 47.1827427], [8.9767576, 47.1819166], [8.9739623, 47.1822238], [8.9733113, 47.1802308], [8.9708485, 47.1806235], [8.9703379, 47.178921], [8.9620044, 47.1793465], [8.9616494, 47.1842543], [8.9575646, 47.1995573], [8.9653808, 47.1982393], [8.9691672, 47.2117736], [8.974214, 47.2128085], [8.9724456, 47.2155985], [8.9690325, 47.2174432], [8.9559923, 47.2162439], [8.9413901, 47.2181673], [8.9367964, 47.2179797], [8.8485063, 47.2084346], [8.8400823, 47.2081327], [8.8287966, 47.2094615], [8.8220858, 47.211589], [8.814854, 47.2152966], [8.8085086, 47.2201402], [8.7933516, 47.2225461], [8.7406307, 47.2116847], [8.7171028, 47.2036047], [8.7129979, 47.2030655], [8.7101327, 47.2005334], [8.7044692, 47.20244], [8.7029633, 47.2015569], [8.7031347, 47.1990362], [8.7019519, 47.1978572], [8.6940596, 47.1961894], [8.6854879, 47.1865895], [8.6810733, 47.184006], [8.6812765, 47.181395], [8.6803344, 47.1791787], [8.6827491, 47.1752169], [8.6828742, 47.1735063], [8.691278, 47.169007], [8.6922341, 47.1633191], [8.6958526, 47.1629973], [8.6967921, 47.1594786], [8.6982931, 47.1588099], [8.6980514, 47.1569459], [8.6992036, 47.1554714], [8.698788, 47.153227], [8.7011416, 47.1509746], [8.6991226, 47.150637], [8.6987389, 47.1497416], [8.6959783, 47.1501091], [8.6904515, 47.1477855], [8.6847456, 47.1420001], [8.6842565, 47.1393966], [8.6852015, 47.1375196], [8.6875991, 47.1371563], [8.6864212, 47.136112], [8.6874415, 47.1346391], [8.6859279, 47.1347455], [8.6845048, 47.1330742], [8.6843808, 47.131996], [8.6860099, 47.1311912], [8.684123, 47.1308293], [8.6846621, 47.1299239], [8.6824668, 47.1276312], [8.6814477, 47.1248984], [8.677845, 47.12442], [8.6775518, 47.1231413], [8.676825, 47.1230591], [8.6777328, 47.1224196], [8.6763173, 47.1224799], [8.6757951, 47.121271], [8.6746793, 47.121463], [8.6727135, 47.120517], [8.6717246, 47.1190658], [8.670704, 47.1190992], [8.6710847, 47.1184654], [8.6704872, 47.1182694], [8.6714753, 47.1182588], [8.6720392, 47.1169933], [8.6710825, 47.1169361], [8.6715919, 47.116166], [8.6710906, 47.1158565], [8.6598301, 47.1147173], [8.6606007, 47.1123926], [8.6597774, 47.110962], [8.6539769, 47.1079424], [8.6454898, 47.0996881], [8.6450096, 47.0959148], [8.6372112, 47.0932751], [8.6258644, 47.0939328], [8.6230209, 47.0949067], [8.6089865, 47.0946682], [8.6074489, 47.0921201], [8.5998448, 47.0907354], [8.5961726, 47.0914696], [8.5935184, 47.0905518], [8.5910153, 47.0890026], [8.5900718, 47.0864707], [8.5810949, 47.0839516], [8.5766337, 47.084738], [8.5767182, 47.0840625], [8.5742436, 47.0822653], [8.5657225, 47.0809999], [8.5627535, 47.0822884], [8.564833, 47.0872383], [8.5624015, 47.0937617], [8.5558077, 47.0933987], [8.544336, 47.0944318], [8.5408002, 47.0922393], [8.5255084, 47.0916429], [8.5241655, 47.0903737], [8.5211623, 47.0900422], [8.4763346, 47.1061947], [8.4754212, 47.1112796], [8.4736607, 47.1122727], [8.4712064, 47.1116751], [8.4703911, 47.1128265], [8.4658752, 47.11118], [8.4619293, 47.111096], [8.4614268, 47.1121971], [8.4599551, 47.1119003], [8.4591755, 47.113123], [8.4571722, 47.1124018], [8.449915, 47.1144208], [8.448354, 47.1112399], [8.4426364, 47.1115999], [8.4375682, 47.1093555], [8.4368696, 47.1074543], [8.437301, 47.1062586], [8.431954, 47.1058758], [8.4240983, 47.1038217], [8.4207135, 47.1019435], [8.4142875, 47.0959429], [8.4093102, 47.0927905], [8.4099342, 47.0906396], [8.4090987, 47.088883], [8.4106137, 47.0859386], [8.4092315, 47.0847824], [8.4089742, 47.0822105], [8.407098, 47.0807486], [8.4066122, 47.0790128], [8.3998463, 47.0753277], [8.3978191, 47.0751063], [8.3947398, 47.0726771], [8.3889463, 47.0705801], [8.388792, 47.069771], [8.3905555, 47.0613191], [8.3991014, 47.0595557], [8.4302838, 47.0654398], [8.4318891, 47.0654974], [8.4363494, 47.0634805], [8.4407074, 47.0634187], [8.4459837, 47.0603455], [8.4444976, 47.0592384], [8.4468422, 47.0578592], [8.4549009, 47.0544752], [8.4647179, 47.0483577], [8.468382, 47.0482733], [8.469935, 47.0474729], [8.4794051, 47.0397618], [8.4838655, 47.0379578], [8.4863536, 47.0350993], [8.4899066, 47.0332557], [8.4907114, 47.0316517], [8.4945296, 47.0291383], [8.4969234, 47.0286158], [8.5005415, 47.0248172], [8.5081934, 47.0241742], [8.5134755, 47.0217656], [8.5136035, 47.0125032], [8.5113403, 47.009067], [8.5104956, 47.0068813], [8.5108982, 47.0061145], [8.5086702, 47.0044185], [8.5035944, 47.0031067], [8.5008689, 47.0008907], [8.4949062, 47.0004927], [8.4830617, 46.9966908], [8.4737431, 46.9955832], [8.46812, 46.996516], [8.4651657, 46.9842929]]]}}, {"type": "Feature", "properties": {"name": "Solothurn", "parent": "che", "version": 1, "source": "gsak", "licence": "ODbL"}, "geometry": {"type": "MultiPolygon", "coordinates": [[[[7.6815741, 47.1624061], [7.6885551, 47.1666801], [7.6918181, 47.1656851], [7.6947411, 47.1619841], [7.7005791, 47.1617681], [7.6957561, 47.1574001], [7.6935371, 47.1580391], [7.6898741, 47.1527541], [7.6801031, 47.1543241], [7.6752681, 47.1531861], [7.6743001, 47.1539601], [7.6757221, 47.1552751], [7.6752801, 47.1565421], [7.6795941, 47.1630651], [7.6815741, 47.1624061]]], [[[7.4656631, 47.2645961], [7.4719711, 47.2695531], [7.4756951, 47.2761281], [7.4853291, 47.2842311], [7.4871251, 47.2838061], [7.4953121, 47.2868351], [7.4947321, 47.2881031], [7.4983371, 47.2883061], [7.5053571, 47.2907651], [7.5060091, 47.2899881], [7.5212671, 47.2939511], [7.5315801, 47.2941241], [7.5374251, 47.2967221], [7.5397771, 47.2986621], [7.5391191, 47.3019101], [7.5469221, 47.3060291], [7.5463441, 47.3072791], [7.5474411, 47.3091951], [7.5483351, 47.3163441], [7.5583901, 47.3223521], [7.5616641, 47.3214091], [7.5690119, 47.324446], [7.5716191, 47.3270351], [7.5721701, 47.3291111], [7.5605691, 47.3424291], [7.5565641, 47.3419731], [7.5565541, 47.3437831], [7.5522341, 47.3452801], [7.5445611, 47.3474821], [7.5388431, 47.3476901], [7.5369461, 47.3501641], [7.5413741, 47.3557401], [7.5396911, 47.3601001], [7.5338971, 47.3596771], [7.5328171, 47.3614641], [7.5332201, 47.3620071], [7.5301921, 47.3629461], [7.5274641, 47.3628221], [7.5215611, 47.3651651], [7.5245151, 47.3696101], [7.5237421, 47.3719031], [7.4998221, 47.3718811], [7.4872831, 47.3696321], [7.4788571, 47.3713341], [7.4708641, 47.3701281], [7.4635131, 47.3700951], [7.4541291, 47.3725231], [7.4523291, 47.3745301], [7.4482131, 47.3756961], [7.4401661, 47.3800781], [7.4359321, 47.3780121], [7.4378651, 47.3817521], [7.4388251, 47.3859251], [7.4434071, 47.3889811], [7.4415481, 47.4000231], [7.4436387, 47.4006745], [7.4473951, 47.3993411], [7.4494851, 47.3995971], [7.4507181, 47.4014051], [7.4496881, 47.4032321], [7.4541651, 47.4039051], [7.4553691, 47.4035121], [7.4575601, 47.4009091], [7.4626181, 47.4007561], [7.4642871, 47.4021811], [7.4725431, 47.4001291], [7.4776231, 47.4013351], [7.4768261, 47.3960751], [7.4776171, 47.3920571], [7.4802801, 47.3889151], [7.4841351, 47.3890751], [7.4850261, 47.3872201], [7.4919851, 47.3852741], [7.5020201, 47.3846941], [7.5107571, 47.3895051], [7.5186911, 47.3882691], [7.5213931, 47.3911261], [7.5265612, 47.39853], [7.5312321, 47.4034661], [7.5312001, 47.4049831], [7.5273581, 47.4084281], [7.5270781, 47.4099721], [7.5252855, 47.4115704], [7.5258821, 47.4118161], [7.5433296, 47.4139999], [7.5508481, 47.4143521], [7.5679721, 47.4134171], [7.5808241, 47.4146621], [7.5789491, 47.4176041], [7.5748901, 47.4192481], [7.5709381, 47.4195881], [7.5688251, 47.4209361], [7.5684401, 47.4241871], [7.5673591, 47.4258251], [7.5695911, 47.4309011], [7.5685551, 47.4366461], [7.5756491, 47.4367201], [7.5784371, 47.4348921], [7.5777071, 47.4324201], [7.5800841, 47.4320841], [7.5794721, 47.4300021], [7.5816131, 47.4286531], [7.5850221, 47.4285481], [7.5921511, 47.4327371], [7.6022581, 47.4312531], [7.6075091, 47.4325851], [7.6140471, 47.4332901], [7.6158481, 47.4327211], [7.6161951, 47.4375171], [7.6153871, 47.4391531], [7.6166111, 47.4418281], [7.6164921, 47.4454881], [7.6187061, 47.4477631], [7.6226131, 47.4568341], [7.6222471, 47.4617791], [7.6242941, 47.4613261], [7.6261691, 47.4627731], [7.6192411, 47.4672421], [7.6111621, 47.4698971], [7.6048721, 47.4703061], [7.6084711, 47.4748531], [7.6062731, 47.4754251], [7.6056981, 47.4788261], [7.6061781, 47.4805261], [7.6080991, 47.4815671], [7.6089571, 47.4834571], [7.6073821, 47.4892871], [7.6154001, 47.4892101], [7.6241981, 47.4865891], [7.6265221, 47.4848711], [7.6361411, 47.4838891], [7.6409971, 47.4825631], [7.6444361, 47.4854851], [7.6473041, 47.4846901], [7.6496321, 47.4850081], [7.6558591, 47.4872921], [7.6508461, 47.4881541], [7.6554011, 47.4900721], [7.6486351, 47.4916761], [7.6523981, 47.4957591], [7.6583641, 47.4951551], [7.6660441, 47.4966281], [7.6655651, 47.4909651], [7.6683361, 47.4861751], [7.6715461, 47.4844441], [7.6767721, 47.4849371], [7.6839181, 47.4827661], [7.6909771, 47.4814691], [7.6964521, 47.4816871], [7.6997081, 47.4805771], [7.7053261, 47.4757841], [7.7098721, 47.4693371], [7.7062581, 47.4682141], [7.7032351, 47.4642341], [7.7001261, 47.4620511], [7.6987401, 47.4592651], [7.6988421, 47.4557791], [7.6922551, 47.4541001], [7.6908721, 47.4522631], [7.6847041, 47.4478531], [7.6831781, 47.4403231], [7.6865181, 47.4335891], [7.6846031, 47.4304581], [7.6847321, 47.4286471], [7.6796041, 47.4174481], [7.6636521, 47.4099361], [7.6574021, 47.4090171], [7.6327521, 47.4099681], [7.6351361, 47.4003081], [7.6371461, 47.3859311], [7.6333911, 47.3851431], [7.6332921, 47.3831621], [7.6357651, 47.3804751], [7.6417461, 47.3804031], [7.6411011, 47.3782101], [7.6430301, 47.3756221], [7.6442891, 47.3671741], [7.7021811, 47.3724751], [7.7279541, 47.3686871], [7.7342061, 47.3576771], [7.7430341, 47.3494991], [7.7515491, 47.3442431], [7.7542081, 47.3431381], [7.7664491, 47.3427131], [7.7690401, 47.3413881], [7.7687411, 47.3388211], [7.7822081, 47.3395111], [7.7852201, 47.3388391], [7.7852051, 47.3378071], [7.7935361, 47.3388921], [7.7953791, 47.3462881], [7.7949731, 47.3496241], [7.7961141, 47.3527521], [7.8021701, 47.3609581], [7.8051851, 47.3622431], [7.8221581, 47.3630551], [7.8306401, 47.3649751], [7.8336731, 47.3673301], [7.8370441, 47.3725851], [7.8417141, 47.3752751], [7.8480801, 47.3767931], [7.8500551, 47.3781771], [7.8585871, 47.3795721], [7.8600941, 47.3800701], [7.8599471, 47.3809421], [7.8627181, 47.3818671], [7.8686491, 47.3811561], [7.8761681, 47.3843721], [7.8789091, 47.3833921], [7.8796761, 47.3844581], [7.8792541, 47.3881811], [7.8775021, 47.3890641], [7.8770381, 47.3901751], [7.8739571, 47.3900321], [7.8719421, 47.3912441], [7.8692251, 47.3954191], [7.8753341, 47.3973941], [7.8778311, 47.4011551], [7.8797661, 47.4016141], [7.8818651, 47.4005651], [7.8835331, 47.4010811], [7.8832291, 47.4021181], [7.8842901, 47.4031281], [7.8834431, 47.4037701], [7.8841831, 47.4047821], [7.8833741, 47.4060771], [7.8900331, 47.4071411], [7.8988321, 47.4016151], [7.9008521, 47.4007661], [7.9019171, 47.4019571], [7.9037701, 47.4023081], [7.9063541, 47.3998941], [7.9096501, 47.3984731], [7.9128111, 47.4001591], [7.9210681, 47.4023021], [7.9242221, 47.4019541], [7.9326881, 47.4052581], [7.9366341, 47.4079691], [7.9348601, 47.4117431], [7.9367461, 47.4128211], [7.9449551, 47.4144581], [7.9456111, 47.4155811], [7.9484021, 47.4162361], [7.9549491, 47.4154661], [7.9558991, 47.4165331], [7.9540331, 47.4171261], [7.9567571, 47.4188001], [7.9563091, 47.4194031], [7.9618531, 47.4218031], [7.9499041, 47.4317211], [7.9519781, 47.4327631], [7.9480131, 47.4402381], [7.9469431, 47.4439691], [7.9474541, 47.4454431], [7.9501251, 47.4457191], [7.9527831, 47.4486381], [7.9578861, 47.4513781], [7.9570811, 47.4521811], [7.9585351, 47.4527461], [7.9585291, 47.4536881], [7.9564701, 47.4550871], [7.9606741, 47.4552101], [7.9606691, 47.4576551], [7.9632251, 47.4596871], [7.9657741, 47.4603961], [7.9679251, 47.4625131], [7.9744101, 47.4594961], [7.9767501, 47.4538261], [7.9750161, 47.4520421], [7.9808971, 47.4486011], [7.9840691, 47.4429091], [7.9837141, 47.4376351], [7.9874501, 47.4287121], [7.9856321, 47.4227221], [7.9842951, 47.4228391], [7.9838571, 47.4282991], [7.9831881, 47.4283211], [7.9631151, 47.4222311], [7.9723331, 47.4188801], [7.9741341, 47.4194501], [7.9773041, 47.4161931], [7.9819551, 47.4136901], [7.9846901, 47.4141091], [7.9881051, 47.4133411], [7.9897471, 47.4140761], [7.9906021, 47.4119431], [7.9917961, 47.4111541], [8.0016781, 47.4094811], [8.0071731, 47.4065621], [8.0103271, 47.4001841], [8.0099381, 47.3952081], [8.0140451, 47.3942181], [8.0173421, 47.3947241], [8.0199231, 47.3936721], [8.0205921, 47.3956471], [8.0266361, 47.3954631], [8.0315791, 47.3834961], [8.0297871, 47.3792831], [8.0298261, 47.3772871], [8.0278521, 47.3740271], [8.0284061, 47.3730101], [8.0269321, 47.3685881], [8.0252611, 47.3676001], [8.0244521, 47.3651921], [8.0195101, 47.3635551], [8.0172381, 47.3620001], [8.0167991, 47.3604971], [8.0105751, 47.3568551], [8.0130431, 47.3542541], [8.0119701, 47.3497801], [8.0038451, 47.3452401], [8.0044201, 47.3433171], [8.0074391, 47.3394111], [8.0052311, 47.3367191], [8.0011851, 47.3347581], [7.9908951, 47.3325541], [7.9899951, 47.3310921], [7.9873281, 47.3294781], [7.9874171, 47.3287091], [7.9853141, 47.3276451], [7.9847221, 47.3284981], [7.9778761, 47.3259211], [7.9762021, 47.3246461], [7.9764721, 47.3236781], [7.9568001, 47.3197191], [7.9485691, 47.3172131], [7.9471381, 47.3220551], [7.9473531, 47.3252431], [7.9489111, 47.3295491], [7.9478541, 47.3326541], [7.9378331, 47.3324851], [7.9193811, 47.3339561], [7.9119271, 47.3386831], [7.9093181, 47.3408921], [7.9083631, 47.3429811], [7.9077851, 47.3393161], [7.9038201, 47.3362341], [7.8968261, 47.3275431], [7.8960431, 47.3239351], [7.8982261, 47.3199261], [7.8910371, 47.3150121], [7.8899261, 47.3119061], [7.8871861, 47.3105941], [7.8745961, 47.3118261], [7.8616181, 47.3062921], [7.8547731, 47.2956491], [7.8529881, 47.2915241], [7.8488471, 47.2876311], [7.8474111, 47.2847461], [7.8451081, 47.2824341], [7.8439761, 47.2770911], [7.8422741, 47.2748131], [7.8337591, 47.2681891], [7.8262761, 47.2659711], [7.8167721, 47.2615591], [7.8141351, 47.2613751], [7.8069911, 47.2632401], [7.8055581, 47.2647441], [7.8049201, 47.2681851], [7.8015621, 47.2680271], [7.7979991, 47.2657961], [7.7932861, 47.2609701], [7.7875151, 47.2576541], [7.7861951, 47.2559711], [7.7758571, 47.2613771], [7.7747271, 47.2678061], [7.7648871, 47.2666261], [7.7608201, 47.2626091], [7.7589211, 47.2592221], [7.7566841, 47.2581911], [7.7492761, 47.2587001], [7.7446031, 47.2570341], [7.7384311, 47.2598481], [7.7327441, 47.2590571], [7.7248371, 47.2661841], [7.7243431, 47.2675021], [7.7252637, 47.2691187], [7.7154971, 47.2764691], [7.7124831, 47.2738101], [7.7094341, 47.2757091], [7.7106301, 47.2767611], [7.7082071, 47.2782691], [7.7090291, 47.2792981], [7.7066191, 47.2812611], [7.7056861, 47.2803571], [7.7030161, 47.2829691], [7.7039011, 47.2836721], [7.7009091, 47.2865061], [7.6992001, 47.2863681], [7.6884151, 47.2904241], [7.6847961, 47.2939251], [7.6798391, 47.2901891], [7.6766191, 47.2890251], [7.6710501, 47.2875381], [7.6685001, 47.2886121], [7.6606911, 47.2866931], [7.6578251, 47.2849691], [7.6481611, 47.2818761], [7.6141311, 47.2810671], [7.5801001, 47.2761911], [7.5869681, 47.2696811], [7.5936901, 47.2661121], [7.5944011, 47.2648091], [7.5977651, 47.2541081], [7.5960791, 47.2455551], [7.5995311, 47.2446501], [7.6028171, 47.2417861], [7.6049491, 47.2419791], [7.6056491, 47.2413661], [7.6051861, 47.2398231], [7.6062361, 47.2389041], [7.6093251, 47.2394111], [7.6094471, 47.2379611], [7.6111271, 47.2380071], [7.6139721, 47.2364091], [7.6150557, 47.2344271], [7.6170661, 47.2339431], [7.6165691, 47.2329981], [7.6184271, 47.2313231], [7.6191201, 47.2288261], [7.6235371, 47.2293391], [7.6261081, 47.2262741], [7.6295011, 47.2283031], [7.6309601, 47.2265181], [7.6340871, 47.2285101], [7.6353281, 47.2271581], [7.6405041, 47.2296501], [7.6442041, 47.2251591], [7.6391841, 47.2230841], [7.6409911, 47.2210651], [7.6485221, 47.2187071], [7.6466201, 47.2173501], [7.6460141, 47.2147291], [7.6512931, 47.2065851], [7.6475071, 47.2016271], [7.6623261, 47.2008101], [7.6627261, 47.1985591], [7.6646081, 47.1974261], [7.6657761, 47.1979241], [7.6665751, 47.1958031], [7.6685641, 47.1959791], [7.6691291, 47.1941291], [7.6715481, 47.1949071], [7.6712761, 47.1929271], [7.6744221, 47.1908221], [7.6734731, 47.1877611], [7.6715121, 47.1866231], [7.6710571, 47.1845141], [7.6723231, 47.1834501], [7.6730601, 47.1842721], [7.6743151, 47.1841521], [7.6754141, 47.1836871], [7.6745951, 47.1830641], [7.6776681, 47.1825931], [7.6758141, 47.1755081], [7.6737772, 47.1742984], [7.6729991, 47.1683561], [7.6657581, 47.1680881], [7.6653491, 47.1688471], [7.6609121, 47.1675861], [7.6601041, 47.1681981], [7.6518931, 47.1615421], [7.6536361, 47.1607731], [7.6508961, 47.1570361], [7.6509891, 47.1560031], [7.6518951, 47.1559541], [7.6523131, 47.1524741], [7.6530071, 47.1523701], [7.6519911, 47.1506041], [7.6510431, 47.1497641], [7.6451691, 47.1488001], [7.6409531, 47.1513851], [7.6400971, 47.1536461], [7.6355881, 47.1521661], [7.6349071, 47.1532501], [7.6323281, 47.1529071], [7.6314641, 47.1537541], [7.6290311, 47.1524681], [7.6277981, 47.1529681], [7.6246631, 47.1523311], [7.6153966, 47.1566892], [7.6144667, 47.1546218], [7.6076704, 47.1529004], [7.5979092, 47.1516551], [7.5928251, 47.1526141], [7.5884551, 47.1508261], [7.5862651, 47.1474201], [7.5835781, 47.1547491], [7.5827351, 47.1559771], [7.5814601, 47.1556961], [7.5823311, 47.1581331], [7.5810031, 47.1601947], [7.5799298, 47.1599149], [7.5752281, 47.1644201], [7.5692151, 47.1624741], [7.5673941, 47.1630791], [7.5654581, 47.1643191], [7.5661081, 47.1654481], [7.5642041, 47.1656811], [7.5645941, 47.1663371], [7.5635541, 47.1682901], [7.5579321, 47.1679651], [7.5556171, 47.1658101], [7.5502651, 47.1634901], [7.5457231, 47.1604691], [7.5443661, 47.1602611], [7.5408261, 47.1635231], [7.5352431, 47.1624541], [7.5345801, 47.1640281], [7.5256511, 47.1621231], [7.5258811, 47.1609811], [7.5227131, 47.1606891], [7.5228831, 47.1600011], [7.5205681, 47.1597511], [7.5203411, 47.1589151], [7.5219741, 47.1584531], [7.5244721, 47.1536081], [7.5258821, 47.1537801], [7.5257601, 47.1530541], [7.5296051, 47.1507921], [7.5299361, 47.1486321], [7.5254961, 47.1475571], [7.5236041, 47.1457871], [7.5230411, 47.1424661], [7.5192881, 47.1404131], [7.5158021, 47.1366211], [7.5138291, 47.1332021], [7.5138761, 47.1301221], [7.5100521, 47.1258231], [7.5047091, 47.1227091], [7.4983671, 47.1213081], [7.4921311, 47.1169651], [7.4611261, 47.1081601], [7.4628371, 47.1036631], [7.4618031, 47.1033481], [7.4651581, 47.0992981], [7.4641231, 47.0990731], [7.4709211, 47.0903611], [7.4734721, 47.0893611], [7.4749771, 47.0870301], [7.4745181, 47.0858831], [7.4707171, 47.0836361], [7.4681891, 47.0795481], [7.4661411, 47.0783961], [7.4594621, 47.0780471], [7.4544731, 47.0749431], [7.4539271, 47.0760111], [7.4457261, 47.0743021], [7.4402071, 47.0743531], [7.4400731, 47.0763131], [7.4354031, 47.0800811], [7.4342551, 47.0862691], [7.4328231, 47.0878221], [7.4331821, 47.0895811], [7.4343781, 47.0897531], [7.4336661, 47.0911481], [7.4358151, 47.0917261], [7.4350981, 47.0934661], [7.4374871, 47.0939741], [7.4338041, 47.1004011], [7.4234041, 47.0972831], [7.4224771, 47.0988581], [7.4210711, 47.0985031], [7.4202061, 47.0994791], [7.4091511, 47.0946981], [7.3902301, 47.0920201], [7.3895491, 47.0949611], [7.3865781, 47.0960861], [7.3821131, 47.0956371], [7.3826551, 47.0967501], [7.3821651, 47.0993821], [7.3787301, 47.1048681], [7.3792201, 47.1059991], [7.3770551, 47.1083671], [7.3758291, 47.1084311], [7.3745851, 47.1115511], [7.3695401, 47.1158651], [7.3719821, 47.1174481], [7.3705271, 47.1208871], [7.3714581, 47.1225141], [7.3740111, 47.1218201], [7.3755011, 47.1221681], [7.3754951, 47.1232551], [7.3790871, 47.1241161], [7.3810641, 47.1228341], [7.3830071, 47.1231101], [7.3868021, 47.1259471], [7.3889981, 47.1233241], [7.3901341, 47.1196481], [7.3951051, 47.1217631], [7.4036991, 47.1176881], [7.4064921, 47.1183471], [7.4097591, 47.1203311], [7.4100011, 47.1198421], [7.4148421, 47.1213941], [7.4197671, 47.1217691], [7.4204631, 47.1211181], [7.424828, 47.1220407], [7.4295311, 47.1243661], [7.4348071, 47.1238711], [7.4374751, 47.1227541], [7.4402681, 47.1237761], [7.4333061, 47.1261151], [7.4329011, 47.1275461], [7.4350591, 47.1274611], [7.4363291, 47.1295121], [7.4354691, 47.1312501], [7.4314291, 47.1290831], [7.4302021, 47.1294971], [7.4309961, 47.1307501], [7.4296871, 47.1315801], [7.4265191, 47.1312461], [7.4245341, 47.1342501], [7.4217841, 47.1357851], [7.4265671, 47.1385701], [7.4258951, 47.1400011], [7.4267161, 47.1410731], [7.4305981, 47.1429501], [7.4396251, 47.1439511], [7.4412691, 47.1459141], [7.4399721, 47.1503901], [7.4478141, 47.1549981], [7.4546201, 47.1561891], [7.4588731, 47.1547891], [7.4599981, 47.1532691], [7.4630351, 47.1535481], [7.4677601, 47.1512021], [7.4786951, 47.1543221], [7.4820471, 47.1580801], [7.4889081, 47.1607711], [7.4926831, 47.1631711], [7.4901901, 47.1656961], [7.4970551, 47.1700031], [7.4955571, 47.1714811], [7.4931461, 47.1710351], [7.4863201, 47.1730241], [7.4863641, 47.1736411], [7.4839481, 47.1730271], [7.4811331, 47.1741521], [7.4794891, 47.1736151], [7.4770011, 47.1759041], [7.4732661, 47.1818551], [7.4724351, 47.1820861], [7.4742321, 47.1831511], [7.4723061, 47.1851541], [7.4755111, 47.1865551], [7.4758111, 47.1877731], [7.4768211, 47.1880161], [7.4756321, 47.1906241], [7.4568901, 47.1884551], [7.4494751, 47.1895981], [7.4486761, 47.1893781], [7.4482551, 47.1879611], [7.4500301, 47.1839721], [7.4492381, 47.1821181], [7.4475901, 47.1808071], [7.4417031, 47.1791881], [7.4400751, 47.1804391], [7.4380191, 47.1846681], [7.4358851, 47.1852841], [7.4322881, 47.1844271], [7.4308241, 47.1820111], [7.4319441, 47.1776851], [7.4310991, 47.1753851], [7.4278241, 47.1732941], [7.4183931, 47.1710351], [7.4168511, 47.1692741], [7.4160041, 47.1654081], [7.4123851, 47.1625561], [7.4083631, 47.1620261], [7.4009281, 47.1628001], [7.3930741, 47.1602721], [7.3917141, 47.1609421], [7.3869751, 47.1595231], [7.3842571, 47.1600461], [7.3823881, 47.1618221], [7.3821681, 47.1650151], [7.3847501, 47.1660331], [7.3908531, 47.1654581], [7.3918371, 47.1661851], [7.3844821, 47.1787921], [7.3787901, 47.1857041], [7.3749721, 47.1884981], [7.3678841, 47.1908011], [7.3657331, 47.1944261], [7.3543611, 47.1914211], [7.3467981, 47.2071481], [7.3448511, 47.2072001], [7.3433511, 47.2097431], [7.3403991, 47.2174461], [7.3550931, 47.2208611], [7.3572791, 47.2209751], [7.3596071, 47.2195281], [7.3623261, 47.2195351], [7.3655731, 47.2207781], [7.3659951, 47.2218221], [7.3740751, 47.2268421], [7.3979461, 47.2335741], [7.4117591, 47.2406821], [7.4151901, 47.2403571], [7.4176031, 47.2413381], [7.4206601, 47.2429741], [7.4170721, 47.2475851], [7.4161961, 47.2505771], [7.4173491, 47.2537061], [7.4187451, 47.2545151], [7.4270861, 47.2560361], [7.4407951, 47.2628061], [7.4656631, 47.2645961]]], [[[7.4439871, 47.4134191], [7.4355521, 47.4128601], [7.4272221, 47.4143931], [7.4232351, 47.4130471], [7.4202881, 47.4110061], [7.4128281, 47.4108421], [7.3874361, 47.4139501], [7.3819061, 47.4132671], [7.3756151, 47.4141351], [7.3787381, 47.4211771], [7.3792791, 47.4273081], [7.3824391, 47.4295871], [7.3825881, 47.4310421], [7.3809611, 47.4320331], [7.3819091, 47.4330301], [7.3854931, 47.4319391], [7.3936551, 47.4351421], [7.4027831, 47.4354831], [7.4031281, 47.4385581], [7.4157101, 47.4429451], [7.4208581, 47.4458011], [7.4234171, 47.4434461], [7.4253551, 47.4432331], [7.4377391, 47.4462701], [7.4394061, 47.4433171], [7.4418651, 47.4423511], [7.4483951, 47.4376171], [7.4509521, 47.4347131], [7.4522251, 47.4310081], [7.4554591, 47.4282251], [7.4545211, 47.4253861], [7.4515331, 47.4225951], [7.4499951, 47.4174311], [7.4482211, 47.4150551], [7.4439871, 47.4134191]]], [[[7.5317651, 47.4972881], [7.5326771, 47.4909121], [7.5364291, 47.4909401], [7.5360371, 47.4850681], [7.5366921, 47.4849241], [7.5331261, 47.4781851], [7.5291961, 47.4778881], [7.5275071, 47.4737431], [7.5307651, 47.4610871], [7.5183151, 47.4610201], [7.5089481, 47.4585691], [7.4982741, 47.4596211], [7.4922761, 47.4589651], [7.4849381, 47.4574171], [7.4805671, 47.4554801], [7.4679621, 47.4538321], [7.4663991, 47.4526161], [7.4565211, 47.4492011], [7.4546351, 47.4491321], [7.4534671, 47.4511751], [7.4470821, 47.4569071], [7.4451281, 47.4622311], [7.4480031, 47.4645141], [7.4499661, 47.4673081], [7.4555971, 47.4707671], [7.4556451, 47.4732861], [7.4500861, 47.4752221], [7.4483541, 47.4736671], [7.4435101, 47.4783081], [7.4424321, 47.4787441], [7.4414821, 47.4779571], [7.4360951, 47.4805501], [7.4320481, 47.4809021], [7.4293731, 47.4828291], [7.4256711, 47.4811481], [7.4210641, 47.4806741], [7.4222251, 47.4838291], [7.4256701, 47.4883511], [7.4288801, 47.4909751], [7.4313841, 47.4955011], [7.4348305, 47.4980779], [7.4414771, 47.4947351], [7.4463791, 47.4936101], [7.4504845, 47.4908314], [7.4560791, 47.4889691], [7.4564341, 47.4882531], [7.4622941, 47.4889121], [7.4659201, 47.4846661], [7.4707971, 47.4806081], [7.4766021, 47.4800031], [7.4873071, 47.4820321], [7.4916331, 47.4843011], [7.4938881, 47.4883241], [7.4979411, 47.4888911], [7.5000311, 47.490974], [7.5025711, 47.4906921], [7.5013591, 47.4935401], [7.5072441, 47.4961581], [7.5111378, 47.4969452], [7.5087731, 47.5021612], [7.5115931, 47.5023111], [7.5121541, 47.4987131], [7.5142181, 47.4987831], [7.5147901, 47.4976881], [7.5208361, 47.4967351], [7.5317651, 47.4972881]]]]}}, {"type": "Feature", "properties": {"name": "St. Gallen", "parent": "che", "version": 1, "source": "gsak", "licence": "ODbL"}, "geometry": {"type": "MultiPolygon", "coordinates": [[[[9.0625601, 47.4461206], [9.0545221, 47.4486221], [9.0542201, 47.4503831], [9.0495843, 47.4530581], [9.0357931, 47.4548541], [9.0335352, 47.4561561], [9.0275081, 47.4576301], [9.0265131, 47.4599201], [9.0309581, 47.4618241], [9.0293011, 47.4623761], [9.0283791, 47.4639951], [9.0296931, 47.4665841], [9.0080736, 47.4724144], [9.0119391, 47.4751421], [9.0086981, 47.4757381], [9.0088171, 47.4796421], [9.0073111, 47.4793041], [9.0061371, 47.4799991], [9.0063311, 47.4806711], [9.0037571, 47.4809361], [9.0070211, 47.4825931], [9.0071308, 47.4842301], [9.0083818, 47.4836993], [9.0108591, 47.4852831], [9.0117591, 47.4867691], [9.0103711, 47.4875381], [9.0127281, 47.4897451], [9.0168361, 47.4897811], [9.0201461, 47.4879491], [9.0263131, 47.4899021], [9.0306591, 47.4896641], [9.0318791, 47.4908031], [9.0354591, 47.4917321], [9.0411811, 47.4946511], [9.0402261, 47.4956921], [9.0425361, 47.4958811], [9.0430321, 47.4945881], [9.0469061, 47.4927891], [9.0475651, 47.4917501], [9.0503841, 47.4918101], [9.0508791, 47.4904091], [9.0500901, 47.4894671], [9.0538535, 47.4897455], [9.0557831, 47.4872251], [9.059246, 47.4882994], [9.0597612, 47.4887088], [9.0587131, 47.4901011], [9.0598521, 47.4910771], [9.0618371, 47.4909591], [9.0627931, 47.4924271], [9.0649211, 47.4907271], [9.0717901, 47.4928411], [9.0739921, 47.4929761], [9.0744401, 47.4922111], [9.0796781, 47.4948231], [9.0822581, 47.4950661], [9.0823231, 47.4937931], [9.0835301, 47.4936791], [9.0836491, 47.4924421], [9.0846911, 47.4920011], [9.0837931, 47.4910241], [9.0850981, 47.4901461], [9.0837421, 47.4889891], [9.0863621, 47.4881411], [9.0882441, 47.4861161], [9.0884641, 47.4843711], [9.0898911, 47.4825661], [9.0915381, 47.4833581], [9.0977921, 47.4836481], [9.0987361, 47.4854821], [9.1037381, 47.4842571], [9.1128211, 47.4843411], [9.1125721, 47.4830341], [9.1144771, 47.4828441], [9.1140591, 47.4821161], [9.1149971, 47.4820851], [9.1161321, 47.4794791], [9.1193461, 47.4795861], [9.1247591, 47.4815021], [9.1241411, 47.4835661], [9.1307731, 47.4845271], [9.1317541, 47.4853481], [9.1355931, 47.4848241], [9.1372701, 47.4856681], [9.1421651, 47.4843511], [9.1465041, 47.4865511], [9.1527621, 47.4875101], [9.1539501, 47.4868631], [9.1560801, 47.4879081], [9.1583131, 47.4892271], [9.1587151, 47.4912611], [9.1626151, 47.4962911], [9.1626861, 47.4969811], [9.1606021, 47.4985491], [9.1607461, 47.4998021], [9.1623491, 47.5001921], [9.1659721, 47.5039871], [9.1675061, 47.5034871], [9.1667811, 47.5015771], [9.1681281, 47.5010941], [9.1692721, 47.5037691], [9.1720031, 47.5030301], [9.1691031, 47.4982491], [9.1731251, 47.4960921], [9.1738171, 47.4944451], [9.1747991, 47.4951941], [9.1771061, 47.4946531], [9.1784001, 47.4961231], [9.1777371, 47.4969381], [9.1789701, 47.4969331], [9.1811661, 47.4955601], [9.1808531, 47.4941351], [9.1831061, 47.4912451], [9.1888591, 47.4930271], [9.1932651, 47.4911721], [9.1925371, 47.4893721], [9.1931621, 47.4887581], [9.1968121, 47.4904291], [9.1988421, 47.4888611], [9.2001481, 47.4894481], [9.2016051, 47.4886941], [9.2075031, 47.4885431], [9.2100141, 47.4892101], [9.2064821, 47.4865971], [9.2080251, 47.4832121], [9.2065871, 47.4824611], [9.2098911, 47.4818431], [9.2091091, 47.4800431], [9.2130371, 47.4788311], [9.2146351, 47.4817961], [9.2183371, 47.4836841], [9.2202461, 47.4832041], [9.2244661, 47.4843511], [9.2279121, 47.4830091], [9.2290261, 47.4840491], [9.2326011, 47.4830881], [9.2324261, 47.4809191], [9.2370501, 47.4808081], [9.2378971, 47.4817381], [9.2408111, 47.4800841], [9.2446951, 47.4802131], [9.2457413, 47.4787602], [9.2454191, 47.4778591], [9.2472401, 47.4757101], [9.2512481, 47.4743901], [9.2521451, 47.4755371], [9.2634921, 47.4744721], [9.2670321, 47.4765771], [9.2723811, 47.4774941], [9.2725321, 47.4784381], [9.2783371, 47.4793031], [9.2789851, 47.4813381], [9.2811781, 47.4829551], [9.2868821, 47.4821241], [9.2878971, 47.4799701], [9.2949381, 47.4781391], [9.2965141, 47.4786011], [9.2984311, 47.4772331], [9.3084321, 47.4818931], [9.3091301, 47.4842731], [9.3151391, 47.4862831], [9.3158021, 47.4869761], [9.3153661, 47.4877351], [9.3167281, 47.4881421], [9.3163991, 47.4888841], [9.3189551, 47.4905491], [9.3209901, 47.4907591], [9.3191881, 47.4939081], [9.3199871, 47.4969971], [9.3175521, 47.5002481], [9.3148641, 47.5006551], [9.3092311, 47.4976301], [9.3080461, 47.4981321], [9.3091991, 47.5006621], [9.3083071, 47.5014011], [9.3090921, 47.5031661], [9.3078241, 47.5039041], [9.3081071, 47.5050681], [9.3100521, 47.5062941], [9.3100921, 47.5075291], [9.3143811, 47.5076251], [9.3150851, 47.5069931], [9.3158981, 47.5087221], [9.3169451, 47.5086191], [9.3165581, 47.5097251], [9.3118071, 47.5102261], [9.3047681, 47.5139851], [9.3048681, 47.5147121], [9.3031691, 47.5156651], [9.3016831, 47.5141321], [9.3031911, 47.5135221], [9.3025341, 47.5122651], [9.3011881, 47.5127491], [9.3006361, 47.5117291], [9.2993591, 47.5120221], [9.2977411, 47.5091161], [9.2953491, 47.5096301], [9.2919611, 47.5080871], [9.2916011, 47.5066141], [9.2864441, 47.5074951], [9.2864251, 47.5067141], [9.2810731, 47.5057591], [9.2808531, 47.5063391], [9.2744941, 47.5067411], [9.2732731, 47.5080421], [9.2715871, 47.5077611], [9.2706231, 47.5099901], [9.2684421, 47.5108311], [9.2703021, 47.5123121], [9.2716001, 47.5113201], [9.2754411, 47.5131571], [9.2778691, 47.5118081], [9.2779941, 47.5102651], [9.2803831, 47.5100231], [9.2794951, 47.5139501], [9.2825321, 47.5145571], [9.2826981, 47.5164651], [9.2849701, 47.5184481], [9.2823711, 47.5206141], [9.2952621, 47.5227261], [9.2962891, 47.5244761], [9.3013091, 47.5240851], [9.3026611, 47.5262941], [9.3084031, 47.5253401], [9.3099521, 47.5234771], [9.3129161, 47.5221481], [9.3136651, 47.5235781], [9.3122431, 47.5275591], [9.3165211, 47.5287991], [9.3156311, 47.5302531], [9.3177081, 47.5313131], [9.3218911, 47.5308281], [9.3229471, 47.5318381], [9.3230661, 47.5302271], [9.3243441, 47.5291911], [9.3287571, 47.5283921], [9.3296561, 47.5296691], [9.3382101, 47.5289611], [9.3394341, 47.5315181], [9.3403251, 47.5274421], [9.3388131, 47.5248651], [9.3410911, 47.5240611], [9.3416151, 47.5221951], [9.3438751, 47.5208821], [9.3438501, 47.5201731], [9.3465681, 47.5204351], [9.3530181, 47.5193041], [9.3564381, 47.5197181], [9.3558921, 47.5164341], [9.3533191, 47.5149501], [9.3501691, 47.5153501], [9.3496461, 47.5142311], [9.3458331, 47.5117861], [9.3485471, 47.5112111], [9.3481751, 47.5097801], [9.3472111, 47.5098331], [9.3461551, 47.5080141], [9.3442861, 47.5082461], [9.3432561, 47.5064091], [9.3382031, 47.5068051], [9.3363861, 47.5023991], [9.3370431, 47.5012781], [9.3379191, 47.5010081], [9.3396021, 47.5031431], [9.3417941, 47.5037061], [9.3466091, 47.5018951], [9.3559791, 47.5007871], [9.3563121, 47.5033821], [9.3576261, 47.5033781], [9.3618691, 47.5028331], [9.3679771, 47.5004891], [9.3689381, 47.5011271], [9.3740311, 47.5003481], [9.3740081, 47.4952571], [9.3727411, 47.4943151], [9.3691191, 47.4941961], [9.3685141, 47.4922791], [9.3726938, 47.4904439], [9.3725761, 47.4897221], [9.3682241, 47.4879391], [9.3665771, 47.4853511], [9.3682941, 47.4846671], [9.3732461, 47.4852541], [9.3750231, 47.4869501], [9.3808461, 47.4871761], [9.3796571, 47.4854161], [9.3821421, 47.4844641], [9.3849991, 47.4819791], [9.3887841, 47.4814051], [9.3916621, 47.4787751], [9.3916491, 47.4769401], [9.3972531, 47.4748451], [9.3966131, 47.4778541], [9.3993261, 47.4780431], [9.4005571, 47.4794571], [9.4012161, 47.4806451], [9.4003761, 47.4825861], [9.4018861, 47.4842861], [9.4007421, 47.4859961], [9.4038241, 47.4874521], [9.4035461, 47.4886561], [9.4062381, 47.4911551], [9.4057411, 47.4914911], [9.4065291, 47.4939861], [9.4096411, 47.4934211], [9.4130981, 47.4972481], [9.4174972, 47.4979089], [9.4191435, 47.4966661], [9.4216521, 47.4963131], [9.4250705, 47.5015068], [9.4294441, 47.5032831], [9.4312881, 47.5052881], [9.4331361, 47.5052381], [9.4332681, 47.5059091], [9.4367901, 47.5069031], [9.4935741, 47.5560011], [9.5106808, 47.5639797], [9.5246507, 47.5490865], [9.4482651, 47.5004431], [9.4489991, 47.4994261], [9.4477481, 47.4979451], [9.4503281, 47.4968431], [9.4481921, 47.4934991], [9.4498951, 47.4931791], [9.4495611, 47.4921481], [9.4535341, 47.4915881], [9.4527041, 47.4908941], [9.4529901, 47.4899441], [9.4591021, 47.4892741], [9.4628321, 47.4879741], [9.4632151, 47.4888761], [9.4657261, 47.4879601], [9.4643981, 47.4868561], [9.4642191, 47.4842601], [9.5633985, 47.5252819], [9.5613161, 47.5000661], [9.5620471, 47.4963831], [9.5676541, 47.4913661], [9.5804961, 47.4842281], [9.5831291, 47.4819521], [9.5950921, 47.4635321], [9.6001941, 47.4616121], [9.6036091, 47.4623561], [9.6053491, 47.4647901], [9.6064431, 47.4696811], [9.6097281, 47.4704051], [9.6124811, 47.4682361], [9.6170951, 47.4617311], [9.6221841, 47.4574891], [9.6532551, 47.4545381], [9.6562871, 47.4538811], [9.6594351, 47.4514171], [9.6577981, 47.4475251], [9.6463531, 47.4394311], [9.6444841, 47.4362171], [9.6444201, 47.4337981], [9.6498531, 47.4224451], [9.6519561, 47.4094251], [9.6516861, 47.4047011], [9.6544971, 47.4044661], [9.6598681, 47.3978061], [9.6729331, 47.3922241], [9.6742831, 47.3890841], [9.6739081, 47.3830641], [9.6730481, 47.3808921], [9.6668281, 47.3743621], [9.6596041, 47.3697771], [9.6498111, 47.3674171], [9.6337031, 47.3671131], [9.6264231, 47.3650351], [9.6243901, 47.3662231], [9.6030121, 47.3491471], [9.5997921, 47.3456371], [9.5886151, 47.3179051], [9.5814001, 47.3108901], [9.5631941, 47.3032501], [9.5555461, 47.2972801], [9.5516021, 47.2876381], [9.5463611, 47.2803071], [9.5328509, 47.2727186], [9.5307871, 47.2706471], [9.5299311, 47.2624181], [9.5228711, 47.2483071], [9.5170831, 47.2393071], [9.5040071, 47.2243461], [9.5013941, 47.2191611], [9.4994011, 47.2107391], [9.4893721, 47.1953511], [9.4859221, 47.1805181], [9.4906364, 47.164561], [9.4998811, 47.1495221], [9.5069871, 47.1427431], [9.5084971, 47.1401901], [9.5136031, 47.1256561], [9.5184251, 47.1069931], [9.5196851, 47.0980101], [9.5155551, 47.0877371], [9.5136291, 47.0856301], [9.4921721, 47.0737371], [9.4751421, 47.0668861], [9.4721211, 47.0643331], [9.4719071, 47.0614811], [9.4775681, 47.0486321], [9.5074091, 47.0169931], [9.5111561, 47.0084401], [9.5221211, 46.9972501], [9.5455471, 46.9765771], [9.5408861, 46.9742581], [9.5300961, 46.9741721], [9.5258181, 46.9723641], [9.5223091, 46.9723021], [9.5189841, 46.9704481], [9.5174851, 46.9681981], [9.5185091, 46.9649251], [9.5176341, 46.9635531], [9.5184841, 46.9622671], [9.5183631, 46.9556911], [9.5058191, 46.9541421], [9.5044281, 46.9532201], [9.5032301, 46.9495051], [9.5003041, 46.9495811], [9.4987551, 46.9469861], [9.4988261, 46.9454391], [9.4957781, 46.9416641], [9.4961181, 46.9403711], [9.4942651, 46.9402671], [9.4930221, 46.9391231], [9.4937661, 46.9376461], [9.4865681, 46.9353511], [9.4867571, 46.9330611], [9.4856711, 46.9301961], [9.4803551, 46.9256781], [9.4779221, 46.9203681], [9.4786061, 46.9155451], [9.4881201, 46.9121251], [9.4826131, 46.9082651], [9.4755131, 46.9062681], [9.4724671, 46.9038981], [9.4709331, 46.9012271], [9.4677431, 46.89999], [9.4673471, 46.8975361], [9.4698081, 46.8913481], [9.4691831, 46.8912641], [9.4689181, 46.8891661], [9.4669651, 46.8859461], [9.4584041, 46.8865091], [9.4543101, 46.8859191], [9.4542751, 46.8844921], [9.4554521, 46.8836771], [9.4554431, 46.8822111], [9.4570161, 46.8801341], [9.4555741, 46.8794701], [9.4525811, 46.8744491], [9.4489941, 46.8728091], [9.4405591, 46.8788221], [9.4380391, 46.8794861], [9.4331541, 46.8845821], [9.4283881, 46.8853761], [9.4239331, 46.8881111], [9.4096401, 46.8919381], [9.3996969, 46.8919097], [9.3845541, 46.8970691], [9.3631981, 46.8970601], [9.3476461, 46.8995041], [9.3431661, 46.8981961], [9.3384901, 46.9018641], [9.3290811, 46.9015701], [9.3249461, 46.9003741], [9.3209841, 46.9006501], [9.3176081, 46.9011721], [9.3099091, 46.9057581], [9.3007701, 46.9055221], [9.2928601, 46.9070911], [9.2902571, 46.9069781], [9.2869131, 46.9050991], [9.2803191, 46.9072131], [9.2756161, 46.9070551], [9.2672801, 46.9031171], [9.2574711, 46.9082731], [9.2545941, 46.9129261], [9.2488991, 46.9161461], [9.2497321, 46.9197071], [9.2515561, 46.9219361], [9.2502301, 46.9241821], [9.2526721, 46.9268681], [9.2512551, 46.9291521], [9.2504371, 46.9339801], [9.2486301, 46.9356331], [9.2390911, 46.9392691], [9.2392321, 46.9408721], [9.2362741, 46.9451751], [9.2371921, 46.9479661], [9.2368561, 46.9544721], [9.2446551, 46.9562281], [9.2460481, 46.9589151], [9.2426971, 46.9650841], [9.2440891, 46.9714401], [9.2451491, 46.9718501], [9.2451101, 46.9731671], [9.2467681, 46.9753291], [9.2464961, 46.9785381], [9.2434441, 46.9819171], [9.2466251, 46.9872131], [9.2457551, 46.9882341], [9.2454501, 46.9918541], [9.2475931, 46.9945481], [9.2498921, 46.9950471], [9.2497251, 46.9978571], [9.2435151, 47.0056461], [9.2422871, 47.0086321], [9.2428711, 47.0148261], [9.2411851, 47.0175651], [9.2366641, 47.0218591], [9.2367441, 47.0239991], [9.2301251, 47.0256881], [9.2286461, 47.0268101], [9.2281521, 47.0283581], [9.2221841, 47.0323621], [9.2151671, 47.0327311], [9.2078381, 47.0356251], [9.2050171, 47.0345501], [9.2018601, 47.0350021], [9.1954151, 47.0326971], [9.1885611, 47.0286991], [9.1809141, 47.0256591], [9.1785011, 47.0260701], [9.1753401, 47.0284661], [9.1701921, 47.0264821], [9.1658601, 47.0267481], [9.1602901, 47.0298581], [9.1579881, 47.0304641], [9.1569101, 47.0298781], [9.1381671, 47.0389981], [9.1534271, 47.0471081], [9.1585651, 47.0478561], [9.1611291, 47.0490771], [9.1657311, 47.0496371], [9.1677181, 47.0491211], [9.1715601, 47.0522701], [9.1746881, 47.0525581], [9.1840161, 47.0593281], [9.1856871, 47.0639801], [9.1874771, 47.0650861], [9.1905851, 47.0695401], [9.1922611, 47.0733051], [9.1909081, 47.0736311], [9.1911641, 47.0772151], [9.1891351, 47.0852201], [9.1911711, 47.0904441], [9.1897361, 47.0907171], [9.1862471, 47.0996581], [9.1867301, 47.1019701], [9.1886471, 47.1041741], [9.1883551, 47.1074731], [9.1900101, 47.1098261], [9.1886071, 47.1156441], [9.1899531, 47.1236951], [9.1158091, 47.1327741], [9.1076841, 47.1312381], [9.1012641, 47.1332341], [9.0943651, 47.1317561], [9.0692201, 47.1297301], [9.0671011, 47.1303201], [9.0631531, 47.1335841], [9.0537111, 47.1391611], [9.0056621, 47.1738701], [9.0047094, 47.1732625], [9.0024462, 47.1748228], [9.0019708, 47.1743569], [8.9963271, 47.1765027], [8.9976207, 47.1778796], [8.9900318, 47.181221], [8.9803954, 47.1833748], [8.9772102, 47.1827427], [8.9767576, 47.1819166], [8.9739623, 47.1822238], [8.9733113, 47.1802308], [8.9708485, 47.1806235], [8.9703379, 47.178921], [8.9620044, 47.1793465], [8.9616494, 47.1842543], [8.9575646, 47.1995573], [8.9653808, 47.1982393], [8.9691672, 47.2117736], [8.974214, 47.2128085], [8.9724456, 47.2155985], [8.9690325, 47.2174432], [8.9559923, 47.2162439], [8.9413901, 47.2181673], [8.9367964, 47.2179797], [8.8485063, 47.2084346], [8.8400823, 47.2081327], [8.8287966, 47.2094615], [8.8220858, 47.211589], [8.814854, 47.2152966], [8.8085086, 47.2201402], [8.7956861, 47.2394401], [8.7965591, 47.2422991], [8.7993281, 47.2419141], [8.7991061, 47.2429511], [8.8008961, 47.2445341], [8.8021791, 47.2446511], [8.8026141, 47.2466451], [8.8265411, 47.2513271], [8.8271851, 47.2499971], [8.8283671, 47.2503871], [8.8344351, 47.2492341], [8.8356211, 47.2471401], [8.8383211, 47.2469801], [8.8520461, 47.251116], [8.8529327, 47.2501707], [8.8525581, 47.2466991], [8.8607971, 47.2430881], [8.8643991, 47.2432931], [8.8698251, 47.2449791], [8.8709641, 47.2457431], [8.8706731, 47.2468171], [8.8737321, 47.2476101], [8.8735781, 47.2518951], [8.8972981, 47.2540361], [8.9080921, 47.2566901], [8.9087241, 47.2553741], [8.9079941, 47.2550201], [8.9089891, 47.2543351], [8.9283491, 47.2588021], [8.9291551, 47.2599361], [8.9330424, 47.2587994], [8.9369101, 47.2610101], [8.9358931, 47.2618591], [8.9374291, 47.2624021], [8.9376091, 47.2640711], [8.9406901, 47.2653741], [8.9398064, 47.2658952], [8.9402161, 47.2670761], [8.9428391, 47.2672781], [8.9437551, 47.2685571], [8.9440991, 47.2693881], [8.9409631, 47.2718641], [8.9470551, 47.2748751], [8.9483141, 47.2807861], [8.9457321, 47.2820741], [8.9434951, 47.2794301], [8.9411831, 47.2798421], [8.9418391, 47.2823061], [8.9404501, 47.2842521], [8.9381021, 47.2852821], [8.9364171, 47.2871591], [8.9336581, 47.2881221], [8.9408131, 47.2899031], [8.9430307, 47.2913236], [8.9447101, 47.2907071], [8.9487561, 47.2920551], [8.9485061, 47.2935871], [8.9511541, 47.2955911], [8.9522911, 47.2989441], [8.9530311, 47.2986431], [8.9551831, 47.3028751], [8.9569391, 47.3044741], [8.9642021, 47.3062171], [8.9669951, 47.3057081], [8.9751331, 47.3070251], [8.9815331, 47.3148831], [8.9844451, 47.3200491], [8.9809231, 47.3225371], [8.9796401, 47.3240631], [8.9796871, 47.3253871], [8.9774641, 47.3268021], [8.9768531, 47.3291701], [8.9773171, 47.3324831], [8.9790561, 47.3347411], [8.9793501, 47.3377851], [8.9743651, 47.3397541], [8.9734381, 47.3460491], [8.9744961, 47.3472301], [8.9726571, 47.3496921], [8.9718431, 47.3524101], [8.9696501, 47.3524281], [8.9673031, 47.3541361], [8.9601181, 47.3536901], [8.9606381, 47.3555521], [8.9562151, 47.3606171], [8.9546791, 47.3641281], [8.9527221, 47.3663031], [8.9513571, 47.3716291], [8.9480641, 47.3746431], [8.9453081, 47.3746331], [8.9436821, 47.3755861], [8.9440901, 47.3770781], [8.9473261, 47.3792031], [8.9549291, 47.3814361], [8.9543281, 47.3818461], [8.9561551, 47.3834691], [8.9574371, 47.3863011], [8.9613581, 47.3851801], [8.9639261, 47.3858631], [8.9650081, 47.3847181], [8.9664426, 47.3854591], [8.9662081, 47.3882061], [8.9675791, 47.3905281], [8.9687101, 47.3914181], [8.9714321, 47.3911711], [8.9741211, 47.3979631], [8.9755791, 47.3989931], [8.9723541, 47.4044511], [8.9743281, 47.4056721], [8.9750921, 47.4082251], [8.9767721, 47.4094521], [8.9761941, 47.4097711], [8.9765741, 47.4106021], [8.9788001, 47.4106921], [8.9788681, 47.4118001], [8.9818601, 47.4122961], [8.9833231, 47.4112881], [8.9888101, 47.4111591], [8.9893611, 47.4129871], [8.9905111, 47.4136601], [8.9896121, 47.4139841], [8.9909391, 47.4164921], [8.9923401, 47.4230951], [8.9894091, 47.4249841], [8.9912611, 47.4263797], [8.9903061, 47.4272301], [8.9899871, 47.4291541], [8.9872541, 47.4291481], [8.9877411, 47.4297251], [8.9904531, 47.4302751], [8.9921091, 47.4295611], [8.9942821, 47.4298051], [8.9942601, 47.4303671], [9.0000121, 47.4320621], [8.9985281, 47.4338261], [8.9986191, 47.4349311], [9.0035141, 47.4339131], [9.0046471, 47.4346151], [9.0083421, 47.4342361], [9.0101201, 47.4351341], [9.0110941, 47.4332631], [9.0121941, 47.4333851], [9.0137941, 47.4352261], [9.0188461, 47.4365811], [9.0204341, 47.4397821], [9.0197951, 47.4402561], [9.0220051, 47.4413701], [9.0264091, 47.4369831], [9.0314001, 47.4374681], [9.0336231, 47.4397781], [9.0367331, 47.4373541], [9.0337651, 47.4354821], [9.0371721, 47.4357931], [9.0387771, 47.4379791], [9.0368351, 47.4393291], [9.0381261, 47.4397761], [9.0380621, 47.4413351], [9.0429561, 47.4402081], [9.0442061, 47.4417971], [9.0455991, 47.4417001], [9.0453971, 47.4404321], [9.0465621, 47.4415511], [9.0454241, 47.4428611], [9.0477811, 47.4426881], [9.0478241, 47.4441191], [9.0543297, 47.4422295], [9.0545991, 47.4434551], [9.0590991, 47.4431991], [9.0573301, 47.4455461], [9.0589971, 47.4459911], [9.0604611, 47.4450781], [9.0625601, 47.4461206]], [[9.5960801, 47.4584291], [9.5891351, 47.4572931], [9.5888001, 47.4594821], [9.5806931, 47.4624931], [9.5676051, 47.4635011], [9.5626161, 47.4629181], [9.5576461, 47.4647461], [9.5541241, 47.4637721], [9.5520081, 47.4644451], [9.5463501, 47.4629631], [9.5456611, 47.4638281], [9.5473821, 47.4653421], [9.5463041, 47.4665411], [9.5471231, 47.4669261], [9.5443731, 47.4671741], [9.5429701, 47.4689421], [9.5388861, 47.4679771], [9.5323671, 47.4677641], [9.5256011, 47.4612351], [9.5273131, 47.4591181], [9.5265721, 47.4586771], [9.5272431, 47.4566501], [9.5308991, 47.4542821], [9.5305481, 47.4535251], [9.5277771, 47.4538821], [9.5254391, 47.4529971], [9.5241181, 47.4514231], [9.5189321, 47.4516581], [9.5140991, 47.4492921], [9.5092031, 47.4494311], [9.5033911, 47.4452501], [9.4951341, 47.4422551], [9.4861411, 47.4409601], [9.4802801, 47.4389391], [9.4781021, 47.4393941], [9.4764171, 47.4387341], [9.4695841, 47.4385991], [9.4638891, 47.4352701], [9.4530821, 47.4326651], [9.4524181, 47.4320961], [9.4529771, 47.4313071], [9.4517841, 47.4308481], [9.4441401, 47.4340831], [9.4415171, 47.4333661], [9.4382371, 47.4344391], [9.4350221, 47.4343671], [9.4346131, 47.4319981], [9.4326441, 47.4294571], [9.4347011, 47.4264661], [9.4348671, 47.4208981], [9.4338071, 47.4204451], [9.4330131, 47.4187631], [9.4298951, 47.4178061], [9.4320831, 47.4142041], [9.4329161, 47.4139821], [9.4307751, 47.4125041], [9.4307411, 47.4116641], [9.4292521, 47.4122591], [9.4278171, 47.4111861], [9.4277811, 47.4103891], [9.4298881, 47.4103451], [9.4299141, 47.4095881], [9.4265321, 47.4074311], [9.4219191, 47.4060361], [9.4145151, 47.4048831], [9.4130351, 47.4054651], [9.4127211, 47.4045121], [9.4090131, 47.4024641], [9.4058111, 47.4022651], [9.4022841, 47.4008881], [9.3924421, 47.4010941], [9.3906511, 47.4021331], [9.3896241, 47.4047701], [9.3782391, 47.4071761], [9.3716451, 47.4076101], [9.3655911, 47.4049251], [9.3594371, 47.4033571], [9.3585081, 47.4021101], [9.3543461, 47.4033621], [9.3456361, 47.4005001], [9.3397252, 47.3996419], [9.3380311, 47.4001681], [9.3359361, 47.3991091], [9.3342451, 47.3998621], [9.3326121, 47.3995461], [9.3319931, 47.4005191], [9.3294641, 47.4012461], [9.3271701, 47.4011311], [9.3180961, 47.3972721], [9.3146631, 47.3975771], [9.3028601, 47.3952341], [9.2940411, 47.3960501], [9.2935561, 47.3970991], [9.2890251, 47.3980101], [9.2832181, 47.3985871], [9.2793141, 47.3981201], [9.2782721, 47.3997691], [9.2715471, 47.4009911], [9.2692971, 47.3991331], [9.2670781, 47.3996291], [9.2653671, 47.4011011], [9.2573711, 47.3986341], [9.2553761, 47.4007431], [9.2543341, 47.4001211], [9.2503271, 47.4002481], [9.2477281, 47.3988251], [9.2443911, 47.3992101], [9.2371761, 47.3961151], [9.2347151, 47.3968441], [9.2327941, 47.3959861], [9.2324151, 47.3976681], [9.2304411, 47.3970971], [9.2321841, 47.3957071], [9.2315991, 47.3940361], [9.2328931, 47.3903811], [9.2323461, 47.3878321], [9.2290071, 47.3868881], [9.2263461, 47.3876951], [9.2245431, 47.3866731], [9.2227851, 47.3874501], [9.2187141, 47.3849001], [9.2186621, 47.3828361], [9.2202101, 47.3821031], [9.2190551, 47.3816871], [9.2217321, 47.3779161], [9.2196161, 47.3764491], [9.2208001, 47.3732071], [9.2185331, 47.3728861], [9.2179431, 47.3709721], [9.2164021, 47.3695811], [9.2150791, 47.3696571], [9.2124761, 47.3678901], [9.2135271, 47.3665711], [9.2127311, 47.3648241], [9.2100361, 47.3629961], [9.1990081, 47.3613481], [9.1914481, 47.3623341], [9.1945711, 47.3583791], [9.1959811, 47.3532801], [9.1999171, 47.3542551], [9.2022431, 47.3558601], [9.2037471, 47.3558021], [9.2046591, 47.3573831], [9.2071191, 47.3558441], [9.2041531, 47.3539601], [9.2021381, 47.3503721], [9.1984891, 47.3476191], [9.2003121, 47.3459041], [9.2024031, 47.3452881], [9.2036641, 47.3427231], [9.2057761, 47.3417801], [9.2063391, 47.3389791], [9.2091091, 47.3402721], [9.2112731, 47.3401861], [9.2221801, 47.3430971], [9.2248071, 47.3422501], [9.2274491, 47.3384041], [9.2320101, 47.3343321], [9.2331831, 47.3319111], [9.2327021, 47.3307541], [9.2230951, 47.3268931], [9.2224361, 47.3258001], [9.2203671, 47.3260691], [9.2170431, 47.3242941], [9.2159391, 47.3246541], [9.2147461, 47.3238321], [9.2146861, 47.3226511], [9.2108791, 47.3219831], [9.2097091, 47.3208761], [9.2130641, 47.3191241], [9.2153051, 47.3108811], [9.2167351, 47.3102531], [9.2174201, 47.3086081], [9.2158381, 47.3023591], [9.2171001, 47.2996041], [9.2212751, 47.2972811], [9.2238221, 47.2927951], [9.2215951, 47.2887051], [9.2153521, 47.2838991], [9.2080491, 47.2799641], [9.2052421, 47.2767001], [9.2212811, 47.2692621], [9.2288731, 47.2666421], [9.2383921, 47.2647881], [9.2427221, 47.2648261], [9.2469561, 47.2658871], [9.2572241, 47.2631781], [9.2625961, 47.2652691], [9.2637561, 47.2673021], [9.2714561, 47.2685531], [9.2737771, 47.2700431], [9.2753541, 47.2654681], [9.2783221, 47.2650081], [9.2839921, 47.2656261], [9.2867801, 47.2626951], [9.2922381, 47.2619451], [9.2971501, 47.2572961], [9.3046071, 47.2595511], [9.3077641, 47.2594781], [9.3085861, 47.2586311], [9.3076401, 47.2556921], [9.3084591, 47.2546271], [9.3143561, 47.2521551], [9.3174391, 47.2490791], [9.3223571, 47.2463371], [9.3301821, 47.2491931], [9.3424391, 47.2496371], [9.3437481, 47.2477031], [9.3498721, 47.2446611], [9.3604241, 47.2441141], [9.3648961, 47.2431641], [9.3676941, 47.2407971], [9.3719351, 47.2396101], [9.3749501, 47.2369351], [9.3782051, 47.2361311], [9.3820351, 47.2339691], [9.3914431, 47.2365101], [9.4023221, 47.2375501], [9.4106181, 47.2441591], [9.4147561, 47.2464401], [9.4190291, 47.2476941], [9.4263701, 47.2472091], [9.4345271, 47.2507921], [9.4377691, 47.2507291], [9.4397481, 47.2526451], [9.4473811, 47.2557991], [9.4513511, 47.2600471], [9.4654831, 47.2663391], [9.4676041, 47.2686691], [9.4728811, 47.2712661], [9.4765601, 47.2764601], [9.4796511, 47.2789541], [9.4810961, 47.2817861], [9.4846781, 47.2834441], [9.4871281, 47.2871271], [9.4876271, 47.2888901], [9.4866041, 47.2902141], [9.4892741, 47.2948351], [9.4904981, 47.3006341], [9.4891761, 47.3016351], [9.4960591, 47.3062271], [9.4929041, 47.3108501], [9.4925791, 47.3129151], [9.4934021, 47.3144471], [9.4968221, 47.3161491], [9.4965251, 47.3175211], [9.4980181, 47.3179171], [9.5005761, 47.3263251], [9.4997961, 47.3270341], [9.5011671, 47.3280251], [9.5001781, 47.3294331], [9.5021411, 47.3295551], [9.5016151, 47.3311971], [9.5024371, 47.3313841], [9.5024141, 47.3322001], [9.5017501, 47.3328051], [9.5029681, 47.3337591], [9.5030451, 47.3509551], [9.5023071, 47.3519091], [9.5026931, 47.3537381], [9.5014601, 47.3544171], [9.5000261, 47.3598561], [9.5009441, 47.3608161], [9.4992221, 47.3613631], [9.5003711, 47.3627471], [9.4990041, 47.3637961], [9.5009751, 47.3679811], [9.4990801, 47.3693281], [9.5007531, 47.3703341], [9.5013001, 47.3710781], [9.5006621, 47.3716221], [9.5014151, 47.3722601], [9.5053141, 47.3744851], [9.5029571, 47.3749841], [9.5032171, 47.3805741], [9.5041201, 47.3824961], [9.5025911, 47.3839581], [9.5041141, 47.3843141], [9.5050061, 47.3872981], [9.5041761, 47.3882351], [9.5055101, 47.3890651], [9.5054981, 47.3901071], [9.5069071, 47.3905881], [9.5092041, 47.3946271], [9.5427061, 47.4001591], [9.5430111, 47.3989471], [9.5452431, 47.3983481], [9.5433341, 47.3949351], [9.5450681, 47.3952661], [9.5453261, 47.3943411], [9.5469811, 47.3942861], [9.5475891, 47.3931291], [9.5533231, 47.3939291], [9.5537731, 47.3945121], [9.5532031, 47.3952191], [9.5554951, 47.3958861], [9.5557291, 47.3966161], [9.5578451, 47.3968611], [9.5613241, 47.3989311], [9.5638531, 47.3987011], [9.5654591, 47.4005451], [9.5672381, 47.4005471], [9.5678041, 47.4017071], [9.5719311, 47.4029731], [9.5730691, 47.4040451], [9.5762681, 47.4041561], [9.5743371, 47.4055661], [9.5824221, 47.4086531], [9.5828291, 47.4097151], [9.5899651, 47.4117051], [9.5962941, 47.4114981], [9.6002871, 47.4134821], [9.6046101, 47.4139901], [9.6012101, 47.4163781], [9.5958351, 47.4173281], [9.5971271, 47.4182631], [9.5935741, 47.4188521], [9.5939541, 47.4194991], [9.5896941, 47.4209941], [9.5887861, 47.4216651], [9.5898181, 47.4225171], [9.5886421, 47.4237811], [9.5891451, 47.4242951], [9.5884201, 47.4255291], [9.6074111, 47.4315841], [9.6068841, 47.4321171], [9.6088401, 47.4334981], [9.6128601, 47.4340981], [9.6164371, 47.4365611], [9.6184311, 47.4364371], [9.6178621, 47.4375381], [9.6288271, 47.4393611], [9.6296791, 47.4396941], [9.6301081, 47.4415841], [9.6308501, 47.4415911], [9.6297961, 47.4442721], [9.6222801, 47.4465941], [9.6205891, 47.4478471], [9.6138701, 47.4483431], [9.6097511, 47.4501651], [9.6088361, 47.4514911], [9.6042961, 47.4524931], [9.5967181, 47.4566061], [9.5960801, 47.4584291]]], [[[9.3555551, 47.5120341], [9.3593821, 47.5105141], [9.3579341, 47.5082341], [9.3545441, 47.5093181], [9.3536561, 47.5114131], [9.3555551, 47.5120341]]]]}}, {"type": "Feature", "properties": {"name": "Thurgau", "parent": "che", "version": 1, "source": "gsak", "licence": "ODbL"}, "geometry": {"type": "MultiPolygon", "coordinates": [[[[9.5633985, 47.5252819], [9.4642191, 47.4842601], [9.4643981, 47.4868561], [9.4657261, 47.4879601], [9.4632151, 47.4888761], [9.4628321, 47.4879741], [9.4591021, 47.4892741], [9.4529901, 47.4899441], [9.4527041, 47.4908941], [9.4535341, 47.4915881], [9.4495611, 47.4921481], [9.4498951, 47.4931791], [9.4481921, 47.4934991], [9.4503281, 47.4968431], [9.4477481, 47.4979451], [9.4489991, 47.4994261], [9.4482651, 47.5004431], [9.5246507, 47.5490865], [9.5633985, 47.5252819]]], [[[9.1758331, 47.6540241], [9.1867571, 47.6573851], [9.36135, 47.6347913], [9.4550324, 47.594943], [9.5106808, 47.5639797], [9.4935741, 47.5560011], [9.4367901, 47.5069031], [9.4332681, 47.5059091], [9.4331361, 47.5052381], [9.4312881, 47.5052881], [9.4294441, 47.5032831], [9.4250705, 47.5015068], [9.4216521, 47.4963131], [9.4191435, 47.4966661], [9.4174972, 47.4979089], [9.4130981, 47.4972481], [9.4096411, 47.4934211], [9.4065291, 47.4939861], [9.4057411, 47.4914911], [9.4062381, 47.4911551], [9.4035461, 47.4886561], [9.4038241, 47.4874521], [9.4007421, 47.4859961], [9.4018861, 47.4842861], [9.4003761, 47.4825861], [9.4012161, 47.4806451], [9.4005571, 47.4794571], [9.3993261, 47.4780431], [9.3966131, 47.4778541], [9.3972531, 47.4748451], [9.3916491, 47.4769401], [9.3916621, 47.4787751], [9.3887841, 47.4814051], [9.3849991, 47.4819791], [9.3821421, 47.4844641], [9.3796571, 47.4854161], [9.3808461, 47.4871761], [9.3750231, 47.4869501], [9.3732461, 47.4852541], [9.3682941, 47.4846671], [9.3665771, 47.4853511], [9.3682241, 47.4879391], [9.3725761, 47.4897221], [9.3726938, 47.4904439], [9.3685141, 47.4922791], [9.3691191, 47.4941961], [9.3727411, 47.4943151], [9.3740081, 47.4952571], [9.3740311, 47.5003481], [9.3689381, 47.5011271], [9.3679771, 47.5004891], [9.3618691, 47.5028331], [9.3576261, 47.5033781], [9.3563121, 47.5033821], [9.3559791, 47.5007871], [9.3466091, 47.5018951], [9.3417941, 47.5037061], [9.3396021, 47.5031431], [9.3379191, 47.5010081], [9.3370431, 47.5012781], [9.3363861, 47.5023991], [9.3382031, 47.5068051], [9.3432561, 47.5064091], [9.3442861, 47.5082461], [9.3461551, 47.5080141], [9.3472111, 47.5098331], [9.3481751, 47.5097801], [9.3485471, 47.5112111], [9.3458331, 47.5117861], [9.3496461, 47.5142311], [9.3501691, 47.5153501], [9.3544881, 47.5154031], [9.3558921, 47.5164341], [9.3564551, 47.5194271], [9.3438501, 47.5201731], [9.3438751, 47.5208821], [9.3416151, 47.5221951], [9.3410911, 47.5240611], [9.3388131, 47.5248651], [9.3403251, 47.5274421], [9.3394341, 47.5315181], [9.3382101, 47.5289611], [9.3296561, 47.5296691], [9.3287571, 47.5283921], [9.3243441, 47.5291911], [9.3230661, 47.5302271], [9.3229471, 47.5318381], [9.3218911, 47.5308281], [9.3183001, 47.5315101], [9.3156311, 47.5302531], [9.3165211, 47.5287991], [9.3122431, 47.5275591], [9.3136651, 47.5235781], [9.3129161, 47.5221481], [9.3099521, 47.5234771], [9.3084031, 47.5253401], [9.3026611, 47.5262941], [9.3013091, 47.5240851], [9.2962891, 47.5244761], [9.2952621, 47.5227261], [9.2823711, 47.5206141], [9.2849701, 47.5184481], [9.2826981, 47.5164651], [9.2825321, 47.5145571], [9.2794951, 47.5139501], [9.2803831, 47.5100231], [9.2779941, 47.5102651], [9.2778691, 47.5118081], [9.2754411, 47.5131571], [9.2721621, 47.5114321], [9.2703021, 47.5123121], [9.2688351, 47.5116151], [9.2684421, 47.5108311], [9.2706231, 47.5099901], [9.2715871, 47.5077611], [9.2732731, 47.5080421], [9.2744941, 47.5067411], [9.2808531, 47.5063391], [9.2810731, 47.5057591], [9.2864251, 47.5067141], [9.2864441, 47.5074951], [9.2916011, 47.5066141], [9.2919611, 47.5080871], [9.2953491, 47.5096301], [9.2977411, 47.5091161], [9.2993591, 47.5120221], [9.3006361, 47.5117291], [9.3011881, 47.5127491], [9.3025341, 47.5122651], [9.3031911, 47.5135221], [9.3016831, 47.5141321], [9.3031691, 47.5156651], [9.3048681, 47.5147121], [9.3047681, 47.5139851], [9.3118071, 47.5102261], [9.3165581, 47.5097251], [9.3169451, 47.5086191], [9.3158981, 47.5087221], [9.3150851, 47.5069931], [9.3143811, 47.5076251], [9.3100921, 47.5075291], [9.3100521, 47.5062941], [9.3081071, 47.5050681], [9.3078241, 47.5039041], [9.3090921, 47.5031661], [9.3083071, 47.5014011], [9.3091991, 47.5006621], [9.3080461, 47.4981321], [9.3092311, 47.4976301], [9.3148641, 47.5006551], [9.3175521, 47.5002481], [9.3199871, 47.4969971], [9.3191881, 47.4939081], [9.3209901, 47.4907591], [9.3189551, 47.4905491], [9.3163991, 47.4888841], [9.3167281, 47.4881421], [9.3153661, 47.4877351], [9.3158021, 47.4869761], [9.3151391, 47.4862831], [9.3091301, 47.4842731], [9.3084321, 47.4818931], [9.2984311, 47.4772331], [9.2965141, 47.4786011], [9.2949381, 47.4781391], [9.2878971, 47.4799701], [9.2868821, 47.4821241], [9.2811781, 47.4829551], [9.2789851, 47.4813381], [9.2783371, 47.4793031], [9.2725321, 47.4784381], [9.2723811, 47.4774941], [9.2670321, 47.4765771], [9.2634921, 47.4744721], [9.2521451, 47.4755371], [9.2512481, 47.4743901], [9.2472401, 47.4757101], [9.2454191, 47.4778591], [9.2457413, 47.4787602], [9.2446951, 47.4802131], [9.2408111, 47.4800841], [9.2378971, 47.4817381], [9.2370501, 47.4808081], [9.2324261, 47.4809191], [9.2326011, 47.4830881], [9.2290261, 47.4840491], [9.2279121, 47.4830091], [9.2244661, 47.4843511], [9.2202461, 47.4832041], [9.2183371, 47.4836841], [9.2146351, 47.4817961], [9.2130371, 47.4788311], [9.2091091, 47.4800431], [9.2098911, 47.4818431], [9.2065871, 47.4824611], [9.2080251, 47.4832121], [9.2064821, 47.4865971], [9.2100141, 47.4892101], [9.2075031, 47.4885431], [9.2016051, 47.4886941], [9.2001481, 47.4894481], [9.1988421, 47.4888611], [9.1968121, 47.4904291], [9.1931621, 47.4887581], [9.1925371, 47.4893721], [9.1932651, 47.4911721], [9.1888591, 47.4930271], [9.1831061, 47.4912451], [9.1818511, 47.4929081], [9.180916, 47.4973275], [9.1777371, 47.4969381], [9.1784001, 47.4961231], [9.1771061, 47.4946531], [9.1747991, 47.4951941], [9.1738171, 47.4944451], [9.1731251, 47.4960921], [9.1691031, 47.4982491], [9.1720031, 47.5030301], [9.1692721, 47.5037691], [9.1681281, 47.5010941], [9.1667811, 47.5015771], [9.1675061, 47.5034871], [9.1659721, 47.5039871], [9.1623491, 47.5001921], [9.1607461, 47.4998021], [9.1606021, 47.4985491], [9.1626861, 47.4969811], [9.1626151, 47.4962911], [9.1587151, 47.4912611], [9.1583131, 47.4892271], [9.1560801, 47.4879081], [9.1539501, 47.4868631], [9.1527621, 47.4875101], [9.1465041, 47.4865511], [9.1421651, 47.4843511], [9.1372701, 47.4856681], [9.1355931, 47.4848241], [9.1317541, 47.4853481], [9.1307731, 47.4845271], [9.1241411, 47.4835661], [9.1247591, 47.4815021], [9.1193461, 47.4795861], [9.1161321, 47.4794791], [9.1149971, 47.4820851], [9.1140591, 47.4821161], [9.1144771, 47.4828441], [9.1125721, 47.4830341], [9.1128211, 47.4843411], [9.1037381, 47.4842571], [9.0987361, 47.4854821], [9.0977921, 47.4836481], [9.0915381, 47.4833581], [9.0898911, 47.4825661], [9.0884641, 47.4843711], [9.0882441, 47.4861161], [9.0863621, 47.4881411], [9.0837421, 47.4889891], [9.0850981, 47.4901461], [9.0837931, 47.4910241], [9.0846911, 47.4920011], [9.0836491, 47.4924421], [9.0835301, 47.4936791], [9.0823231, 47.4937931], [9.0822581, 47.4950661], [9.0796781, 47.4948231], [9.0744401, 47.4922111], [9.0739921, 47.4929761], [9.0717901, 47.4928411], [9.0649211, 47.4907271], [9.0627931, 47.4924271], [9.0618371, 47.4909591], [9.0598521, 47.4910771], [9.0587131, 47.4901011], [9.0597612, 47.4887088], [9.059246, 47.4882994], [9.0557831, 47.4872251], [9.0538535, 47.4897455], [9.0500901, 47.4894671], [9.0508791, 47.4904091], [9.0503841, 47.4918101], [9.0475651, 47.4917501], [9.0469061, 47.4927891], [9.0430321, 47.4945881], [9.0425361, 47.4958811], [9.0402261, 47.4956921], [9.0410623, 47.494806], [9.0364438, 47.492396], [9.0360519, 47.4915018], [9.0351103, 47.4921895], [9.030245, 47.4903899], [9.0284029, 47.488706], [9.0260891, 47.4901096], [9.0249326, 47.4891585], [9.021013, 47.4890097], [9.0198541, 47.4882771], [9.0168361, 47.4897811], [9.0127281, 47.4897451], [9.0103711, 47.4875381], [9.0117591, 47.4867691], [9.0108591, 47.4852831], [9.0083818, 47.4836993], [9.0071308, 47.4842301], [9.0070211, 47.4825931], [9.0037571, 47.4809361], [9.0063311, 47.4806711], [9.0061371, 47.4799991], [9.0073111, 47.4793041], [9.0088171, 47.4796421], [9.0086981, 47.4757381], [9.0119391, 47.4751421], [9.0080736, 47.4724144], [9.0296931, 47.4665841], [9.0283791, 47.4639951], [9.0293011, 47.4623761], [9.0309581, 47.4618241], [9.0265131, 47.4599201], [9.0275081, 47.4576301], [9.0335352, 47.4561561], [9.0357931, 47.4548541], [9.0495843, 47.4530581], [9.0542201, 47.4503831], [9.0545221, 47.4486221], [9.0628331, 47.4462461], [9.0604611, 47.4450781], [9.0589971, 47.4459911], [9.0573301, 47.4455461], [9.0590991, 47.4431991], [9.0545991, 47.4434551], [9.0543297, 47.4422295], [9.0478241, 47.4441191], [9.0477811, 47.4426881], [9.0454241, 47.4428611], [9.0465621, 47.4415511], [9.0453971, 47.4404321], [9.0455991, 47.4417001], [9.0442061, 47.4417971], [9.0429561, 47.4402081], [9.0380621, 47.4413351], [9.0381261, 47.4397761], [9.0368351, 47.4393291], [9.0387771, 47.4379791], [9.0371721, 47.4357931], [9.0337651, 47.4354821], [9.0367331, 47.4373541], [9.0336231, 47.4397781], [9.0314001, 47.4374681], [9.0264091, 47.4369831], [9.0220051, 47.4413701], [9.0197951, 47.4402561], [9.0204341, 47.4397821], [9.0188461, 47.4365811], [9.0137941, 47.4352261], [9.0121941, 47.4333851], [9.0110941, 47.4332631], [9.0101201, 47.4351341], [9.0083421, 47.4342361], [9.0046471, 47.4346151], [9.0035141, 47.4339131], [8.9986191, 47.4349311], [8.9985281, 47.4338261], [9.0000121, 47.4320621], [8.9942601, 47.4303671], [8.9942821, 47.4298051], [8.9921091, 47.4295611], [8.9904531, 47.4302751], [8.9877411, 47.4297251], [8.9872541, 47.4291481], [8.9899871, 47.4291541], [8.9903061, 47.4272301], [8.9912701, 47.4264731], [8.9894091, 47.4249841], [8.9943452, 47.4224199], [8.9928235, 47.4225078], [8.9912174, 47.4208427], [8.9919317, 47.4203383], [8.9896121, 47.4139841], [8.9905111, 47.4136601], [8.9893611, 47.4129871], [8.9888101, 47.4111591], [8.9833231, 47.4112881], [8.9818601, 47.4122961], [8.9788681, 47.4118001], [8.9788001, 47.4106921], [8.9765741, 47.4106021], [8.9761941, 47.4097711], [8.9767721, 47.4094521], [8.9750921, 47.4082251], [8.9743281, 47.4056721], [8.9723541, 47.4044511], [8.9755791, 47.3989931], [8.9741211, 47.3979631], [8.9714321, 47.3911711], [8.9687101, 47.3914181], [8.9675791, 47.3905281], [8.9662081, 47.3882061], [8.9664426, 47.3854591], [8.9650081, 47.3847181], [8.9639261, 47.3858631], [8.9613581, 47.3851801], [8.9574371, 47.3863011], [8.9561551, 47.3834691], [8.9543281, 47.3818461], [8.9549291, 47.3814361], [8.9447951, 47.3780471], [8.9435671, 47.3757711], [8.9402111, 47.3796211], [8.9435971, 47.3838901], [8.9434931, 47.3855091], [8.9417261, 47.3870281], [8.9360581, 47.3902451], [8.9314691, 47.3914281], [8.9300321, 47.3931961], [8.9274041, 47.3945841], [8.9275781, 47.3957621], [8.9206968, 47.3994358], [8.9155241, 47.3998271], [8.9114301, 47.4014201], [8.9072381, 47.4009231], [8.9035521, 47.4019281], [8.9048131, 47.4051631], [8.9093601, 47.4089811], [8.9108511, 47.4118851], [8.9126751, 47.4127651], [8.9128071, 47.4166191], [8.9140371, 47.4181461], [8.9114221, 47.4231001], [8.9130541, 47.4280631], [8.9075931, 47.4302961], [8.9074951, 47.4314561], [8.9106962, 47.4340409], [8.9120153, 47.4337992], [8.9135796, 47.4316427], [8.9171677, 47.4331486], [8.9180786, 47.4325298], [8.9232565, 47.4328007], [8.9262007, 47.4314135], [8.9292039, 47.4321394], [8.9305171, 47.4316952], [8.9331071, 47.4342255], [8.9321601, 47.4347325], [8.932743, 47.4354222], [8.9215613, 47.4350039], [8.9175953, 47.4366065], [8.9106727, 47.4367848], [8.9069321, 47.4386891], [8.9070461, 47.4396131], [8.9025521, 47.4443441], [8.9056777, 47.4467661], [8.9089565, 47.4478489], [8.9068886, 47.4510012], [8.9057673, 47.4512178], [8.9036086, 47.4534941], [8.900382, 47.4543221], [8.8982349, 47.4582398], [8.8956175, 47.4595322], [8.8963138, 47.4607378], [8.8957161, 47.4627611], [8.8917581, 47.4641201], [8.8936141, 47.4650381], [8.8917431, 47.4657351], [8.8906421, 47.4693141], [8.8842641, 47.4696841], [8.8834161, 47.4710851], [8.8846041, 47.4722961], [8.8844781, 47.4735491], [8.8811601, 47.4744511], [8.8848231, 47.4769601], [8.8843251, 47.4786501], [8.8855161, 47.4805771], [8.8852811, 47.4815951], [8.8975191, 47.4849021], [8.8967321, 47.4876671], [8.8927861, 47.4882411], [8.893516, 47.4942298], [8.8928171, 47.5003761], [8.8970151, 47.5046881], [8.8962421, 47.5053651], [8.8975011, 47.5077241], [8.8976321, 47.5112331], [8.8963441, 47.5131971], [8.8970011, 47.5175101], [8.8953541, 47.5190111], [8.8982451, 47.5241711], [8.8963471, 47.5257101], [8.8897691, 47.5267781], [8.8874941, 47.5282451], [8.8862011, 47.5277591], [8.8835501, 47.5293011], [8.8796931, 47.5273151], [8.8700351, 47.5302921], [8.8557201, 47.5305291], [8.8558831, 47.5313801], [8.8472111, 47.5313831], [8.8411341, 47.5326891], [8.8410251, 47.5369991], [8.8393611, 47.5370521], [8.8398991, 47.5392741], [8.8381271, 47.5392931], [8.8386031, 47.5401031], [8.8359851, 47.5429891], [8.8342651, 47.5429331], [8.8336521, 47.5443531], [8.8340981, 47.5450931], [8.8328831, 47.5460291], [8.8334591, 47.5465491], [8.8321881, 47.5473951], [8.8325571, 47.5487901], [8.8306691, 47.5503471], [8.8298361, 47.5517901], [8.8305741, 47.5522901], [8.8279711, 47.5559221], [8.8296181, 47.5563231], [8.8296701, 47.5574471], [8.8387961, 47.5572521], [8.8423771, 47.5600841], [8.8511981, 47.5605991], [8.8506971, 47.5634331], [8.8441641, 47.5631321], [8.8446291, 47.5659581], [8.8418691, 47.5662741], [8.8393811, 47.5654821], [8.8390607, 47.5686823], [8.8376241, 47.5686371], [8.8384761, 47.5710491], [8.8312401, 47.5733141], [8.8298891, 47.5711241], [8.8223851, 47.5731361], [8.8218711, 47.5717441], [8.8200661, 47.5727411], [8.8195521, 47.5713121], [8.8176011, 47.5717841], [8.8167551, 47.5699421], [8.8075181, 47.5713281], [8.8083071, 47.5742491], [8.8049121, 47.5750071], [8.8062981, 47.5794761], [8.8012971, 47.5804861], [8.8024161, 47.5825621], [8.8054101, 47.5818991], [8.8060251, 47.5830301], [8.7661431, 47.5923441], [8.7482501, 47.5922231], [8.7472381, 47.5957371], [8.7456421, 47.5965161], [8.7490271, 47.6000041], [8.7465601, 47.6003011], [8.7465781, 47.6011001], [8.7437351, 47.6025811], [8.7420931, 47.6048681], [8.7420401, 47.6073211], [8.7395801, 47.6079271], [8.7402871, 47.6119351], [8.7426491, 47.6117471], [8.7430761, 47.6128151], [8.7458201, 47.6128781], [8.7454641, 47.6162071], [8.7464701, 47.6179051], [8.7458631, 47.6210111], [8.7480531, 47.6229351], [8.7507281, 47.6197301], [8.7547781, 47.6180571], [8.7563601, 47.6166071], [8.7584361, 47.6182221], [8.7616041, 47.6180661], [8.7696531, 47.6149011], [8.7725151, 47.6142571], [8.7724741, 47.6148751], [8.7744871, 47.6147471], [8.7738881, 47.6143891], [8.7753751, 47.6141421], [8.7763111, 47.6127331], [8.7793171, 47.6125031], [8.7879181, 47.6094251], [8.7876901, 47.6088281], [8.7898751, 47.6092251], [8.7902871, 47.6083501], [8.7883111, 47.6051721], [8.7882131, 47.6041461], [8.7892891, 47.6041531], [8.7889391, 47.6031141], [8.8030301, 47.6011101], [8.8019161, 47.6030461], [8.8031271, 47.6043781], [8.8032331, 47.6068111], [8.8042531, 47.6080711], [8.8035081, 47.6083871], [8.8043111, 47.6093971], [8.8047321, 47.6135361], [8.8086691, 47.6139141], [8.8088031, 47.6150211], [8.8138441, 47.6165881], [8.8119311, 47.6176071], [8.8128851, 47.6180881], [8.8114761, 47.6188301], [8.8129161, 47.6193971], [8.8129131, 47.6203791], [8.8143381, 47.6214921], [8.8126931, 47.6213441], [8.8134171, 47.6223551], [8.8117801, 47.6225171], [8.8123061, 47.6242581], [8.8134661, 47.6243911], [8.8131395, 47.6275295], [8.8153181, 47.6275911], [8.8156921, 47.6285701], [8.8176971, 47.6280041], [8.8180361, 47.6298011], [8.8202831, 47.6292511], [8.8208171, 47.6301731], [8.8200131, 47.6303271], [8.8209601, 47.6316631], [8.8246461, 47.6338091], [8.8237161, 47.6343281], [8.8254071, 47.6374771], [8.8267411, 47.6380641], [8.8276101, 47.6406031], [8.8260861, 47.6442131], [8.8264191, 47.6467411], [8.8225741, 47.6485701], [8.8159471, 47.6491481], [8.8156461, 47.6498421], [8.8097051, 47.6517711], [8.8047181, 47.6523101], [8.8051401, 47.6546621], [8.8043311, 47.6554711], [8.8050361, 47.6604891], [8.8036711, 47.6607061], [8.8043571, 47.6638341], [8.8053201, 47.6645641], [8.7886371, 47.6653681], [8.7866721, 47.6608071], [8.7865351, 47.6580351], [8.7858281, 47.6577731], [8.7860481, 47.6552321], [8.7824421, 47.6524711], [8.7779551, 47.6508271], [8.7764201, 47.6489441], [8.7686831, 47.6502181], [8.7650151, 47.6488431], [8.7624861, 47.6462131], [8.7598031, 47.6455421], [8.7582011, 47.6430681], [8.7554821, 47.6428751], [8.7551161, 47.6420791], [8.7521941, 47.6424701], [8.7520891, 47.6412711], [8.7483421, 47.6407971], [8.7473031, 47.6386251], [8.7433741, 47.6397171], [8.7430451, 47.6427961], [8.7380741, 47.6418271], [8.7361991, 47.6422281], [8.7349641, 47.6411121], [8.7294871, 47.6428231], [8.7245951, 47.6430171], [8.7234651, 47.6418091], [8.7203191, 47.6418411], [8.7200581, 47.6410071], [8.7169551, 47.6418021], [8.7158541, 47.6431051], [8.7147481, 47.6429521], [8.7142101, 47.6441941], [8.7107661, 47.6435491], [8.7087431, 47.6418591], [8.7035751, 47.6441621], [8.7009201, 47.6458051], [8.7004691, 47.6469641], [8.6932421, 47.6480251], [8.6881861, 47.6499781], [8.6883541, 47.6511361], [8.6865161, 47.6537161], [8.6848141, 47.6534851], [8.6846991, 47.6550641], [8.6800441, 47.6587181], [8.6792141, 47.6597811], [8.6793451, 47.6615201], [8.6777341, 47.6625401], [8.6775061, 47.6658081], [8.6786041, 47.6656301], [8.6790581, 47.6673651], [8.6787691, 47.6685301], [8.6777181, 47.6684541], [8.6770621, 47.6718011], [8.6693161, 47.6745271], [8.6680981, 47.6771561], [8.6698111, 47.6815701], [8.6694311, 47.6847351], [8.6788091, 47.6879061], [8.6898701, 47.6954011], [8.7087031, 47.6894891], [8.7147281, 47.6897831], [8.7247111, 47.6924361], [8.7309961, 47.6928781], [8.7432291, 47.6910041], [8.7509305, 47.6906774], [8.7558481, 47.6897941], [8.7658271, 47.6863561], [8.7741011, 47.6809111], [8.7906371, 47.6749331], [8.7975281, 47.6756221], [8.8036951, 47.6784961], [8.8096421, 47.6767111], [8.8165091, 47.6777981], [8.8268331, 47.6748851], [8.8301911, 47.6746951], [8.8382901, 47.6703251], [8.8397091, 47.6683471], [8.8400721, 47.6661481], [8.8418701, 47.6642571], [8.8545491, 47.6606341], [8.8486851, 47.6549211], [8.8475411, 47.6553351], [8.8468461, 47.6546011], [8.8476591, 47.6539381], [8.8454581, 47.6531881], [8.8496411, 47.6510291], [8.8502791, 47.6516731], [8.8580311, 47.6501381], [8.8607051, 47.6539811], [8.8653831, 47.6561021], [8.8723831, 47.6539181], [8.8772609, 47.6549592], [8.8831211, 47.6540991], [8.8905871, 47.6502651], [8.8984041, 47.6486801], [8.9082181, 47.6499091], [8.9293281, 47.6549341], [8.9409241, 47.6567231], [8.9553321, 47.6619151], [9.0039291, 47.6819861], [9.0158591, 47.6856811], [9.0248481, 47.6866151], [9.0449201, 47.6834371], [9.0637261, 47.6826961], [9.0731751, 47.6788231], [9.0883861, 47.6792841], [9.0958441, 47.6786271], [9.1116063, 47.6738565], [9.1125261, 47.6717171], [9.1185261, 47.6680491], [9.1333321, 47.6658201], [9.1391471, 47.6638671], [9.1420131, 47.6643741], [9.1474541, 47.6672981], [9.1527121, 47.6670271], [9.1577831, 47.6657131], [9.1606341, 47.6622261], [9.1703061, 47.6549611], [9.1754001, 47.6557911], [9.1758331, 47.6540241]], [[9.3567841, 47.5119381], [9.3536561, 47.5114131], [9.3545441, 47.5093181], [9.3579341, 47.5082341], [9.3593821, 47.5105141], [9.3567841, 47.5119381]], [[9.1607526, 47.6585201], [9.1597472, 47.6562636], [9.1617862, 47.6565257], [9.1607526, 47.6585201]]]]}}, {"type": "Feature", "properties": {"name": "Ticino", "parent": "che", "version": 1, "source": "gsak", "licence": "ODbL"}, "geometry": {"type": "Polygon", "coordinates": [[[8.4342508, 46.2882235], [8.4331464, 46.2927926], [8.428085, 46.297841], [8.4283991, 46.2996453], [8.4330443, 46.3021331], [8.4405028, 46.3041167], [8.4388341, 46.3059731], [8.4388586, 46.3070417], [8.4394008, 46.3084349], [8.4417947, 46.3102609], [8.4415912, 46.3155158], [8.4442286, 46.319838], [8.4537263, 46.3230093], [8.4556019, 46.3253935], [8.4560108, 46.3273615], [8.4610022, 46.3288203], [8.465003, 46.3347257], [8.4637715, 46.3374333], [8.4639594, 46.3389838], [8.4627924, 46.3401373], [8.4650028, 46.3457538], [8.4649736, 46.3489996], [8.4630707, 46.3491243], [8.4611975, 46.3517631], [8.4629253, 46.354968], [8.4644064, 46.3559368], [8.4646952, 46.3581066], [8.4694113, 46.3605911], [8.4702425, 46.3617396], [8.4681308, 46.364775], [8.4665978, 46.380159], [8.4611926, 46.3869636], [8.4668432, 46.3928535], [8.4711514, 46.3961152], [8.4691751, 46.3985521], [8.4671446, 46.3990414], [8.46318, 46.4028557], [8.4630268, 46.4038031], [8.4633509, 46.4056282], [8.4686576, 46.4117436], [8.465404, 46.415732], [8.4586088, 46.4199626], [8.45696, 46.4238593], [8.461169, 46.4284862], [8.459413, 46.4297411], [8.4602301, 46.4321344], [8.4582954, 46.4331485], [8.4579523, 46.4347375], [8.45936, 46.4370352], [8.4641154, 46.4390615], [8.4641701, 46.4402305], [8.4663296, 46.442595], [8.4649489, 46.445284], [8.4614855, 46.4462374], [8.4625258, 46.4479148], [8.4620237, 46.4506183], [8.453125, 46.4550165], [8.4523076, 46.4565532], [8.4530859, 46.4581431], [8.4499663, 46.461882], [8.4461273, 46.4637154], [8.4390782, 46.4626982], [8.4383627, 46.462727], [8.4383847, 46.4643035], [8.4340345, 46.4638765], [8.4281558, 46.4617639], [8.4211023, 46.4607607], [8.4176178, 46.4587568], [8.4111069, 46.4591825], [8.4071368, 46.4583421], [8.4045116, 46.4571275], [8.4030405, 46.4549114], [8.3968163, 46.4548489], [8.3947187, 46.4536641], [8.3931535, 46.4515851], [8.3907498, 46.4525102], [8.3859681, 46.4517369], [8.3845749, 46.4522126], [8.3822121, 46.4595921], [8.3857411, 46.4617921], [8.3856091, 46.4655941], [8.3888941, 46.4672141], [8.3926631, 46.4679031], [8.3921361, 46.4694131], [8.3898491, 46.4698651], [8.3892451, 46.4729191], [8.3861091, 46.4755031], [8.3864761, 46.4769261], [8.3882241, 46.4774071], [8.3875081, 46.4779561], [8.3896021, 46.4788961], [8.3917621, 46.4828071], [8.3945251, 46.4835461], [8.3944421, 46.4873681], [8.3915121, 46.4916881], [8.3916641, 46.4934621], [8.3923591, 46.4947181], [8.3949781, 46.4938091], [8.3989641, 46.4940711], [8.4015041, 46.4923811], [8.4090741, 46.4925231], [8.4109841, 46.4927321], [8.4144501, 46.4947761], [8.4196121, 46.4925921], [8.4314791, 46.4967771], [8.4347351, 46.4970091], [8.4429951, 46.4954441], [8.4449371, 46.4970041], [8.4517481, 46.5077771], [8.4604071, 46.5112291], [8.4665051, 46.5177651], [8.4705871, 46.5196491], [8.4728571, 46.5231401], [8.4781751, 46.5250871], [8.4783801, 46.5266311], [8.477459, 46.5276226], [8.481051, 46.5297039], [8.4824298, 46.5319179], [8.4908238, 46.5328751], [8.4947654, 46.5344579], [8.4999437, 46.5342747], [8.5017866, 46.5351796], [8.5057967, 46.5352545], [8.5110884, 46.5374987], [8.5194619, 46.5389938], [8.5194164, 46.5432451], [8.5177599, 46.5451726], [8.5180498, 46.5466318], [8.5155787, 46.5485894], [8.5144898, 46.5512087], [8.5156973, 46.5545485], [8.5137804, 46.5565234], [8.5133111, 46.5591593], [8.517763, 46.5649423], [8.5209976, 46.5668908], [8.5209682, 46.5703098], [8.5199738, 46.5727708], [8.5219301, 46.5743715], [8.5213061, 46.5774138], [8.5249675, 46.5778287], [8.5246703, 46.579271], [8.5259579, 46.5800459], [8.5261463, 46.5813036], [8.5311707, 46.5845841], [8.5358695, 46.5846514], [8.5393366, 46.5867096], [8.5454462, 46.5839738], [8.5470731, 46.5821812], [8.5597107, 46.5812701], [8.5670267, 46.5817151], [8.5734296, 46.5837206], [8.5772066, 46.5818385], [8.5814121, 46.5770957], [8.5846069, 46.5770185], [8.5903382, 46.5735194], [8.6019543, 46.5737611], [8.609969, 46.5748709], [8.6138208, 46.576518], [8.6149292, 46.577991], [8.6222936, 46.5776672], [8.6258906, 46.5765951], [8.6276984, 46.5742595], [8.6293856, 46.5738595], [8.628644, 46.5712807], [8.6311014, 46.5658795], [8.6335055, 46.5654719], [8.6344612, 46.5644497], [8.6404836, 46.5639814], [8.6564037, 46.5686252], [8.6595808, 46.5721224], [8.6598415, 46.5735591], [8.6623186, 46.5734874], [8.6670183, 46.5764957], [8.6728052, 46.5785248], [8.6787231, 46.5791351], [8.6812621, 46.5782371], [8.6848301, 46.5802911], [8.6903891, 46.5803471], [8.6925001, 46.5796221], [8.6984911, 46.5810041], [8.6988961, 46.5795311], [8.7031041, 46.5785451], [8.7046621, 46.5771331], [8.7053771, 46.5738221], [8.7092931, 46.5734191], [8.7155381, 46.5711501], [8.7197111, 46.5718241], [8.7279141, 46.5767641], [8.7389701, 46.5721671], [8.7439651, 46.5721931], [8.7507661, 46.5761881], [8.7552741, 46.5740591], [8.7593211, 46.5733451], [8.7626641, 46.5743971], [8.8007021, 46.5632101], [8.8295991, 46.5714001], [8.8296761, 46.5676561], [8.8310311, 46.5644341], [8.8332651, 46.5634551], [8.8429701, 46.5633431], [8.8553331, 46.5701741], [8.8581071, 46.5700481], [8.8618631, 46.5712611], [8.8629111, 46.5730241], [8.8770841, 46.5746661], [8.8792501, 46.5775541], [8.8887891, 46.5788991], [8.8939351, 46.5820261], [8.9036581, 46.5840241], [8.9111371, 46.5885931], [8.9160471, 46.5924181], [8.9153321, 46.5956471], [8.9171501, 46.5966111], [8.9151881, 46.5992951], [8.9129631, 46.6002061], [8.9073071, 46.6059781], [8.9057301, 46.6108581], [8.9071771, 46.6154181], [8.9105331, 46.6166281], [8.9123751, 46.6187511], [8.9185711, 46.6197471], [8.9229071, 46.6229441], [8.9245941, 46.6230621], [8.9264371, 46.6213621], [8.9333021, 46.6208071], [8.9415011, 46.6184031], [8.9504081, 46.6238491], [8.9514721, 46.6274881], [8.9509391, 46.6300241], [8.9528451, 46.6324181], [8.9575391, 46.6301271], [8.9630651, 46.6180671], [8.9598001, 46.6107571], [8.9623351, 46.6024121], [8.9664891, 46.6036791], [8.9722951, 46.6023051], [8.9838081, 46.6087061], [8.9957491, 46.6116871], [9.0064521, 46.6107811], [9.0074641, 46.6096511], [9.0116351, 46.6079271], [9.0161831, 46.6031501], [9.0210081, 46.6030221], [9.0226361, 46.6018271], [9.0252091, 46.6014141], [9.0272941, 46.5993461], [9.0340721, 46.5999301], [9.0339571, 46.5950291], [9.0347661, 46.5924741], [9.0416331, 46.5897001], [9.0430621, 46.5884111], [9.0434741, 46.5868831], [9.0421461, 46.5852961], [9.0438661, 46.5833101], [9.0416521, 46.5834301], [9.0375531, 46.5821621], [9.0353781, 46.5780201], [9.0353041, 46.5748581], [9.0336661, 46.5744321], [9.0299761, 46.5714441], [9.0285181, 46.5678931], [9.0266441, 46.5657541], [9.0268011, 46.5616771], [9.0232931, 46.5581871], [9.0243021, 46.5572051], [9.0246241, 46.5548961], [9.0233621, 46.5540031], [9.0227401, 46.5520361], [9.0192591, 46.5474381], [9.0214161, 46.5417741], [9.0211751, 46.5394161], [9.0229221, 46.5378051], [9.0213721, 46.5348471], [9.0216811, 46.5339331], [9.0167121, 46.5320091], [9.0167591, 46.5298421], [9.0201611, 46.5282471], [9.0208531, 46.5270381], [9.0203951, 46.5239691], [9.0231581, 46.5189421], [9.0221431, 46.5178341], [9.0225881, 46.5149671], [9.0220131, 46.5145111], [9.0229361, 46.5098591], [9.0247101, 46.5073611], [9.0283261, 46.5045671], [9.0285981, 46.5034031], [9.0339691, 46.5011841], [9.0371211, 46.4979341], [9.0400441, 46.4936631], [9.0390001, 46.4916111], [9.0400851, 46.4895501], [9.0447241, 46.4882111], [9.0463331, 46.4867791], [9.0478781, 46.4833021], [9.0453501, 46.4813101], [9.0460641, 46.4808371], [9.0512501, 46.4791251], [9.0535041, 46.4768161], [9.0595131, 46.4763281], [9.0736881, 46.4803921], [9.0775931, 46.4781841], [9.0823491, 46.4771591], [9.0857051, 46.4752881], [9.0852781, 46.4707621], [9.0896111, 46.4675351], [9.0949921, 46.4608481], [9.0942031, 46.4572751], [9.0918751, 46.4528801], [9.0916331, 46.4495761], [9.0922811, 46.4488681], [9.0874071, 46.4439181], [9.0894621, 46.4369141], [9.0884921, 46.4363881], [9.0891351, 46.4322741], [9.0927101, 46.4288071], [9.0928371, 46.4276051], [9.0958561, 46.4242641], [9.0967141, 46.4215411], [9.1012051, 46.4170531], [9.1033011, 46.4129551], [9.1018151, 46.4104291], [9.0943861, 46.4075811], [9.0920301, 46.4074291], [9.0901041, 46.4051041], [9.0919801, 46.4027131], [9.0963521, 46.3996991], [9.0960381, 46.3987001], [9.0909911, 46.3951161], [9.0873631, 46.3888431], [9.0899121, 46.3865191], [9.0902511, 46.3833461], [9.0914161, 46.3830941], [9.0930891, 46.3797051], [9.0931611, 46.3769231], [9.0955591, 46.3734841], [9.0931811, 46.3710161], [9.0925831, 46.3682471], [9.0934161, 46.3648361], [9.0944491, 46.3640071], [9.0924751, 46.3570191], [9.0889991, 46.3534531], [9.0879031, 46.3492291], [9.0820271, 46.3489851], [9.0800701, 46.3473221], [9.0760781, 46.3466211], [9.0721751, 46.3438401], [9.0693711, 46.3435591], [9.0697121, 46.3411131], [9.0662921, 46.3363891], [9.0672361, 46.3344561], [9.0695191, 46.3324811], [9.0643281, 46.3278191], [9.0641321, 46.3251911], [9.0675391, 46.3234291], [9.0729531, 46.3181131], [9.0749751, 46.3145671], [9.0746871, 46.3129771], [9.0720861, 46.3085361], [9.0678481, 46.3069461], [9.0604691, 46.2972521], [9.0556331, 46.2959321], [9.0540211, 46.2944961], [9.0538871, 46.2917601], [9.0578891, 46.2816591], [9.0621111, 46.2776831], [9.0635201, 46.2729101], [9.0715241, 46.2685261], [9.0777251, 46.2602011], [9.0761691, 46.2378661], [9.0709531, 46.2354991], [9.0744471, 46.2315351], [9.0762301, 46.2330261], [9.0795531, 46.2333791], [9.0834521, 46.2243041], [9.0837091, 46.2201821], [9.0868291, 46.2141751], [9.0889091, 46.2122201], [9.1106141, 46.2050951], [9.1160711, 46.2021011], [9.1194531, 46.1998241], [9.1227941, 46.1954611], [9.1258031, 46.1940971], [9.1310321, 46.1880931], [9.1321921, 46.1833491], [9.1354731, 46.1803031], [9.1419361, 46.1776481], [9.1528961, 46.1702181], [9.1597623, 46.169342], [9.1597045, 46.1681576], [9.1570238, 46.1622787], [9.1518041, 46.1612425], [9.1446926, 46.1584409], [9.1412619, 46.155383], [9.1349287, 46.1533552], [9.1327063, 46.1499866], [9.1271234, 46.1447569], [9.1268144, 46.143037], [9.1227585, 46.1388945], [9.1227372, 46.1372469], [9.12068, 46.1345976], [9.1166845, 46.1352451], [9.1119535, 46.1345825], [9.1096049, 46.1327028], [9.1044473, 46.1316227], [9.1003713, 46.1286348], [9.0996904, 46.1267804], [9.0980275, 46.1273731], [9.0952141, 46.1260672], [9.0898927, 46.1254563], [9.0859327, 46.1239738], [9.0853379, 46.1229413], [9.0758565, 46.1201954], [9.0724246, 46.117837], [9.0740423, 46.1139933], [9.0779791, 46.1098935], [9.0814223, 46.1018857], [9.0893179, 46.0898337], [9.0895292, 46.0848459], [9.084128, 46.0794787], [9.084011, 46.0784171], [9.0790797, 46.0758113], [9.0778586, 46.0654464], [9.074137, 46.0626357], [9.0694595, 46.0625707], [9.0600953, 46.0607684], [9.0561736, 46.0612056], [9.0550838, 46.0622113], [9.0493124, 46.0623117], [9.0448104, 46.058969], [9.0395791, 46.0591642], [9.0291446, 46.0529718], [9.0206871, 46.0518261], [9.016949, 46.0492877], [9.0159357, 46.0462421], [9.0175096, 46.0443859], [9.0147419, 46.0411594], [9.0091947, 46.0367537], [9.0088533, 46.0315112], [9.0074401, 46.0297351], [9.0093215, 46.0276034], [9.0092866, 46.0266693], [9.0131923, 46.0247116], [9.0152551, 46.021948], [9.0209285, 46.0187551], [9.0206143, 46.018059], [9.0225278, 46.0166977], [9.024688, 46.0007965], [9.0284488, 45.9931863], [9.0230706, 45.9923326], [9.0224336, 45.9890973], [9.0181323, 45.9872269], [9.0133086, 45.9883898], [9.0114292, 45.9875157], [9.0109599, 45.9826514], [9.0089381, 45.9818981], [9.0078373, 45.9802161], [9.0016464, 45.9794879], [9.0006747, 45.9802191], [8.9959266, 45.9799574], [8.9961571, 45.9784288], [8.995226, 45.9765676], [8.9962203, 45.975414], [8.9958817, 45.9730113], [8.9944967, 45.9716172], [8.9924588, 45.972542], [8.9906113, 45.9711819], [8.9885467, 45.9728673], [8.9883251, 45.9721662], [8.9891314, 45.9700837], [8.9942604, 45.9663914], [9.0042165, 45.963097], [9.0091408, 45.9624111], [9.0138609, 45.960381], [9.0148972, 45.9523712], [9.0170745, 45.9488182], [9.0138148, 45.9446267], [9.0123528, 45.9438056], [9.0151925, 45.9403878], [9.01991, 45.9397463], [9.0201101, 45.9383422], [9.0221608, 45.9380205], [9.0226855, 45.937014], [9.0205395, 45.9332336], [9.0194874, 45.928457], [9.0256213, 45.92886], [9.0301341, 45.9263961], [9.0378779, 45.9263088], [9.0424321, 45.927216], [9.0450588, 45.9257712], [9.0461452, 45.9239337], [9.0496806, 45.921846], [9.0504623, 45.9204468], [9.052036, 45.9208888], [9.0556489, 45.9200013], [9.0598688, 45.9206318], [9.0591776, 45.9162872], [9.0681217, 45.9129053], [9.0679981, 45.9105945], [9.0695669, 45.9104752], [9.0697805, 45.9119741], [9.0723735, 45.9126736], [9.0764824, 45.9113473], [9.0771633, 45.9092665], [9.0755486, 45.9058323], [9.0768739, 45.8993492], [9.086698, 45.9021423], [9.0888884, 45.9006247], [9.0874325, 45.8990308], [9.0886608, 45.8968512], [9.0851158, 45.8958235], [9.0849015, 45.8943947], [9.0815386, 45.8916806], [9.0778931, 45.8919501], [9.0772271, 45.8904389], [9.078497, 45.8901701], [9.079281, 45.8883637], [9.0772696, 45.8865297], [9.0776414, 45.885484], [9.0767144, 45.8840294], [9.0715756, 45.8821374], [9.0707015, 45.8797437], [9.0663642, 45.8754728], [9.0655385, 45.8760081], [9.0598472, 45.8748711], [9.0575754, 45.8753607], [9.0553987, 45.874382], [9.0546728, 45.8727914], [9.0553245, 45.8707893], [9.0534615, 45.8690953], [9.0540358, 45.8675379], [9.0519883, 45.866695], [9.0499257, 45.8619324], [9.049538, 45.8581396], [9.0519602, 45.8542287], [9.0484686, 45.8530667], [9.0503222, 45.8519206], [9.047499, 45.850909], [9.0435863, 45.8466469], [9.0405684, 45.8463223], [9.0385778, 45.8438924], [9.038477, 45.8420503], [9.035802, 45.8410518], [9.0350033, 45.8389714], [9.0373252, 45.8361019], [9.0367906, 45.8348416], [9.0373057, 45.8345786], [9.0343823, 45.8321514], [9.0344804, 45.8295479], [9.0308617, 45.8246122], [9.0343809, 45.8230068], [9.0311854, 45.820861], [9.0221177, 45.8218136], [9.0168439, 45.817792], [9.0109184, 45.8196262], [9.0039114, 45.8200876], [8.997648, 45.8232736], [8.9929946, 45.8221119], [8.9923657, 45.822802], [8.9944367, 45.8246943], [8.9943302, 45.8262256], [8.9954794, 45.8276435], [8.9964665, 45.8317967], [8.9977607, 45.8323245], [8.9968915, 45.8334818], [8.9973771, 45.8347154], [8.9937897, 45.833914], [8.9914971, 45.834479], [8.9900647, 45.8350659], [8.9909048, 45.8361099], [8.9890492, 45.8377942], [8.9869922, 45.8384729], [8.9806862, 45.8360893], [8.975868, 45.836869], [8.9750924, 45.8359076], [8.9753238, 45.8344211], [8.9735353, 45.8324553], [8.9725531, 45.8331179], [8.9701465, 45.8324014], [8.9653128, 45.8353964], [8.9639201, 45.8349305], [8.9618189, 45.8359614], [8.9612067, 45.8364966], [8.9622766, 45.8378508], [8.962157, 45.8389809], [8.9561781, 45.841537], [8.9542345, 45.8434646], [8.9525706, 45.8426992], [8.9481834, 45.8433216], [8.9462961, 45.8423391], [8.9387775, 45.8413523], [8.9361249, 45.8395006], [8.9328799, 45.8385092], [8.9318597, 45.8364985], [8.9291568, 45.8353199], [8.9290399, 45.8333871], [8.9204719, 45.8342429], [8.9122502, 45.8302808], [8.9126286, 45.8381249], [8.914353, 45.8425888], [8.9328299, 45.8601203], [8.9453546, 45.8662819], [8.9460069, 45.8673895], [8.942369, 45.8707533], [8.9380417, 45.8678594], [8.9342507, 45.870818], [8.9349481, 45.8719994], [8.9331259, 45.8764269], [8.9335146, 45.8799694], [8.9321756, 45.8846367], [8.927546, 45.8917172], [8.9242331, 45.8920661], [8.9234433, 45.8947197], [8.9219271, 45.8953494], [8.9249394, 45.9003083], [8.925329, 45.9038305], [8.9206333, 45.9086264], [8.9142612, 45.917884], [8.9075229, 45.9177699], [8.9035502, 45.9222528], [8.8961054, 45.9270955], [8.8938424, 45.9304762], [8.8927153, 45.9329425], [8.8932759, 45.9370514], [8.8969502, 45.9418621], [8.8966168, 45.9547547], [8.8935689, 45.9589778], [8.878445, 45.9565858], [8.8743281, 45.9592051], [8.8677241, 45.9609737], [8.8647768, 45.9654421], [8.8590224, 45.966818], [8.8498431, 45.9727251], [8.8464631, 45.9763211], [8.8436017, 45.9773289], [8.8426331, 45.9812941], [8.8399347, 45.9817081], [8.8392071, 45.9841331], [8.8341971, 45.9850791], [8.8316211, 45.9878461], [8.8272191, 45.9871301], [8.8245331, 45.9878241], [8.8206175, 45.9873962], [8.8138374, 45.9909727], [8.8101521, 45.9898415], [8.7948037, 45.9921177], [8.7922507, 45.9918297], [8.792449, 45.9897651], [8.7906742, 45.9885634], [8.7857898, 45.9891948], [8.7874409, 45.9917799], [8.7929672, 46.0081976], [8.8040792, 46.0188847], [8.8059057, 46.0218398], [8.8202229, 46.0257566], [8.8263483, 46.0313548], [8.8275409, 46.0334751], [8.8291722, 46.0406869], [8.8321443, 46.0404105], [8.8353909, 46.0436025], [8.8322394, 46.0456976], [8.8286628, 46.046517], [8.8321768, 46.0486329], [8.8346838, 46.0513787], [8.8441641, 46.0484678], [8.8538291, 46.0605793], [8.8545938, 46.0617855], [8.8541653, 46.0685095], [8.8521586, 46.0756538], [8.8476016, 46.0757525], [8.8409685, 46.0808124], [8.833706, 46.0827493], [8.8263093, 46.0895458], [8.8243327, 46.0891244], [8.8206763, 46.0932966], [8.8166538, 46.0948919], [8.8156516, 46.0973307], [8.806072, 46.1012327], [8.7995778, 46.0946861], [8.7829221, 46.0941295], [8.7683837, 46.1008737], [8.7608794, 46.1010964], [8.7568506, 46.1036527], [8.742339, 46.1222129], [8.7243332, 46.1103189], [8.7140987, 46.0972099], [8.696569, 46.1021077], [8.6931327, 46.1014955], [8.6901113, 46.1023253], [8.6888163, 46.1017472], [8.6855965, 46.1021043], [8.6832454, 46.1043095], [8.6832365, 46.1053067], [8.6818038, 46.1059232], [8.6815375, 46.1076441], [8.6796898, 46.1084498], [8.6801115, 46.1097084], [8.6789397, 46.1102186], [8.6750403, 46.1106974], [8.6697139, 46.1086738], [8.6675514, 46.110519], [8.6585577, 46.111832], [8.6563926, 46.1160306], [8.6471602, 46.1235802], [8.6399633, 46.1226114], [8.6264268, 46.1226894], [8.6200241, 46.1214534], [8.6128776, 46.1216395], [8.6098511, 46.1267656], [8.6103798, 46.1323995], [8.6051218, 46.1351411], [8.6016136, 46.1389466], [8.5951532, 46.1426844], [8.5929774, 46.1428408], [8.5932013, 46.1456943], [8.594141, 46.1468392], [8.5970735, 46.1486219], [8.6003209, 46.1494443], [8.6007066, 46.1533193], [8.6042487, 46.1534862], [8.6031193, 46.1541385], [8.6029989, 46.1552798], [8.600204, 46.1559413], [8.5949008, 46.1557275], [8.5903927, 46.1569205], [8.588371, 46.1565965], [8.5889842, 46.1589214], [8.5876276, 46.1599232], [8.5879911, 46.1614358], [8.5840078, 46.1628804], [8.5778602, 46.1618172], [8.5764918, 46.1623924], [8.5762687, 46.1636134], [8.5753585, 46.1633053], [8.5728335, 46.1652234], [8.5698149, 46.1767022], [8.5637389, 46.183978], [8.5558648, 46.1856341], [8.5554718, 46.1901745], [8.5538032, 46.1922742], [8.5460129, 46.1962511], [8.5424727, 46.1971502], [8.5400427, 46.1989681], [8.5368678, 46.2040633], [8.5325386, 46.2181236], [8.5220913, 46.2214216], [8.5155748, 46.2201507], [8.5122469, 46.2205901], [8.5025541, 46.2257945], [8.4940935, 46.2286533], [8.4876263, 46.2299739], [8.4776052, 46.2302585], [8.4722596, 46.2316417], [8.4683383, 46.2331486], [8.4667475, 46.2346805], [8.465898, 46.2420754], [8.4641628, 46.2444226], [8.45311, 46.2477924], [8.4481993, 46.2478994], [8.4444908, 46.2493037], [8.4415871, 46.254111], [8.4439099, 46.2569838], [8.4468781, 46.2580449], [8.4471752, 46.2614759], [8.4553932, 46.2635873], [8.449608, 46.2736951], [8.4425881, 46.2812836], [8.4342508, 46.2882235]], [[8.9794959, 45.9708379], [8.9775801, 45.9715441], [8.9767571, 45.9737577], [8.9764114, 45.9778382], [8.9775983, 45.9817819], [8.9770711, 45.9829681], [8.9671857, 45.9839911], [8.9585017, 45.9646541], [8.9687483, 45.9628645], [8.9685539, 45.9617084], [8.9700161, 45.9626171], [8.9759019, 45.9614986], [8.9771054, 45.9639738], [8.9775511, 45.9678961], [8.9794959, 45.9708379]]]}}, {"type": "Feature", "properties": {"name": "Uri", "parent": "che", "version": 1, "source": "gsak", "licence": "ODbL"}, "geometry": {"type": "Polygon", "coordinates": [[[8.9353445, 46.9198498], [8.9400513, 46.9120733], [8.942482, 46.9097921], [8.9435605, 46.9061117], [8.9457271, 46.9049586], [8.9483294, 46.9017978], [8.9516407, 46.9016866], [8.9534215, 46.9008308], [8.9527955, 46.8984099], [8.9541679, 46.8970422], [8.9573239, 46.8879584], [8.956819, 46.8863456], [8.9579049, 46.8794935], [8.9559859, 46.8754253], [8.9413244, 46.870738], [8.9336028, 46.8655085], [8.9228494, 46.8632419], [8.9178215, 46.860473], [8.9138114, 46.86012], [8.9094423, 46.861031], [8.9080502, 46.8604866], [8.9007181, 46.854935], [8.8999215, 46.8533707], [8.8953897, 46.8494699], [8.8891016, 46.8484928], [8.8711945, 46.8420609], [8.8736108, 46.8404786], [8.8746094, 46.8349105], [8.8813422, 46.8293151], [8.8801417, 46.8199734], [8.8755522, 46.8162076], [8.87707, 46.8129271], [8.8742741, 46.8088237], [8.8694289, 46.8064778], [8.85978, 46.8057885], [8.8580445, 46.804573], [8.8576494, 46.8032509], [8.852611, 46.7997371], [8.8472876, 46.7978236], [8.8470628, 46.7954872], [8.8481563, 46.7934719], [8.8413483, 46.7936232], [8.8386678, 46.7950731], [8.8345133, 46.7952589], [8.830444, 46.7924071], [8.8277742, 46.7917423], [8.8264259, 46.7877102], [8.8286046, 46.7845797], [8.8290265, 46.781898], [8.828041, 46.7792335], [8.8300353, 46.775318], [8.8304153, 46.7710174], [8.8346904, 46.7667141], [8.8316522, 46.7644121], [8.8253096, 46.7659738], [8.8229172, 46.7645858], [8.8226961, 46.7636213], [8.8182694, 46.762033], [8.8187772, 46.7588555], [8.8161132, 46.7570658], [8.8140497, 46.7544366], [8.8140124, 46.7491289], [8.8112332, 46.7466433], [8.8105355, 46.7449422], [8.8130893, 46.7373091], [8.8084816, 46.7349354], [8.80461, 46.734487], [8.7994971, 46.7315117], [8.7946307, 46.7318171], [8.7819164, 46.7283013], [8.7800947, 46.7313367], [8.7769617, 46.7329479], [8.77569, 46.7357518], [8.7735749, 46.737531], [8.7728129, 46.7397891], [8.7696276, 46.740636], [8.7695213, 46.744281], [8.7649486, 46.7446041], [8.7563816, 46.7408123], [8.753208, 46.7381274], [8.7476255, 46.7359199], [8.7472679, 46.733315], [8.7454387, 46.7320764], [8.7443819, 46.7289621], [8.7490206, 46.7219814], [8.7490244, 46.7207893], [8.7473928, 46.7182439], [8.7434238, 46.7164001], [8.74291, 46.7154388], [8.7351008, 46.7129863], [8.7276763, 46.7074475], [8.7179339, 46.7061178], [8.7172999, 46.7028186], [8.7126045, 46.700577], [8.7099181, 46.7003371], [8.7088705, 46.6988868], [8.7030745, 46.7026624], [8.6985497, 46.7034997], [8.6923967, 46.7018132], [8.6891256, 46.6960912], [8.6863377, 46.6942775], [8.6786402, 46.6950137], [8.6763335, 46.6942066], [8.6738974, 46.6920288], [8.6739314, 46.6878], [8.6750206, 46.6839871], [8.6727345, 46.6812005], [8.6741675, 46.6781261], [8.6736154, 46.6711371], [8.6771717, 46.6680621], [8.6785549, 46.6642685], [8.675321, 46.6628642], [8.6723096, 46.659748], [8.6662139, 46.6560127], [8.661347, 46.6560201], [8.6549702, 46.6499032], [8.6562439, 46.6484501], [8.6584822, 46.6477739], [8.6577341, 46.6450154], [8.6566659, 46.6439922], [8.6573962, 46.6416228], [8.6555264, 46.6397985], [8.6521936, 46.6382596], [8.6510993, 46.6346051], [8.6565763, 46.6313304], [8.6564429, 46.6297574], [8.6578854, 46.6285724], [8.6584671, 46.6254173], [8.6638683, 46.6231776], [8.6638382, 46.6218509], [8.6677825, 46.6201665], [8.6765904, 46.6199136], [8.6787867, 46.6160436], [8.6777198, 46.6093751], [8.6785257, 46.608939], [8.6796064, 46.6048337], [8.6779804, 46.6036594], [8.676763, 46.5989493], [8.6806219, 46.5950612], [8.6819409, 46.5885691], [8.6787231, 46.5791351], [8.6728052, 46.5785248], [8.6670183, 46.5764957], [8.6639969, 46.5741441], [8.6598415, 46.5735591], [8.6595808, 46.5721224], [8.6564037, 46.5686252], [8.6404836, 46.5639814], [8.6344612, 46.5644497], [8.6335055, 46.5654719], [8.6311014, 46.5658795], [8.628644, 46.5712807], [8.6293856, 46.5738595], [8.6276984, 46.5742595], [8.6258906, 46.5765951], [8.6222936, 46.5776672], [8.6149292, 46.577991], [8.6138208, 46.576518], [8.609969, 46.5748709], [8.6019543, 46.5737611], [8.5903382, 46.5735194], [8.5846069, 46.5770185], [8.5814121, 46.5770957], [8.5772066, 46.5818385], [8.5734296, 46.5837206], [8.564604, 46.5812892], [8.5475614, 46.5821314], [8.5454462, 46.5839738], [8.5393366, 46.5867096], [8.5358695, 46.5846514], [8.5311707, 46.5845841], [8.5261463, 46.5813036], [8.5259579, 46.5800459], [8.5246703, 46.579271], [8.5249675, 46.5778287], [8.5213061, 46.5774138], [8.5219301, 46.5743715], [8.5199738, 46.5727708], [8.5209682, 46.5703098], [8.5209976, 46.5668908], [8.517763, 46.5649423], [8.5133111, 46.5591593], [8.5137804, 46.5565234], [8.5156973, 46.5545485], [8.5144898, 46.5512087], [8.5155787, 46.5485894], [8.5180498, 46.5466318], [8.5177599, 46.5451726], [8.5194164, 46.5432451], [8.5194619, 46.5389938], [8.5110884, 46.5374987], [8.5057967, 46.5352545], [8.5017866, 46.5351796], [8.4999437, 46.5342747], [8.4947654, 46.5344579], [8.4908238, 46.5328751], [8.4838091, 46.5324675], [8.4818668, 46.5314507], [8.481051, 46.5297039], [8.477459, 46.5276226], [8.4718239, 46.5294508], [8.4698959, 46.5325946], [8.4668244, 46.5338819], [8.4649043, 46.5357435], [8.4634384, 46.5357792], [8.4607975, 46.5340037], [8.4572056, 46.5336311], [8.445205, 46.5367294], [8.4410254, 46.5398251], [8.4368199, 46.5397721], [8.4329329, 46.542865], [8.4287724, 46.5435085], [8.4284151, 46.5453559], [8.4264276, 46.5471949], [8.4261167, 46.5498066], [8.4242557, 46.5514421], [8.4229653, 46.5557715], [8.4232712, 46.5600421], [8.4210777, 46.5613431], [8.4189492, 46.5644427], [8.4197627, 46.566145], [8.4169508, 46.5711397], [8.4099534, 46.5773846], [8.4102407, 46.5806658], [8.4078527, 46.5821031], [8.4078636, 46.584532], [8.4062626, 46.58621], [8.4077799, 46.5889634], [8.4085972, 46.5945117], [8.4102038, 46.5967695], [8.408027, 46.5991046], [8.4080001, 46.6012415], [8.4140999, 46.6047429], [8.4172417, 46.6106535], [8.4168851, 46.6125908], [8.4203116, 46.6161598], [8.4209224, 46.621035], [8.4203154, 46.62176], [8.4204444, 46.6252674], [8.4223082, 46.6272305], [8.4211768, 46.6278475], [8.4200495, 46.6304887], [8.4199671, 46.6331433], [8.4188372, 46.6356495], [8.4203349, 46.6372109], [8.4197615, 46.638003], [8.4215448, 46.6444875], [8.4206996, 46.6464964], [8.4218033, 46.6479263], [8.4204433, 46.6485678], [8.4177028, 46.6523248], [8.4102023, 46.6529738], [8.4084654, 46.665381], [8.4070217, 46.6668551], [8.4027675, 46.6682856], [8.400553, 46.6723527], [8.3981683, 46.674217], [8.3989656, 46.6804627], [8.3975376, 46.6828587], [8.3975994, 46.6845], [8.3996244, 46.6881039], [8.3988818, 46.6904492], [8.399805, 46.6927354], [8.4022995, 46.6933216], [8.4073522, 46.6907374], [8.4134011, 46.6908657], [8.4282826, 46.6860594], [8.4332006, 46.6869162], [8.4405631, 46.6856373], [8.4524926, 46.6891528], [8.4528411, 46.6937828], [8.454845, 46.6977908], [8.4548704, 46.69914], [8.4521245, 46.7043598], [8.4536631, 46.7079446], [8.4537168, 46.7108005], [8.4491322, 46.7121681], [8.4474055, 46.7142526], [8.4469564, 46.7269637], [8.4496943, 46.7299533], [8.4470678, 46.7329228], [8.4428865, 46.7349838], [8.4408758, 46.7376779], [8.4415733, 46.741765], [8.4404792, 46.7427417], [8.4407726, 46.7444484], [8.4437733, 46.7474583], [8.4416665, 46.7502881], [8.4391153, 46.7521098], [8.4391651, 46.7530315], [8.4406889, 46.7540302], [8.4437317, 46.7540034], [8.4441855, 46.7555288], [8.4475347, 46.7578832], [8.4470956, 46.7588992], [8.4482906, 46.7632967], [8.4552466, 46.7659564], [8.4561535, 46.7671853], [8.4604449, 46.7691036], [8.4627918, 46.7685878], [8.4666401, 46.7695653], [8.4691532, 46.7691828], [8.4708946, 46.7678176], [8.4749845, 46.7677355], [8.4821449, 46.7690198], [8.4914777, 46.7725775], [8.4885654, 46.7810384], [8.4855627, 46.7832025], [8.4835296, 46.7864148], [8.4784152, 46.7894753], [8.4783749, 46.7907801], [8.4819111, 46.7941439], [8.4811434, 46.7984691], [8.47146, 46.7956108], [8.468386, 46.7975503], [8.4648017, 46.7985047], [8.4658538, 46.7987201], [8.4642831, 46.800511], [8.4722864, 46.7994267], [8.4786785, 46.8014154], [8.4821255, 46.8035205], [8.4832629, 46.8047471], [8.4827454, 46.806776], [8.4832427, 46.8087731], [8.4783065, 46.8126865], [8.4780317, 46.8137236], [8.480448, 46.815006], [8.4811208, 46.8176088], [8.4832464, 46.8190962], [8.4834721, 46.8273482], [8.4848656, 46.828235], [8.486316, 46.8320451], [8.4880846, 46.8336707], [8.4888777, 46.8356876], [8.5032947, 46.8405021], [8.50546, 46.8422587], [8.5056118, 46.8449561], [8.5067027, 46.8454182], [8.5026554, 46.8479524], [8.5022901, 46.8493727], [8.4990914, 46.8517415], [8.4976572, 46.8538239], [8.4934085, 46.8528286], [8.4887624, 46.8532987], [8.4823143, 46.8555168], [8.4799545, 46.8572476], [8.4778133, 46.8567273], [8.4750488, 46.8544809], [8.4707932, 46.8548117], [8.4705383, 46.8569056], [8.4690218, 46.8581788], [8.4680572, 46.8608863], [8.4693948, 46.8622462], [8.4694417, 46.8646972], [8.4711828, 46.8682799], [8.4700568, 46.8694146], [8.4699006, 46.8715301], [8.4672601, 46.8740728], [8.4669886, 46.8753122], [8.468207, 46.8772804], [8.4728869, 46.8784526], [8.4742617, 46.8800145], [8.4790669, 46.8825573], [8.4765554, 46.8866958], [8.4764249, 46.8884288], [8.4730065, 46.8914959], [8.473995, 46.8934211], [8.4707044, 46.8946203], [8.467613, 46.8976619], [8.4607158, 46.8972964], [8.4585332, 46.8981255], [8.4583189, 46.898937], [8.4632449, 46.9026039], [8.4643053, 46.9048659], [8.4675534, 46.9048368], [8.4816385, 46.9086001], [8.4813899, 46.909322], [8.4842083, 46.9124899], [8.4849241, 46.9172288], [8.4860955, 46.9183876], [8.4954405, 46.9178969], [8.4982118, 46.9186134], [8.4986122, 46.9172828], [8.501876, 46.9146887], [8.5037101, 46.9144917], [8.5152989, 46.9179142], [8.5160439, 46.9190542], [8.5190524, 46.9201279], [8.5200603, 46.9229072], [8.5314288, 46.923429], [8.5439598, 46.9277842], [8.5440255, 46.9293804], [8.5473358, 46.9322947], [8.5474299, 46.9352625], [8.5459947, 46.9357262], [8.5438046, 46.9393908], [8.5490781, 46.938755], [8.5545723, 46.9392638], [8.5554737, 46.9399748], [8.5568085, 46.939422], [8.5589988, 46.9405251], [8.5559534, 46.9409372], [8.5557447, 46.9419513], [8.5569321, 46.9453582], [8.555691, 46.9456852], [8.5569808, 46.9476967], [8.5556798, 46.9514653], [8.5560588, 46.9602104], [8.5549368, 46.9631225], [8.5602778, 46.9656118], [8.5630391, 46.9703976], [8.5622396, 46.9730144], [8.5685385, 46.9756737], [8.5749037, 46.9829876], [8.5710779, 46.9901324], [8.5824868, 46.9933927], [8.5971105, 46.9901871], [8.6030518, 46.9867983], [8.6041047, 46.982312], [8.6012242, 46.9752568], [8.6035108, 46.9685764], [8.6043997, 46.9520144], [8.6223482, 46.9527074], [8.628133, 46.9499261], [8.6449627, 46.9490754], [8.6567489, 46.9459818], [8.6597126, 46.9463326], [8.6698436, 46.944155], [8.6792121, 46.9459656], [8.6844555, 46.9454814], [8.6926697, 46.947056], [8.6940571, 46.9445893], [8.6966776, 46.9428962], [8.6967457, 46.9401966], [8.6998072, 46.9349225], [8.7003129, 46.9326903], [8.6967434, 46.9288836], [8.6975717, 46.9264005], [8.6995285, 46.9230503], [8.7058201, 46.9197871], [8.7077932, 46.9171562], [8.7119916, 46.9184141], [8.7178695, 46.918506], [8.7179205, 46.9192701], [8.7204715, 46.9202537], [8.7206059, 46.9217591], [8.7247405, 46.9244341], [8.724529, 46.9252012], [8.7254324, 46.9259108], [8.7288421, 46.9270869], [8.7285102, 46.9283052], [8.7314018, 46.9284075], [8.7327466, 46.9297193], [8.7364385, 46.9303298], [8.7373371, 46.9321863], [8.7399543, 46.9317968], [8.7408941, 46.9326407], [8.7421929, 46.9320412], [8.7439441, 46.9324936], [8.7449124, 46.9331573], [8.7453905, 46.935266], [8.7490308, 46.9337399], [8.7587271, 46.9368223], [8.75884, 46.9374058], [8.764479, 46.9383752], [8.7666567, 46.9401268], [8.7709585, 46.9414488], [8.7744616, 46.9396987], [8.7743274, 46.9382608], [8.7779097, 46.9331134], [8.7878896, 46.9304322], [8.7920372, 46.9308555], [8.7917973, 46.931758], [8.7956, 46.9341196], [8.7961615, 46.9355524], [8.7980334, 46.9368572], [8.8045103, 46.938467], [8.8106627, 46.9414973], [8.814202, 46.9386434], [8.8201137, 46.9374026], [8.8211018, 46.9362436], [8.8268688, 46.935769], [8.8272421, 46.9336952], [8.8289585, 46.9327747], [8.8300761, 46.9302871], [8.8284354, 46.9252464], [8.8297191, 46.9241062], [8.8275077, 46.9223787], [8.8278224, 46.919316], [8.8361214, 46.9077217], [8.8425005, 46.9094429], [8.847105, 46.9135699], [8.8488216, 46.912694], [8.8494304, 46.9096276], [8.8482597, 46.9025346], [8.84921, 46.8999813], [8.8478589, 46.8910012], [8.849592, 46.8882808], [8.8532247, 46.885447], [8.8547094, 46.885766], [8.8543699, 46.8865799], [8.8555634, 46.888297], [8.8592419, 46.8896908], [8.8613933, 46.8916434], [8.86107, 46.8930644], [8.8620736, 46.8937942], [8.8612416, 46.8945917], [8.8658462, 46.8950067], [8.8711038, 46.8940638], [8.874443, 46.8950116], [8.8809844, 46.8978983], [8.8834259, 46.9008364], [8.8870458, 46.9024326], [8.8911039, 46.9032358], [8.8951973, 46.9029139], [8.8959957, 46.9045232], [8.8986258, 46.9046921], [8.898801, 46.9063093], [8.9018986, 46.9079791], [8.9056188, 46.9084038], [8.9075621, 46.9074567], [8.9073681, 46.9087637], [8.9099674, 46.9090002], [8.9117617, 46.9110015], [8.9150155, 46.911162], [8.9192283, 46.913964], [8.9215895, 46.9138885], [8.9215146, 46.9147442], [8.9227511, 46.9155378], [8.9265357, 46.9158936], [8.9353445, 46.9198498]]]}}, {"type": "Feature", "properties": {"name": "Valais", "parent": "che", "version": 1, "source": "gsak", "licence": "ODbL"}, "geometry": {"type": "Polygon", "coordinates": [[[7.0118681, 46.2056251], [7.0216031, 46.2005511], [7.0252921, 46.1972551], [7.0276551, 46.1932531], [7.0315091, 46.1900381], [7.0332551, 46.1869691], [7.0341411, 46.1878391], [7.0391741, 46.1884221], [7.0414601, 46.1898711], [7.0452411, 46.1903661], [7.0517431, 46.1929331], [7.0535831, 46.1944361], [7.0595621, 46.1960451], [7.0642791, 46.1994011], [7.0715541, 46.2009321], [7.0767251, 46.1986541], [7.0883801, 46.2015371], [7.0939251, 46.2048831], [7.0959741, 46.2072211], [7.0993391, 46.2077321], [7.1017881, 46.2095321], [7.1057591, 46.2104741], [7.1083251, 46.2120041], [7.1157461, 46.2173951], [7.1151691, 46.2184741], [7.1223321, 46.2233331], [7.1214431, 46.2293641], [7.1256601, 46.2369101], [7.1358151, 46.2366851], [7.1418091, 46.2383611], [7.1454371, 46.2414121], [7.1504301, 46.2430031], [7.1517281, 46.2453371], [7.1512621, 46.2464951], [7.1520771, 46.2486341], [7.1551191, 46.2524351], [7.1617681, 46.2537361], [7.1689061, 46.2599391], [7.1719331, 46.2609251], [7.1719681, 46.2624681], [7.1779411, 46.2683371], [7.1792161, 46.2689251], [7.1844941, 46.2685571], [7.1884561, 46.2705921], [7.1895411, 46.2728961], [7.1864211, 46.2827761], [7.1905431, 46.2850181], [7.1948341, 46.2855871], [7.1938491, 46.2883401], [7.1944541, 46.2890201], [7.1969381, 46.2890561], [7.1894911, 46.2948951], [7.1890661, 46.3037761], [7.2214241, 46.3291671], [7.2317941, 46.3264921], [7.2405891, 46.3268621], [7.2462841, 46.3280841], [7.2500931, 46.3301631], [7.2519191, 46.3298241], [7.2547801, 46.3316261], [7.2596701, 46.3365651], [7.2618441, 46.3373931], [7.2626941, 46.3386991], [7.2611311, 46.3402241], [7.2614961, 46.3421491], [7.2602481, 46.3451721], [7.2608621, 46.3453891], [7.2606631, 46.3475631], [7.2626551, 46.3494201], [7.2613211, 46.3505591], [7.2616601, 46.3523871], [7.2602591, 46.3543421], [7.2628161, 46.3584121], [7.2905401, 46.3671911], [7.2949331, 46.3656951], [7.2988871, 46.3663481], [7.3104141, 46.3751301], [7.3124341, 46.3718421], [7.3127471, 46.3642851], [7.3103101, 46.3600131], [7.3083551, 46.3588051], [7.3100321, 46.3561201], [7.3079521, 46.3522021], [7.3103571, 46.3484271], [7.3153251, 46.3438121], [7.3183811, 46.3438101], [7.3380241, 46.3469321], [7.3488281, 46.3508411], [7.3538281, 46.3502081], [7.3607601, 46.3544261], [7.3626131, 46.3565741], [7.3680521, 46.3575631], [7.3693341, 46.3589241], [7.3742901, 46.3607041], [7.3783341, 46.3646321], [7.3819001, 46.3645671], [7.3856911, 46.3685531], [7.3885251, 46.3689701], [7.3929891, 46.3731531], [7.3996781, 46.3765491], [7.4013781, 46.3741321], [7.4045101, 46.3761981], [7.4090261, 46.3769891], [7.4112911, 46.3784121], [7.4156961, 46.3789701], [7.4173171, 46.3802551], [7.4282101, 46.3807201], [7.4334631, 46.3850041], [7.4387641, 46.3861661], [7.4404611, 46.3840781], [7.4439231, 46.3827531], [7.4507811, 46.3817301], [7.4537821, 46.3823421], [7.4583101, 46.3811561], [7.4591851, 46.3802861], [7.4586331, 46.3786371], [7.4620991, 46.3764001], [7.4636341, 46.3780731], [7.4697551, 46.3780941], [7.4709521, 46.3800171], [7.4727881, 46.3809451], [7.4733151, 46.3836261], [7.4794081, 46.3852061], [7.4817601, 46.3837581], [7.4838341, 46.3810571], [7.4858581, 46.3745941], [7.4854431, 46.3718181], [7.4869551, 46.3706791], [7.4903941, 46.3702731], [7.4946691, 46.3718921], [7.4993971, 46.3698271], [7.5023321, 46.3703461], [7.5061021, 46.3733921], [7.5057931, 46.3746071], [7.5073011, 46.3758221], [7.5125861, 46.3760901], [7.5267921, 46.3744841], [7.5375841, 46.3770071], [7.5391491, 46.3777391], [7.5388401, 46.3807681], [7.5409931, 46.3837581], [7.5553681, 46.3888471], [7.5471431, 46.3938111], [7.5408201, 46.3947781], [7.5290121, 46.3998591], [7.5292621, 46.4017131], [7.5324491, 46.4064241], [7.5335961, 46.4069261], [7.5340421, 46.4096111], [7.5370641, 46.4101311], [7.5397501, 46.4116181], [7.5502171, 46.4119631], [7.5557581, 46.4135451], [7.5627271, 46.4127311], [7.5651901, 46.4141031], [7.5719641, 46.4145251], [7.5768631, 46.4169201], [7.5810611, 46.4167261], [7.5815931, 46.4174401], [7.5835811, 46.4171501], [7.5840281, 46.4156041], [7.5864611, 46.4135941], [7.5960321, 46.4112531], [7.5972651, 46.4137641], [7.5998141, 46.4153281], [7.6004031, 46.4167581], [7.5985601, 46.4213781], [7.6000171, 46.4228661], [7.6031521, 46.4225171], [7.6081111, 46.4251251], [7.6102991, 46.4285471], [7.6095731, 46.4302681], [7.6100501, 46.4311181], [7.6087361, 46.4335751], [7.6097201, 46.4366691], [7.6181511, 46.4376731], [7.6217111, 46.4393931], [7.6246271, 46.4417531], [7.6261441, 46.4449831], [7.6371731, 46.4403951], [7.6780071, 46.4289331], [7.6902601, 46.4245981], [7.6935931, 46.4249061], [7.6981121, 46.4197441], [7.7086051, 46.4137731], [7.7155941, 46.4147081], [7.7180621, 46.4179121], [7.7217841, 46.4208141], [7.7313861, 46.4220901], [7.7408341, 46.4255741], [7.7432401, 46.4268851], [7.7441651, 46.4283451], [7.7549271, 46.4329201], [7.7562521, 46.4348031], [7.7639241, 46.4373781], [7.7657351, 46.4396821], [7.7685301, 46.4393251], [7.7719471, 46.4420791], [7.7781381, 46.4433531], [7.7803401, 46.4468941], [7.7846971, 46.4489421], [7.7864041, 46.4515391], [7.7932121, 46.4540861], [7.7987201, 46.4587781], [7.8249111, 46.4667141], [7.8262911, 46.4675831], [7.8262971, 46.4690361], [7.8294531, 46.4713741], [7.8380401, 46.4746331], [7.8447181, 46.4784961], [7.8483461, 46.4786641], [7.8503641, 46.4771671], [7.8630501, 46.4781901], [7.8700211, 46.4776731], [7.8782081, 46.4786261], [7.8869641, 46.4807611], [7.8909421, 46.4833131], [7.8974061, 46.4822921], [7.9057851, 46.4871051], [7.9117471, 46.4869001], [7.9159631, 46.4912941], [7.9235051, 46.4917841], [7.9249231, 46.4937411], [7.9233831, 46.4950241], [7.9273201, 46.4971321], [7.9327501, 46.4980821], [7.9328601, 46.4999441], [7.9346851, 46.5031841], [7.9400851, 46.5058611], [7.9420251, 46.5076661], [7.9477391, 46.5077811], [7.9514821, 46.5087311], [7.9536221, 46.5078771], [7.9571951, 46.5089241], [7.9643141, 46.5126881], [7.9677201, 46.5126881], [7.9708711, 46.5162981], [7.9704451, 46.5208611], [7.9730061, 46.5240061], [7.9687521, 46.5270751], [7.9691731, 46.5285521], [7.9666101, 46.5304941], [7.9674821, 46.5320481], [7.9632551, 46.5353321], [7.9626631, 46.5366151], [7.9629981, 46.5392771], [7.9678131, 46.5413351], [7.9698391, 46.5448131], [7.9798641, 46.5480181], [7.9843151, 46.5474541], [7.9861181, 46.5479591], [7.9884271, 46.5493971], [7.9905951, 46.5528181], [7.9925951, 46.5542561], [7.9928771, 46.5559091], [7.9955831, 46.5579971], [8.0018351, 46.5580071], [8.0089641, 46.5611561], [8.0162051, 46.5631581], [8.0253621, 46.5617361], [8.0292791, 46.5622991], [8.0334491, 46.5618121], [8.0355891, 46.5596921], [8.0433351, 46.5567351], [8.0542941, 46.5557801], [8.0613331, 46.5513461], [8.0623761, 46.5528241], [8.0706881, 46.5533081], [8.0769451, 46.5553091], [8.0851091, 46.5516331], [8.0937011, 46.5512821], [8.0973581, 46.5483071], [8.1018081, 46.5478591], [8.1049931, 46.5484611], [8.1143691, 46.5465151], [8.1264041, 46.5371071], [8.1403121, 46.5349091], [8.1503301, 46.5316631], [8.1582531, 46.5315881], [8.1602361, 46.5309361], [8.1636151, 46.5319771], [8.1693241, 46.5309111], [8.1744061, 46.5313021], [8.1739561, 46.5267561], [8.1745671, 46.5239651], [8.1789821, 46.5227161], [8.1809141, 46.5202831], [8.1848981, 46.5203521], [8.1911571, 46.5229401], [8.2001161, 46.5239031], [8.2029201, 46.5238261], [8.2051501, 46.5228041], [8.2105941, 46.5251271], [8.2185191, 46.5263301], [8.2255661, 46.5268031], [8.2281391, 46.5262821], [8.2323581, 46.5271621], [8.2344241, 46.5264701], [8.2388081, 46.5270591], [8.2421391, 46.5265521], [8.2523321, 46.5293651], [8.2580531, 46.5293251], [8.2619851, 46.5316591], [8.2629911, 46.5333561], [8.2686981, 46.5341871], [8.2731321, 46.5362861], [8.2795241, 46.5359901], [8.2837671, 46.5383801], [8.2875091, 46.5429431], [8.2943831, 46.5448711], [8.2994881, 46.5447581], [8.3044751, 46.5461171], [8.3056781, 46.5477941], [8.3070841, 46.5479391], [8.3084581, 46.5497891], [8.3127641, 46.5524521], [8.3126481, 46.5541191], [8.3167351, 46.5589541], [8.3197531, 46.5599791], [8.3364441, 46.5612001], [8.3407171, 46.5634381], [8.3457351, 46.5648561], [8.3477171, 46.5676911], [8.3519251, 46.5693411], [8.3514481, 46.5716581], [8.3541141, 46.5739211], [8.3565191, 46.5747041], [8.3630521, 46.5800471], [8.3629121, 46.5811861], [8.3647141, 46.5825541], [8.3631511, 46.5829181], [8.3637501, 46.5844341], [8.3624581, 46.5844481], [8.3606481, 46.5861831], [8.3614961, 46.5898361], [8.3634711, 46.5925131], [8.3622621, 46.5947441], [8.3618991, 46.6016911], [8.3653331, 46.6042381], [8.3652511, 46.6054541], [8.3684561, 46.6089501], [8.3704951, 46.6141761], [8.3708651, 46.6188811], [8.3703291, 46.6199491], [8.3688791, 46.6203901], [8.3685711, 46.6238681], [8.3692691, 46.6248061], [8.3694201, 46.6286471], [8.3724561, 46.6328481], [8.3716371, 46.6338621], [8.3740571, 46.6327731], [8.3800221, 46.6340591], [8.3903871, 46.6440811], [8.3947681, 46.6458891], [8.3989207, 46.6540591], [8.4177028, 46.6523248], [8.4204433, 46.6485678], [8.4218033, 46.6479263], [8.4206996, 46.6464964], [8.4215448, 46.6444875], [8.4197615, 46.638003], [8.4203349, 46.6372109], [8.4188372, 46.6356495], [8.4199671, 46.6331433], [8.4200495, 46.6304887], [8.4211768, 46.6278475], [8.4223082, 46.6272305], [8.4204444, 46.6252674], [8.4203154, 46.62176], [8.4209224, 46.621035], [8.4203116, 46.6161598], [8.4168851, 46.6125908], [8.4172417, 46.6106535], [8.4140999, 46.6047429], [8.4080001, 46.6012415], [8.408027, 46.5991046], [8.4102038, 46.5967695], [8.4085972, 46.5945117], [8.4077799, 46.5889634], [8.4062626, 46.58621], [8.4078636, 46.584532], [8.4078527, 46.5821031], [8.4102407, 46.5806658], [8.4099534, 46.5773846], [8.4169508, 46.5711397], [8.4197627, 46.566145], [8.4189492, 46.5644427], [8.4210777, 46.5613431], [8.4232712, 46.5600421], [8.4229653, 46.5557715], [8.4242557, 46.5514421], [8.4261167, 46.5498066], [8.4264276, 46.5471949], [8.4284151, 46.5453559], [8.4287724, 46.5435085], [8.4329329, 46.542865], [8.4368199, 46.5397721], [8.4410254, 46.5398251], [8.4436893, 46.5375974], [8.4477655, 46.5359645], [8.4576605, 46.5335596], [8.4649043, 46.5357435], [8.4668244, 46.5338819], [8.4698959, 46.5325946], [8.4718239, 46.5294508], [8.477459, 46.5276226], [8.4783801, 46.5266311], [8.4781751, 46.5250871], [8.4728571, 46.5231401], [8.4705871, 46.5196491], [8.4665051, 46.5177651], [8.4604071, 46.5112291], [8.4517481, 46.5077771], [8.4435041, 46.4956311], [8.4347351, 46.4970091], [8.4314791, 46.4967771], [8.4196121, 46.4925921], [8.4144501, 46.4947761], [8.4109841, 46.4927321], [8.4015041, 46.4923811], [8.3989641, 46.4940711], [8.3949781, 46.4938091], [8.3923591, 46.4947181], [8.3915121, 46.4916881], [8.3944421, 46.4873681], [8.3945251, 46.4835461], [8.3917621, 46.4828071], [8.3896021, 46.4788961], [8.3875081, 46.4779561], [8.3882241, 46.4774071], [8.3864761, 46.4769261], [8.3861091, 46.4755031], [8.3892451, 46.4729191], [8.3898491, 46.4698651], [8.3921361, 46.4694131], [8.3926631, 46.4679031], [8.3888941, 46.4672141], [8.3856091, 46.4655941], [8.3857411, 46.4617921], [8.3822121, 46.4595921], [8.3845749, 46.4522126], [8.3790126, 46.450687], [8.3767155, 46.4507395], [8.3721884, 46.4529124], [8.3665654, 46.4528444], [8.3632506, 46.451735], [8.3556368, 46.4470655], [8.3522488, 46.4415301], [8.3509704, 46.4414422], [8.3470022, 46.4380307], [8.342472, 46.4374229], [8.3392451, 46.4335437], [8.3295094, 46.4280533], [8.3280807, 46.4281995], [8.3255243, 46.4250258], [8.321527, 46.4252144], [8.3141484, 46.4234724], [8.309835, 46.4242253], [8.3076825, 46.4258836], [8.3070088, 46.4241554], [8.2988562, 46.4174836], [8.2989504, 46.4139166], [8.2946755, 46.4108456], [8.2927399, 46.4105461], [8.2914812, 46.4090712], [8.2886782, 46.4086425], [8.2892469, 46.4075811], [8.2941418, 46.4053897], [8.2988144, 46.4051139], [8.3029801, 46.4026889], [8.3062465, 46.4026668], [8.3097875, 46.4040759], [8.3165335, 46.3965021], [8.3172396, 46.3940802], [8.3143499, 46.3901523], [8.316082, 46.3877506], [8.3187028, 46.3863263], [8.3169437, 46.3843009], [8.3132774, 46.3839459], [8.3145818, 46.3803985], [8.3126768, 46.3781637], [8.3127383, 46.3770842], [8.3047523, 46.3748653], [8.3013749, 46.3748621], [8.298657, 46.371752], [8.290704, 46.3695962], [8.2890404, 46.3684442], [8.2886408, 46.3670675], [8.2851828, 46.3653541], [8.283904, 46.3638656], [8.2720821, 46.3669573], [8.267508, 46.3649359], [8.2637245, 46.3645473], [8.2610263, 46.3607844], [8.2649275, 46.358226], [8.2647923, 46.3541425], [8.2654663, 46.3526268], [8.2602545, 46.3489632], [8.2604726, 46.3482327], [8.2623815, 46.3477705], [8.2627402, 46.3460238], [8.2603837, 46.3446989], [8.253182, 46.3462318], [8.2505535, 46.3446801], [8.2494377, 46.3403089], [8.2460719, 46.3397183], [8.2351611, 46.3399767], [8.2236619, 46.3340073], [8.2246408, 46.3324464], [8.2222444, 46.3302904], [8.2235109, 46.329138], [8.2223397, 46.3271364], [8.2234346, 46.3259897], [8.223418, 46.3244686], [8.2152142, 46.3194793], [8.214641, 46.3159164], [8.2121451, 46.3136299], [8.2125692, 46.3098179], [8.2118816, 46.3088932], [8.2059614, 46.3072327], [8.2027496, 46.3040277], [8.1984155, 46.3018683], [8.193953, 46.3034884], [8.1847801, 46.3004934], [8.1830016, 46.2994093], [8.1835594, 46.2989684], [8.178219, 46.2973111], [8.1589661, 46.2961579], [8.145573, 46.3017878], [8.1373618, 46.3015012], [8.1284752, 46.2948622], [8.1247799, 46.2944072], [8.1212776, 46.2922613], [8.1188186, 46.2893404], [8.118002, 46.2859067], [8.1168812, 46.2854487], [8.114289, 46.2818972], [8.1114868, 46.2804238], [8.105551, 46.2796022], [8.1001014, 46.2735297], [8.0916808, 46.2686814], [8.0857355, 46.2664063], [8.0858045, 46.2621981], [8.083984, 46.2610437], [8.0803744, 46.2607119], [8.0809174, 46.2584346], [8.0825208, 46.2568558], [8.0884899, 46.2537138], [8.1000249, 46.2524679], [8.1012411, 46.2515493], [8.101506, 46.2493026], [8.1097724, 46.2496003], [8.1117172, 46.2460299], [8.1116386, 46.2410477], [8.1153876, 46.2365923], [8.1200897, 46.2362179], [8.1242682, 46.2298945], [8.1272822, 46.2282983], [8.1305114, 46.2280413], [8.1342132, 46.2263868], [8.1387748, 46.226178], [8.1433604, 46.2117693], [8.1507456, 46.2031829], [8.1520821, 46.1977853], [8.151691, 46.1964509], [8.1529982, 46.1941505], [8.1533539, 46.1912219], [8.1574094, 46.1893834], [8.1649632, 46.1828475], [8.1657603, 46.1809628], [8.1649076, 46.1768831], [8.1583917, 46.1739686], [8.1561923, 46.1685047], [8.1506611, 46.1642285], [8.1494461, 46.1601234], [8.1500966, 46.1567496], [8.1525089, 46.1539463], [8.1535657, 46.1511073], [8.1530581, 46.1486949], [8.1506837, 46.1456121], [8.1508561, 46.143562], [8.1464451, 46.1386641], [8.1417159, 46.1363308], [8.1390228, 46.1363517], [8.1354991, 46.1384089], [8.1315253, 46.1372067], [8.1288811, 46.1377403], [8.1259027, 46.135939], [8.1232345, 46.1354713], [8.1217597, 46.1335841], [8.1179386, 46.1328272], [8.1167722, 46.1310136], [8.1130907, 46.1299298], [8.1151803, 46.1275671], [8.1140153, 46.124223], [8.1146222, 46.1219298], [8.1125099, 46.11891], [8.1126074, 46.1170028], [8.1095523, 46.1170314], [8.1074608, 46.1158921], [8.1088822, 46.1129916], [8.1077611, 46.1123333], [8.1057532, 46.1129447], [8.1037039, 46.1120438], [8.09802, 46.111629], [8.0973899, 46.1111214], [8.0983965, 46.1102327], [8.096344, 46.1087423], [8.0864806, 46.1075522], [8.0817712, 46.1059413], [8.0675873, 46.1066128], [8.0563331, 46.1032381], [8.0496824, 46.1038153], [8.0444835, 46.1012701], [8.0366985, 46.1022176], [8.0323943, 46.1011958], [8.0308018, 46.0979682], [8.0318982, 46.0949605], [8.0296857, 46.0905003], [8.0285754, 46.0897924], [8.0303207, 46.0867618], [8.0289133, 46.0824828], [8.0228664, 46.0757188], [8.0222363, 46.0716894], [8.0210958, 46.0695911], [8.0214268, 46.0685503], [8.0243537, 46.066774], [8.0239963, 46.0636443], [8.0263569, 46.058372], [8.0287976, 46.0550134], [8.0321719, 46.0474885], [8.0354493, 46.0435836], [8.0223407, 46.0398905], [8.0219038, 46.0386628], [8.0119731, 46.0312815], [8.015199, 46.028771], [8.0174188, 46.0247012], [8.01212, 46.0203172], [8.01252, 46.0118396], [8.0012391, 46.0124064], [7.9989485, 46.0060979], [7.9952703, 46.0025275], [7.9939981, 45.9989577], [7.9883742, 45.9960002], [7.9777203, 45.9993566], [7.9749696, 45.999149], [7.9679258, 45.9965184], [7.9572589, 45.9964571], [7.94649, 45.997692], [7.9330654, 45.9961078], [7.9259961, 45.9972618], [7.9184873, 45.9964809], [7.9080962, 45.9967477], [7.9045912, 45.9902536], [7.9023286, 45.989339], [7.9022762, 45.9879442], [7.9006457, 45.9859058], [7.8962617, 45.9835877], [7.8957062, 45.9815894], [7.8922499, 45.9777685], [7.8815952, 45.9751215], [7.8784872, 45.9731571], [7.8783417, 45.9715406], [7.8808042, 45.9675006], [7.8802975, 45.9661909], [7.8814748, 45.9637982], [7.877071, 45.9611156], [7.8772505, 45.9587335], [7.8759836, 45.9564073], [7.8773568, 45.9490666], [7.8701344, 45.9474041], [7.8712458, 45.946232], [7.871347, 45.9439621], [7.8693821, 45.9414416], [7.8677689, 45.9368349], [7.8722897, 45.9308877], [7.8770498, 45.9271843], [7.8755557, 45.9248508], [7.8760052, 45.9228457], [7.8738888, 45.9207127], [7.8706958, 45.9192425], [7.8663022, 45.9196402], [7.8634717, 45.916522], [7.8610106, 45.917586], [7.8592759, 45.9205598], [7.8563356, 45.9215369], [7.8506806, 45.9203631], [7.8420647, 45.9219664], [7.8370775, 45.9216988], [7.8321914, 45.9251497], [7.8214631, 45.9270843], [7.8182171, 45.9264076], [7.8138992, 45.9236809], [7.8087438, 45.9225289], [7.8031156, 45.9179979], [7.79906, 45.9175539], [7.7939077, 45.9200709], [7.7913668, 45.9242442], [7.7866495, 45.9275785], [7.7831725, 45.9270271], [7.7767324, 45.9300891], [7.7755252, 45.9322143], [7.7729804, 45.933063], [7.7694958, 45.9370419], [7.7483616, 45.9405084], [7.7465133, 45.9362365], [7.7369521, 45.9286286], [7.7346425, 45.9240131], [7.7308745, 45.9230995], [7.7194408, 45.9237082], [7.7157461, 45.9274542], [7.7131797, 45.9288729], [7.7131063, 45.9314845], [7.7073455, 45.9348225], [7.7073038, 45.9364339], [7.709152, 45.9383387], [7.708388, 45.9403978], [7.7092327, 45.9434087], [7.7085745, 45.9447156], [7.7097284, 45.9459944], [7.7098112, 45.9484027], [7.6988644, 45.9544281], [7.6880485, 45.9549677], [7.679471, 45.9579746], [7.6782659, 45.9590143], [7.6769999, 45.9649956], [7.674731, 45.9657124], [7.673582, 45.9684809], [7.6694733, 45.9719354], [7.6682766, 45.9739457], [7.6662575, 45.9736356], [7.6641529, 45.975725], [7.6614994, 45.9751385], [7.6569424, 45.9765839], [7.6552517, 45.976012], [7.6537323, 45.974256], [7.6501347, 45.9741102], [7.6453075, 45.9716824], [7.6383565, 45.9700916], [7.6263529, 45.9709694], [7.6209659, 45.9721458], [7.6149063, 45.9716105], [7.6098922, 45.9693756], [7.6040587, 45.9703879], [7.588864, 45.970487], [7.5839175, 45.9723226], [7.5803266, 45.9760711], [7.5819472, 45.9801558], [7.5799146, 45.9844499], [7.5771115, 45.9871594], [7.5698995, 45.9878768], [7.5603434, 45.986069], [7.5509947, 45.9868755], [7.5484806, 45.9864175], [7.5461216, 45.9842306], [7.5449735, 45.9803666], [7.5423462, 45.9780622], [7.5414603, 45.976183], [7.5429972, 45.970413], [7.5463351, 45.9631267], [7.5451971, 45.9600583], [7.5424508, 45.9569048], [7.5383425, 45.9548874], [7.5354369, 45.9571591], [7.5284728, 45.9565193], [7.5253151, 45.9578308], [7.5230853, 45.9575847], [7.5194768, 45.9604936], [7.5181225, 45.962692], [7.5136017, 45.9600867], [7.5070726, 45.9581245], [7.50001, 45.9623788], [7.4958, 45.9600095], [7.4955939, 45.9577659], [7.4935028, 45.9559283], [7.4875958, 45.9558504], [7.4848779, 45.9542484], [7.4785136, 45.9524459], [7.4716268, 45.9475535], [7.4716065, 45.9452696], [7.4744286, 45.9397188], [7.4748944, 45.9370233], [7.472714, 45.9345166], [7.4701017, 45.9339952], [7.4590093, 45.9356027], [7.4575485, 45.9350021], [7.4559286, 45.9321542], [7.4535522, 45.9328333], [7.4501812, 45.9325726], [7.4474201, 45.9314212], [7.4440559, 45.9314378], [7.4421005, 45.9299417], [7.4414153, 45.9274775], [7.4357553, 45.9228581], [7.4343036, 45.9203294], [7.4264777, 45.9151539], [7.4219686, 45.9144056], [7.4205122, 45.9119791], [7.4159317, 45.9113662], [7.4116814, 45.908869], [7.4084718, 45.9085223], [7.4044656, 45.9095985], [7.4019694, 45.912081], [7.3983931, 45.9085371], [7.3982765, 45.9068033], [7.3946095, 45.9026432], [7.3897037, 45.8984185], [7.3873747, 45.8974545], [7.3828996, 45.8965729], [7.3756124, 45.9004744], [7.3739966, 45.9003326], [7.3662653, 45.9040905], [7.3619937, 45.903178], [7.3606237, 45.9035541], [7.359271, 45.905605], [7.3566401, 45.9072733], [7.3561351, 45.9096849], [7.3566492, 45.9105399], [7.3505262, 45.9117271], [7.3442527, 45.9151962], [7.33086, 45.9106517], [7.3229994, 45.9104781], [7.3181526, 45.911873], [7.316088, 45.9168078], [7.3014651, 45.9173887], [7.2986871, 45.9189085], [7.2965803, 45.9213498], [7.2949136, 45.921698], [7.2902621, 45.9199171], [7.2895063, 45.9175529], [7.2855519, 45.9159345], [7.2847065, 45.9132158], [7.2791034, 45.9057463], [7.2768932, 45.900853], [7.2715682, 45.8998313], [7.2667911, 45.8966048], [7.266541, 45.894945], [7.2626468, 45.8931806], [7.2584351, 45.8887905], [7.2539611, 45.8879486], [7.2506875, 45.8926462], [7.2482857, 45.893244], [7.2441625, 45.8909495], [7.2399533, 45.8900669], [7.2358385, 45.8901429], [7.2283247, 45.8920702], [7.2257412, 45.8897039], [7.2229466, 45.8901147], [7.2162851, 45.8888689], [7.2153923, 45.8837627], [7.2105717, 45.8818346], [7.209791, 45.8806349], [7.2062824, 45.8802351], [7.2039075, 45.8766273], [7.2003097, 45.8751796], [7.1977869, 45.8706476], [7.1982321, 45.8667354], [7.2008514, 45.862957], [7.19673, 45.8602311], [7.1884137, 45.8589498], [7.1837735, 45.8603579], [7.1789481, 45.8634557], [7.1752569, 45.8628428], [7.1615952, 45.8716362], [7.1612152, 45.872199], [7.164063, 45.8734541], [7.1646514, 45.8764109], [7.1612705, 45.8783661], [7.1543072, 45.8792483], [7.1468727, 45.8764006], [7.1411243, 45.8754722], [7.1387113, 45.873714], [7.1350917, 45.8726251], [7.1336378, 45.8711305], [7.133655, 45.8687201], [7.1320491, 45.8671412], [7.1272024, 45.8643048], [7.1235148, 45.8633826], [7.1180538, 45.859295], [7.1133569, 45.8594999], [7.1081729, 45.8584405], [7.1043004, 45.8594092], [7.1012269, 45.8592667], [7.0977232, 45.8623236], [7.0979205, 45.8638163], [7.0962867, 45.8681617], [7.0921766, 45.8721577], [7.0952969, 45.8757726], [7.0892059, 45.8806467], [7.0799284, 45.8852715], [7.0791895, 45.8875425], [7.0763814, 45.8903955], [7.0765031, 45.8951076], [7.0728407, 45.8953948], [7.0683922, 45.8982796], [7.0643014, 45.8996219], [7.063737, 45.9058211], [7.0644157, 45.9094305], [7.0606255, 45.9133433], [7.0534362, 45.9155508], [7.0465939, 45.9217868], [7.0440314, 45.9227163], [7.0423352, 45.9299967], [7.0409354, 45.9319258], [7.0391888, 45.9327742], [7.0357972, 45.9381594], [7.0368419, 45.9407494], [7.03679, 45.9434253], [7.038292, 45.9452073], [7.0370497, 45.9519496], [7.0373831, 45.9548293], [7.033922, 45.9563461], [7.0245576, 45.9581561], [7.0230447, 45.9578132], [7.0147301, 45.9628591], [7.0086141, 45.9692071], [7.0103591, 45.9730811], [7.0211031, 45.9763321], [7.0235871, 45.9791271], [7.0196091, 45.9822851], [7.0197831, 45.9838621], [7.0158731, 45.9865591], [7.0124771, 45.9871641], [7.0119881, 45.9902471], [7.0139721, 45.9910571], [7.0111241, 45.9937131], [7.0104811, 45.9972221], [7.0066071, 45.9996481], [7.0056121, 46.0010901], [7.0004651, 45.9988081], [6.9962221, 45.9996921], [6.9926791, 46.0022201], [6.9855041, 46.0039901], [6.9844691, 46.0057621], [6.9852261, 46.0073701], [6.9838871, 46.0082041], [6.9834471, 46.0097331], [6.9835301, 46.0123221], [6.9808251, 46.0173571], [6.9813411, 46.0195261], [6.9710361, 46.0255661], [6.9665251, 46.0311181], [6.9629599, 46.0303901], [6.9552141, 46.0407561], [6.9503851, 46.0511651], [6.9434211, 46.0507141], [6.9392491, 46.0530171], [6.9373691, 46.0552371], [6.9354311, 46.0556541], [6.9348071, 46.0568851], [6.9352321, 46.0585581], [6.9364951, 46.0592551], [6.9365391, 46.0624341], [6.9381351, 46.0632141], [6.9373501, 46.0642681], [6.9360361, 46.0643271], [6.9340611, 46.0659451], [6.9286301, 46.0646051], [6.9246491, 46.0651861], [6.9188781, 46.0603131], [6.9188521, 46.0593441], [6.9158771, 46.0580401], [6.9143591, 46.0556541], [6.9108651, 46.0539941], [6.9110921, 46.0520211], [6.9096831, 46.0506441], [6.9040381, 46.0490691], [6.8944511, 46.0477851], [6.8921641, 46.0459311], [6.8913191, 46.0425671], [6.8900521, 46.0420261], [6.8862441, 46.0442751], [6.8787531, 46.0456171], [6.8758821, 46.0473191], [6.8755671, 46.0493671], [6.8720881, 46.0509051], [6.8728601, 46.0547911], [6.8751001, 46.0581191], [6.8765551, 46.0633921], [6.8790671, 46.0652121], [6.8802251, 46.0692811], [6.8910481, 46.0740361], [6.8882171, 46.0789391], [6.8883881, 46.0797371], [6.8904761, 46.0808351], [6.8918821, 46.0850651], [6.8888391, 46.0868621], [6.8857801, 46.0919001], [6.8824411, 46.0951301], [6.8860321, 46.0972991], [6.8878311, 46.1005471], [6.8915491, 46.1031641], [6.8929271, 46.1046801], [6.8933961, 46.1067051], [6.8951431, 46.1080131], [6.8952021, 46.1088291], [6.8933521, 46.1099471], [6.8931171, 46.1139631], [6.8949961, 46.1155641], [6.8978221, 46.1218211], [6.8998821, 46.1238921], [6.8976281, 46.1244991], [6.8955021, 46.1236711], [6.8907811, 46.1254471], [6.8823371, 46.1228931], [6.8779951, 46.1250621], [6.8737231, 46.1258731], [6.8692791, 46.1250301], [6.8523601, 46.1263921], [6.8445371, 46.1281791], [6.8414921, 46.1308151], [6.8420691, 46.1319901], [6.8384101, 46.1328491], [6.8187421, 46.1310021], [6.8151121, 46.1292001], [6.8126451, 46.1320581], [6.8109881, 46.1323251], [6.8106051, 46.1338351], [6.8076221, 46.1362001], [6.8015891, 46.1352751], [6.7985021, 46.1357151], [6.7975751, 46.1367111], [6.7963231, 46.1392891], [6.7963311, 46.1421401], [6.7950161, 46.1439731], [6.7946041, 46.1474361], [6.7903481, 46.1536291], [6.7902171, 46.1552561], [6.7925511, 46.1597681], [6.7916531, 46.1628531], [6.7970541, 46.1675681], [6.7998411, 46.1683841], [6.8024001, 46.1710981], [6.8054101, 46.1725211], [6.8071431, 46.1785961], [6.8125971, 46.1816441], [6.8087131, 46.1924771], [6.8033511, 46.2032041], [6.8038131, 46.2047101], [6.8072471, 46.2079131], [6.8079581, 46.2107081], [6.8100001, 46.2119371], [6.8099421, 46.2138021], [6.8131281, 46.2151151], [6.8168181, 46.2200941], [6.8202761, 46.2215881], [6.8217671, 46.2232731], [6.8218701, 46.2277301], [6.8206351, 46.2302511], [6.8212111, 46.2323451], [6.8257321, 46.2339021], [6.8307731, 46.2344771], [6.8372511, 46.2410391], [6.8378071, 46.2448261], [6.8397201, 46.2482001], [6.8428481, 46.2485531], [6.8519351, 46.2520501], [6.8553751, 46.2551221], [6.8544141, 46.2591811], [6.8603751, 46.2661291], [6.8587581, 46.2734811], [6.8645761, 46.2796541], [6.8648771, 46.2808621], [6.8648961, 46.2821041], [6.8622171, 46.2855241], [6.8603991, 46.2863151], [6.8591021, 46.2884721], [6.8591561, 46.2904531], [6.8577811, 46.2914441], [6.8546101, 46.2924891], [6.8517741, 46.2916741], [6.8511986, 46.2904327], [6.8471221, 46.2896691], [6.8433451, 46.2941231], [6.8395681, 46.2947711], [6.8342051, 46.2997101], [6.8299361, 46.2999241], [6.8281661, 46.3028141], [6.8299191, 46.3061021], [6.8262151, 46.3099001], [6.8254861, 46.3117551], [6.8211811, 46.3131351], [6.8199311, 46.3154901], [6.8154901, 46.3157791], [6.8129481, 46.3181941], [6.8069811, 46.3206801], [6.8005611, 46.3195821], [6.7974961, 46.3267251], [6.7989341, 46.3292341], [6.7964471, 46.3311941], [6.7965611, 46.3329841], [6.7909731, 46.3321701], [6.7845631, 46.3325501], [6.7844901, 46.3367511], [6.7827111, 46.3380111], [6.7803601, 46.3414421], [6.7790811, 46.3446941], [6.7742141, 46.3477071], [6.7723261, 46.3501401], [6.7706751, 46.3551441], [6.7715001, 46.3609891], [6.7766521, 46.3646721], [6.7810181, 46.3665431], [6.7919131, 46.3671911], [6.7956911, 46.3699341], [6.7991981, 46.3744201], [6.8034181, 46.3764661], [6.8061171, 46.3793951], [6.8056531, 46.3816681], [6.8062801, 46.3829911], [6.8039291, 46.3837001], [6.8019581, 46.3858151], [6.8017981, 46.3883671], [6.8034931, 46.3925691], [6.8051131, 46.3934721], [6.8062241, 46.3954581], [6.8210961, 46.4271481], [6.8245291, 46.4249151], [6.8626201, 46.3907991], [6.8688531, 46.3867211], [6.8742331, 46.3819551], [6.8798811, 46.3794911], [6.8849981, 46.3756181], [6.8861571, 46.3726921], [6.8869151, 46.3652241], [6.8820311, 46.3565541], [6.8819621, 46.3542011], [6.8831641, 46.3525041], [6.8895761, 46.3479751], [6.8947501, 46.3412841], [6.8984871, 46.3391751], [6.9017691, 46.3384541], [6.9161131, 46.3396811], [6.9195021, 46.3390081], [6.9303471, 46.3297801], [6.9324771, 46.3238981], [6.9320621, 46.3161891], [6.9360501, 46.3039621], [6.9358601, 46.3007351], [6.9369171, 46.2975161], [6.9425461, 46.2937461], [6.9503951, 46.2907461], [6.9585311, 46.2852311], [6.9610431, 46.2822801], [6.9653491, 46.2683661], [6.9749341, 46.2600781], [6.9870681, 46.2527571], [6.9881881, 46.2507171], [6.9893051, 46.2443151], [6.9939791, 46.2400201], [6.9958391, 46.2365971], [7.0004281, 46.2343501], [7.0023931, 46.2322901], [7.0026271, 46.2247631], [7.0039421, 46.2228071], [7.0077861, 46.2207101], [7.0118681, 46.2056251]]]}}, {"type": "Feature", "properties": {"name": "Vaud", "parent": "che", "version": 1, "source": "gsak", "licence": "ODbL"}, "geometry": {"type": "MultiPolygon", "coordinates": [[[[6.7337161, 46.8709891], [6.7326751, 46.8682141], [6.7333871, 46.8678931], [6.7400421, 46.8719081], [6.7549406, 46.8703696], [6.7800731, 46.8525731], [6.7422471, 46.8273621], [6.7788501, 46.8005781], [6.7840641, 46.8031031], [6.7873101, 46.7996471], [6.7787601, 46.7940431], [6.7759781, 46.7897341], [6.7771451, 46.7890921], [6.7802231, 46.7913421], [6.7807061, 46.7925041], [6.7830371, 46.7927611], [6.7980981, 46.7827971], [6.7996531, 46.7841251], [6.8012621, 46.7838831], [6.8046131, 46.7856491], [6.8092361, 46.7837031], [6.8154451, 46.7778131], [6.8198471, 46.7772991], [6.8232871, 46.7753061], [6.8254651, 46.7730151], [6.8275161, 46.7767871], [6.8331571, 46.7745371], [6.8368751, 46.7763051], [6.8399861, 46.7808021], [6.8430911, 46.7786131], [6.8441291, 46.7788521], [6.8527611, 46.7853231], [6.8590871, 46.7880201], [6.8638621, 46.7852401], [6.8639891, 46.7843111], [6.8619511, 46.7830771], [6.8632441, 46.7814571], [6.8719141, 46.7781611], [6.8726951, 46.7786701], [6.8771011, 46.7759851], [6.8828831, 46.7773991], [6.8833181, 46.7765491], [6.8881971, 46.7780841], [6.8943251, 46.7770961], [6.8953121, 46.7789431], [6.8994178, 46.7798665], [6.8990211, 46.7815251], [6.9049371, 46.7815831], [6.9065461, 46.7833181], [6.9096981, 46.7835901], [6.9082831, 46.7820501], [6.9109941, 46.7796641], [6.9127631, 46.7818031], [6.9171991, 46.7846661], [6.9165171, 46.7886411], [6.9209321, 46.7946471], [6.9211961, 46.7967431], [6.9259751, 46.7982951], [6.9272401, 46.8011441], [6.9285951, 46.8024471], [6.9302921, 46.8027091], [6.9315381, 46.8042821], [6.9313721, 46.8058871], [6.9282311, 46.8073651], [6.9274681, 46.8088721], [6.9234341, 46.8084531], [6.9234371, 46.8071411], [6.9222781, 46.8092051], [6.9196551, 46.8103211], [6.9150401, 46.8074591], [6.9127951, 46.8034431], [6.9109071, 46.8033631], [6.9048451, 46.8054401], [6.9109441, 46.8123961], [6.9086541, 46.8160811], [6.9096631, 46.8174791], [6.9079171, 46.8176631], [6.9094941, 46.8185921], [6.9084761, 46.8200011], [6.9077721, 46.8198651], [6.9048851, 46.8249601], [6.9055561, 46.8270921], [6.9070301, 46.8285241], [6.9076551, 46.8343731], [6.9105501, 46.8382421], [6.9100141, 46.8385121], [6.9203001, 46.8478081], [6.9307271, 46.8531201], [6.9289191, 46.8548401], [6.9271991, 46.8543931], [6.9241151, 46.8594211], [6.9225351, 46.8590321], [6.9216011, 46.8607531], [6.9200781, 46.8604031], [6.9177311, 46.8630321], [6.9156465, 46.8630373], [6.9127985, 46.8659253], [6.8965351, 46.8612251], [6.8959671, 46.8625791], [6.8945661, 46.8621922], [6.8919216, 46.8649502], [6.8965679, 46.8659169], [6.8984578, 46.8670953], [6.9013181, 46.8665911], [6.9051979, 46.8685662], [6.909484, 46.8695307], [6.9116062, 46.8671342], [6.9208776, 46.871382], [6.9108185, 46.8805564], [6.9070667, 46.8785375], [6.905344, 46.8802836], [6.9038391, 46.8792611], [6.8993421, 46.8832271], [6.8984121, 46.8826831], [6.8972679, 46.8839416], [6.89623, 46.8831418], [6.8659731, 46.9094741], [6.8961931, 46.9252221], [6.9260391, 46.9016151], [6.9303241, 46.8993741], [6.9288321, 46.8977521], [6.9238981, 46.8954291], [6.9250751, 46.8930801], [6.9333251, 46.8923171], [6.9362141, 46.8887561], [6.9385271, 46.8899221], [6.9396901, 46.8877921], [6.9392401, 46.8870551], [6.9418421, 46.8856451], [6.9421561, 46.8839021], [6.9458861, 46.8829201], [6.9487471, 46.8788761], [6.9516581, 46.8774281], [6.9527621, 46.8759001], [6.9507581, 46.8757611], [6.9511841, 46.8746191], [6.9540901, 46.8753211], [6.9572489, 46.8708889], [6.9601949, 46.871486], [6.9648712, 46.8655235], [6.9695753, 46.8675219], [6.9645421, 46.8730511], [6.9649304, 46.8736872], [6.9625011, 46.8771141], [6.9611741, 46.8769381], [6.9591381, 46.8786011], [6.9597021, 46.8789311], [6.9581731, 46.8814271], [6.9605151, 46.8822821], [6.9622621, 46.8841051], [6.9629701, 46.8830031], [6.9657361, 46.8837621], [6.9661611, 46.8832401], [6.9711841, 46.8850871], [6.9705041, 46.8864231], [6.9737231, 46.8872221], [6.9765521, 46.8838161], [6.9777101, 46.8840511], [6.9803951, 46.8820011], [6.9889071, 46.8733381], [6.9800881, 46.8658541], [6.9795261, 46.8608591], [6.9784831, 46.8591351], [6.9773271, 46.8588051], [6.9782301, 46.8576061], [6.9765971, 46.8534831], [6.9732391, 46.8537111], [6.9777431, 46.8484861], [6.9764391, 46.8465251], [6.9779671, 46.8453601], [6.9823391, 46.8464301], [6.9828481, 46.8459281], [6.9884581, 46.8498821], [6.9901941, 46.8498751], [6.9922711, 46.8475281], [6.9866031, 46.8442891], [6.9872811, 46.8435941], [6.9859851, 46.8425291], [6.9872841, 46.8416601], [6.9832531, 46.8392181], [6.9870081, 46.8371551], [6.9860789, 46.8347571], [6.9923731, 46.8332381], [6.9928271, 46.8319441], [6.9922081, 46.8302221], [6.9897851, 46.8280731], [6.9895901, 46.8263721], [6.9843781, 46.8218241], [6.9747491, 46.8229261], [6.9731321, 46.8245631], [6.9711071, 46.8239441], [6.9681221, 46.8268021], [6.9652271, 46.8281781], [6.9588001, 46.8198741], [6.9589581, 46.8184911], [6.9604391, 46.8177511], [6.9565821, 46.8142681], [6.9593501, 46.8121471], [6.9578581, 46.8111021], [6.9589601, 46.8098101], [6.9647771, 46.8053571], [6.9634531, 46.8043511], [6.9666711, 46.8025411], [6.9655171, 46.8016511], [6.9660531, 46.8009951], [6.9630681, 46.7995821], [6.9560881, 46.7932791], [6.9569361, 46.7923921], [6.9567241, 46.7902811], [6.9585571, 46.7900641], [6.9572031, 46.7895491], [6.9571251, 46.7876121], [6.9515201, 46.7851711], [6.9501731, 46.7826811], [6.9476601, 46.7830141], [6.9455561, 46.7844341], [6.9417641, 46.7835181], [6.9394611, 46.7808671], [6.9382451, 46.7812081], [6.9371261, 46.7785651], [6.9315091, 46.7751371], [6.9331241, 46.7745271], [6.9313501, 46.7723651], [6.9339691, 46.7724791], [6.9351921, 46.7715761], [6.9348321, 46.7711091], [6.9310821, 46.7693221], [6.9223001, 46.7612711], [6.9201841, 46.7596681], [6.9171405, 46.7611351], [6.9182568, 46.7617721], [6.9175791, 46.7624181], [6.9165451, 46.7619071], [6.9144321, 46.7626867], [6.9083901, 46.7574901], [6.9106101, 46.7559381], [6.9091091, 46.7546491], [6.9104521, 46.7533801], [6.9118421, 46.7545331], [6.9149041, 46.7531811], [6.9173591, 46.7546701], [6.9201721, 46.7512051], [6.9305141, 46.7543601], [6.9353871, 46.7504261], [6.9381051, 46.7494201], [6.9397641, 46.7457541], [6.9413801, 46.7450111], [6.9395761, 46.7413781], [6.9351261, 46.7358501], [6.9366181, 46.7339461], [6.9227241, 46.7240371], [6.9175991, 46.7184831], [6.9165931, 46.7199651], [6.9153761, 46.7184881], [6.9115031, 46.7178261], [6.9011601, 46.7113261], [6.8965671, 46.7060811], [6.8947451, 46.7056441], [6.8923731, 46.7024431], [6.8943071, 46.7009291], [6.8915761, 46.6973591], [6.8917651, 46.6959701], [6.8897711, 46.6938731], [6.8880201, 46.6943831], [6.8838411, 46.6898521], [6.8813361, 46.6899881], [6.8731201, 46.6832651], [6.8686111, 46.6855681], [6.8659961, 46.6837921], [6.8656161, 46.6812211], [6.8629511, 46.6808731], [6.8640591, 46.6769261], [6.8718081, 46.6732821], [6.8644161, 46.6647221], [6.8684861, 46.6629131], [6.8673271, 46.6620851], [6.8680681, 46.6606801], [6.8659531, 46.6588131], [6.8630981, 46.6583321], [6.8594571, 46.6598361], [6.8535311, 46.6554041], [6.8453241, 46.6583431], [6.8443301, 46.6576721], [6.8421361, 46.6587301], [6.8442421, 46.6608871], [6.8421631, 46.6608031], [6.8414491, 46.6612201], [6.8418621, 46.6615541], [6.8384591, 46.6625581], [6.8362111, 46.6614651], [6.8334331, 46.6622631], [6.8314471, 46.6597971], [6.8287801, 46.6606551], [6.8267361, 46.6593131], [6.8213631, 46.6522531], [6.8174261, 46.6492021], [6.8184801, 46.6477051], [6.8149481, 46.6473131], [6.8134471, 46.6496951], [6.8115181, 46.6493031], [6.8112061, 46.6504031], [6.8071251, 46.6505461], [6.8021801, 46.6488001], [6.7987231, 46.6487411], [6.8006341, 46.6466521], [6.8037521, 46.6457011], [6.8036261, 46.6441111], [6.8017431, 46.6440701], [6.7988031, 46.6394291], [6.7982641, 46.6354151], [6.7974541, 46.6352121], [6.7969741, 46.6332131], [6.7983171, 46.6302671], [6.8004361, 46.6298461], [6.8006461, 46.6283011], [6.8023221, 46.6276431], [6.8019731, 46.6249101], [6.8037041, 46.6211181], [6.8025321, 46.6187061], [6.8030501, 46.6161201], [6.8021241, 46.6150261], [6.8039751, 46.6088191], [6.8020301, 46.6006371], [6.7985132, 46.5998581], [6.8004251, 46.5934071], [6.8013521, 46.5923741], [6.7985371, 46.5859671], [6.7995571, 46.5856701], [6.7994121, 46.5828861], [6.7961541, 46.5789421], [6.7962701, 46.5768571], [6.7949681, 46.5752181], [6.8003911, 46.5741651], [6.8027851, 46.5748911], [6.8035191, 46.5767541], [6.8043071, 46.5766871], [6.8050031, 46.5778931], [6.8079901, 46.5775441], [6.8108721, 46.5788941], [6.8133061, 46.5782681], [6.8117681, 46.5809921], [6.8142151, 46.5838441], [6.8142261, 46.5854671], [6.8208161, 46.5837681], [6.8240691, 46.5775461], [6.8282861, 46.5773051], [6.8294381, 46.5762171], [6.8347961, 46.5753141], [6.8370901, 46.5767121], [6.8368971, 46.5776561], [6.8402111, 46.5791761], [6.8429291, 46.5825481], [6.8465791, 46.5836331], [6.8484971, 46.5832501], [6.8515501, 46.5809751], [6.8527901, 46.5818971], [6.8598667, 46.5797768], [6.8657381, 46.5771461], [6.8652041, 46.5761351], [6.8679911, 46.5748571], [6.8701391, 46.5722951], [6.8745261, 46.5649411], [6.8794781, 46.5670571], [6.8845951, 46.5619211], [6.8869391, 46.5633771], [6.8865761, 46.5650661], [6.8882551, 46.5676451], [6.8921941, 46.5678671], [6.8980401, 46.5705731], [6.9016861, 46.5697041], [6.8992511, 46.5667121], [6.9000821, 46.5657451], [6.8989081, 46.5651931], [6.9012101, 46.5618261], [6.9024181, 46.5612611], [6.8990141, 46.5596251], [6.8975741, 46.5596301], [6.8968781, 46.5604551], [6.8947421, 46.5590001], [6.8940561, 46.5598091], [6.8915861, 46.5582521], [6.8918771, 46.5573411], [6.8883731, 46.5580951], [6.8795511, 46.5506691], [6.8781641, 46.5485061], [6.8755951, 46.5475601], [6.8741531, 46.5455761], [6.8725921, 46.5456051], [6.8723431, 46.5446771], [6.8691351, 46.5431281], [6.8684541, 46.5415141], [6.8646331, 46.5382081], [6.8638031, 46.5348951], [6.8623081, 46.5351371], [6.8611391, 46.5305831], [6.8587931, 46.5310571], [6.8592751, 46.5328891], [6.8585291, 46.5333211], [6.8601011, 46.5358901], [6.8565531, 46.5369221], [6.8568171, 46.5381541], [6.8550861, 46.5413911], [6.8527391, 46.5415001], [6.8521841, 46.5408141], [6.8508891, 46.5410551], [6.8408041, 46.5381581], [6.8304991, 46.5373801], [6.8253401, 46.5379461], [6.8248411, 46.5393021], [6.8279371, 46.5428801], [6.8256481, 46.5434661], [6.8250571, 46.5416551], [6.8213281, 46.5389471], [6.8214571, 46.5379181], [6.8183851, 46.5364011], [6.8189601, 46.5356281], [6.8180431, 46.5349221], [6.8184751, 46.5342641], [6.8172841, 46.5313031], [6.8130201, 46.5269421], [6.8130881, 46.5261851], [6.8110521, 46.5250251], [6.8154431, 46.5213661], [6.8181941, 46.5164341], [6.8222211, 46.5144231], [6.8244791, 46.5121091], [6.8308371, 46.5121351], [6.8324171, 46.5055611], [6.8379551, 46.4993931], [6.8419941, 46.4965291], [6.8455371, 46.4966121], [6.8478611, 46.4936211], [6.8488731, 46.4933461], [6.8573211, 46.4930081], [6.8627941, 46.4937841], [6.8663191, 46.5006401], [6.8725911, 46.5043911], [6.8816441, 46.5125391], [6.8969491, 46.5202311], [6.8977181, 46.5200221], [6.8970291, 46.5188801], [6.8977611, 46.5147411], [6.8962411, 46.5129051], [6.8951091, 46.5094801], [6.8959261, 46.5075251], [6.8998331, 46.5103301], [6.9013441, 46.5131561], [6.9103511, 46.5122511], [6.9116001, 46.5130701], [6.9126761, 46.5127491], [6.9129681, 46.5109021], [6.9156271, 46.5099671], [6.9167481, 46.5103821], [6.9216521, 46.5079081], [6.9225201, 46.5083021], [6.9251811, 46.5071921], [6.9267631, 46.5045611], [6.9308191, 46.5044891], [6.9340981, 46.5012671], [6.9365001, 46.5006221], [6.9410571, 46.5010201], [6.9416971, 46.5016841], [6.9437061, 46.5009001], [6.9482101, 46.5011041], [6.9507851, 46.5023821], [6.9540341, 46.5015481], [6.9555791, 46.4995971], [6.9629701, 46.4963031], [6.9659691, 46.4928081], [6.9698341, 46.4910361], [6.9722401, 46.4912361], [6.9742801, 46.4878321], [6.9727961, 46.4848131], [6.9739391, 46.4810151], [6.9757161, 46.4784451], [6.9811871, 46.4753741], [6.9778361, 46.4730041], [6.9790231, 46.4702951], [6.9781231, 46.4678241], [6.9789071, 46.4658691], [6.9789671, 46.4612871], [6.9801391, 46.4589721], [6.9827881, 46.4588011], [6.9843151, 46.4568031], [6.9895881, 46.4528931], [6.9921561, 46.4487341], [6.9837661, 46.4386081], [6.9845981, 46.4377541], [6.9874341, 46.4378391], [6.9929121, 46.4387651], [7.0025451, 46.4433141], [7.0110841, 46.4460971], [7.0172131, 46.4478351], [7.0176471, 46.4473231], [7.0212201, 46.4585931], [7.0201941, 46.4594421], [7.0226851, 46.4617731], [7.0266941, 46.4641531], [7.0285611, 46.4668011], [7.0379961, 46.4737891], [7.0466181, 46.4780581], [7.0509121, 46.4818461], [7.0591931, 46.4851941], [7.0611281, 46.4872311], [7.0658711, 46.4889771], [7.0724631, 46.4863321], [7.0777021, 46.4887361], [7.0825361, 46.4876831], [7.0870761, 46.4877291], [7.0888251, 46.4868701], [7.0979981, 46.4884671], [7.1004281, 46.4869371], [7.1053621, 46.4891281], [7.1068381, 46.4921861], [7.1087911, 46.4929311], [7.1106451, 46.4948911], [7.1229061, 46.4985921], [7.1264971, 46.5029961], [7.1309371, 46.5045271], [7.1358061, 46.5076451], [7.1376681, 46.5137591], [7.1399301, 46.5169021], [7.1405661, 46.5199771], [7.1437111, 46.5220621], [7.1446681, 46.5264921], [7.1483481, 46.5283881], [7.1584071, 46.5267071], [7.1635741, 46.5285151], [7.1671921, 46.5309901], [7.1744231, 46.5338141], [7.1772871, 46.5360151], [7.1824781, 46.5383451], [7.1921201, 46.5465191], [7.2008691, 46.5416021], [7.2009431, 46.5400371], [7.2088201, 46.5326801], [7.2217861, 46.5449511], [7.2232991, 46.5477631], [7.2267281, 46.5497551], [7.2330481, 46.5516861], [7.2361381, 46.5539861], [7.2370261, 46.5537291], [7.2371161, 46.5463351], [7.2422025, 46.5415534], [7.2437692, 46.5409264], [7.2459637, 46.5378942], [7.2446765, 46.5333267], [7.2467704, 46.5309914], [7.2481376, 46.5221329], [7.2491835, 46.5211901], [7.2484844, 46.5161739], [7.2474465, 46.5148902], [7.2476796, 46.5134513], [7.2485935, 46.5129581], [7.2482115, 46.5104387], [7.2461366, 46.5076915], [7.2465975, 46.5062979], [7.2448432, 46.5050355], [7.2445254, 46.5028535], [7.2452115, 46.5022475], [7.2394383, 46.4957606], [7.2390448, 46.4964796], [7.2328621, 46.4947681], [7.2357751, 46.4922751], [7.2361851, 46.4879341], [7.2274641, 46.4871351], [7.2275291, 46.4862671], [7.2241441, 46.4868801], [7.2249451, 46.4773901], [7.2308651, 46.4661381], [7.2289011, 46.4623301], [7.2298111, 46.4616181], [7.2288661, 46.4589271], [7.2264391, 46.4575281], [7.2323951, 46.4539211], [7.2259631, 46.4515361], [7.2268701, 46.4490561], [7.2251671, 46.4442811], [7.2231441, 46.4422641], [7.2132611, 46.4395231], [7.2045261, 46.4391231], [7.2038921, 46.4401861], [7.2017761, 46.4407521], [7.1957941, 46.4404131], [7.1924601, 46.4349891], [7.1931271, 46.4333421], [7.1995091, 46.4286851], [7.2002451, 46.4261081], [7.2030731, 46.4223791], [7.2064621, 46.4210041], [7.2069361, 46.4190081], [7.2097541, 46.4160961], [7.2072441, 46.4100831], [7.2078351, 46.4032571], [7.2045301, 46.4002481], [7.2036161, 46.3970421], [7.2012771, 46.3932261], [7.1983651, 46.3903181], [7.1984351, 46.3892711], [7.1950111, 46.3847711], [7.1937951, 46.3788321], [7.2019941, 46.3786541], [7.2044811, 46.3795431], [7.2084791, 46.3786011], [7.2075941, 46.3775101], [7.2073091, 46.3733811], [7.2094841, 46.3722721], [7.2109191, 46.3674591], [7.2160661, 46.3619351], [7.2190691, 46.3618781], [7.2263001, 46.3649271], [7.2281731, 46.3624701], [7.2299131, 46.3619361], [7.2276001, 46.3607361], [7.2263361, 46.3588471], [7.2239181, 46.3591571], [7.2188071, 46.3574711], [7.2224101, 46.3483391], [7.2214241, 46.3291671], [7.1890661, 46.3037761], [7.1894911, 46.2948951], [7.1969381, 46.2890561], [7.1944541, 46.2890201], [7.1938491, 46.2883401], [7.1948341, 46.2855871], [7.1905431, 46.2850181], [7.1864211, 46.2827761], [7.1895411, 46.2728961], [7.1884561, 46.2705921], [7.1844941, 46.2685571], [7.1792161, 46.2689251], [7.1779411, 46.2683371], [7.1719681, 46.2624681], [7.1719331, 46.2609251], [7.1689061, 46.2599391], [7.1617681, 46.2537361], [7.1551191, 46.2524351], [7.1520771, 46.2486341], [7.1512621, 46.2464951], [7.1517281, 46.2453371], [7.1504301, 46.2430031], [7.1454371, 46.2414121], [7.1418091, 46.2383611], [7.1358151, 46.2366851], [7.1256601, 46.2369101], [7.1214431, 46.2293641], [7.1223321, 46.2233331], [7.1151691, 46.2184741], [7.1157461, 46.2173951], [7.1061461, 46.2106711], [7.1017881, 46.2095321], [7.0993391, 46.2077321], [7.0959741, 46.2072211], [7.0939251, 46.2048831], [7.0883801, 46.2015371], [7.0767251, 46.1986541], [7.0715541, 46.2009321], [7.0642791, 46.1994011], [7.0595621, 46.1960451], [7.0535831, 46.1944361], [7.0517431, 46.1929331], [7.0452411, 46.1903661], [7.0326651, 46.1871771], [7.0315091, 46.1900381], [7.0276551, 46.1932531], [7.0259761, 46.1964491], [7.0216031, 46.2005511], [7.0118681, 46.2056251], [7.0077861, 46.2207101], [7.0039421, 46.2228071], [7.0026271, 46.2247631], [7.0023931, 46.2322901], [7.0004281, 46.2343501], [6.9958391, 46.2365971], [6.9939791, 46.2400201], [6.9893051, 46.2443151], [6.9881881, 46.2507171], [6.9870681, 46.2527571], [6.9749341, 46.2600781], [6.9653491, 46.2683661], [6.9610431, 46.2822801], [6.9585311, 46.2852311], [6.9503951, 46.2907461], [6.9425461, 46.2937461], [6.9369171, 46.2975161], [6.9358601, 46.3007351], [6.9360501, 46.3039621], [6.9320621, 46.3161891], [6.9324771, 46.3238981], [6.9303471, 46.3297801], [6.9195021, 46.3390081], [6.9161131, 46.3396811], [6.9017691, 46.3384541], [6.8984871, 46.3391751], [6.8947501, 46.3412841], [6.8895761, 46.3479751], [6.8831641, 46.3525041], [6.8819621, 46.3542011], [6.8820311, 46.3565541], [6.8869151, 46.3652241], [6.8861571, 46.3726921], [6.8849981, 46.3756181], [6.8798811, 46.3794911], [6.8742331, 46.3819551], [6.8688531, 46.3867211], [6.8626201, 46.3907991], [6.8245291, 46.4249151], [6.8210961, 46.4271481], [6.6818854, 46.4543903], [6.5189951, 46.4561311], [6.4254381, 46.4156441], [6.3350791, 46.4035811], [6.2526761, 46.3603261], [6.2414121, 46.3436021], [6.2120981, 46.3537461], [6.205592, 46.3551501], [6.2018791, 46.3547591], [6.1999931, 46.3556721], [6.198025, 46.3584951], [6.1984891, 46.3592891], [6.1978621, 46.3602101], [6.1874541, 46.3605861], [6.1803501, 46.3646291], [6.1744531, 46.3623341], [6.174043, 46.3616751], [6.1763611, 46.3599161], [6.171181, 46.3583581], [6.1727711, 46.3547231], [6.1804901, 46.3526141], [6.1861611, 46.3494951], [6.1889751, 46.3498931], [6.191128, 46.3486191], [6.1948471, 46.3485811], [6.193114, 46.3437411], [6.2034831, 46.3388971], [6.2038861, 46.3395601], [6.2061821, 46.3393711], [6.2323171, 46.3303421], [6.2195091, 46.3118191], [6.1986961, 46.2843121], [6.1703701, 46.2947111], [6.1535161, 46.2990521], [6.1502851, 46.3010531], [6.1406207, 46.3047904], [6.1407341, 46.3054201], [6.1297141, 46.3127981], [6.1283261, 46.3144631], [6.128916, 46.3154021], [6.1261941, 46.3162831], [6.1268231, 46.3168121], [6.1257291, 46.3173771], [6.1254001, 46.3194031], [6.126865, 46.3211591], [6.1314571, 46.3240121], [6.1338971, 46.3281381], [6.1360421, 46.3283551], [6.1352891, 46.3294881], [6.137073, 46.3307641], [6.1362571, 46.3321671], [6.1378431, 46.333257], [6.1391782, 46.3330568], [6.1392361, 46.3348501], [6.137232, 46.3356991], [6.138333, 46.3363681], [6.137748, 46.3374841], [6.1394701, 46.3378701], [6.1377771, 46.3385681], [6.1388891, 46.3388121], [6.1390341, 46.3397231], [6.140191, 46.3392521], [6.1411101, 46.3405001], [6.1444661, 46.3414461], [6.1453056, 46.3405821], [6.1458412, 46.3416159], [6.1493095, 46.3426084], [6.1497365, 46.343837], [6.1514669, 46.344631], [6.1521621, 46.3466521], [6.1515139, 46.34745], [6.1535649, 46.3472484], [6.1578781, 46.3499781], [6.1583683, 46.3515314], [6.1574964, 46.3526911], [6.1593068, 46.3571875], [6.1614182, 46.3599554], [6.1699161, 46.3661014], [6.1696771, 46.3677621], [6.165418, 46.3722111], [6.1614941, 46.3747331], [6.160318, 46.3787211], [6.1592981, 46.3796221], [6.1586801, 46.3797531], [6.157201, 46.3776001], [6.15467, 46.3784911], [6.15326, 46.3773431], [6.1498171, 46.3774751], [6.1351326, 46.3885947], [6.1129101, 46.3999451], [6.1147335, 46.3972513], [6.1138003, 46.396858], [6.1093406, 46.399294], [6.1056121, 46.3994531], [6.1001561, 46.4046691], [6.0976191, 46.4090611], [6.0638549, 46.4163022], [6.0705361, 46.4255174], [6.0739345, 46.4282083], [6.074502, 46.4321562], [6.0857891, 46.4411821], [6.086329, 46.4439331], [6.0844541, 46.4472971], [6.0744791, 46.4535771], [6.0768091, 46.4575701], [6.0733431, 46.4598451], [6.0737701, 46.4629671], [6.0726341, 46.4655301], [6.0767481, 46.4673041], [6.0968661, 46.4813191], [6.1125801, 46.5094641], [6.1379921, 46.5309321], [6.1437281, 46.5276761], [6.1535581, 46.5367241], [6.1486221, 46.5392931], [6.156666, 46.5452501], [6.1104751, 46.5764351], [6.1219231, 46.5839171], [6.1239711, 46.5873591], [6.1265721, 46.5898531], [6.1396711, 46.5975351], [6.1418641, 46.5979881], [6.1480881, 46.6021161], [6.1538131, 46.6035661], [6.1612801, 46.6098611], [6.1653661, 46.6099671], [6.1790081, 46.6155801], [6.1795541, 46.6199991], [6.1833991, 46.6211881], [6.185442, 46.6234961], [6.1884301, 46.6245251], [6.1893251, 46.6256131], [6.190839, 46.6252971], [6.1962871, 46.6281301], [6.1958221, 46.6293881], [6.2006091, 46.6335011], [6.1995221, 46.6343761], [6.204035, 46.6361911], [6.2055961, 46.6349081], [6.2074571, 46.6354991], [6.2130231, 46.6399861], [6.2129761, 46.6409911], [6.2175421, 46.6422461], [6.2166511, 46.6430621], [6.2191441, 46.6450621], [6.2238771, 46.6461611], [6.2276221, 46.6481261], [6.232732, 46.6543981], [6.2649971, 46.6746291], [6.2672661, 46.6761611], [6.267974, 46.6780461], [6.2704851, 46.6785221], [6.2704331, 46.6797361], [6.2688491, 46.6799541], [6.2691641, 46.6824691], [6.2791371, 46.6874191], [6.2820131, 46.6906041], [6.2924621, 46.6930171], [6.2954981, 46.6944301], [6.2970407, 46.6942719], [6.3251131, 46.7064271], [6.3272041, 46.7062191], [6.3411081, 46.7100601], [6.3493381, 46.7144131], [6.3521461, 46.7148351], [6.3537491, 46.7181381], [6.3572601, 46.7196891], [6.3598281, 46.7227731], [6.3642381, 46.7218941], [6.3665721, 46.7231791], [6.3715671, 46.7241121], [6.3712051, 46.7291661], [6.3676551, 46.7292381], [6.3709181, 46.7307031], [6.3837921, 46.7311291], [6.3892991, 46.7349811], [6.3918731, 46.7388951], [6.3910811, 46.7410671], [6.3900921, 46.7421941], [6.3882831, 46.7423251], [6.3882291, 46.7432701], [6.3950301, 46.7484181], [6.3997381, 46.7496001], [6.4007491, 46.7508101], [6.4031981, 46.7499731], [6.4245211, 46.7544021], [6.4302441, 46.7567171], [6.4381241, 46.7617061], [6.4393401, 46.7626681], [6.4378341, 46.7630351], [6.4383881, 46.7665971], [6.4489351, 46.7732051], [6.4522671, 46.7741761], [6.4517251, 46.7786321], [6.4584021, 46.7886591], [6.4348801, 46.8014341], [6.4309668, 46.8124479], [6.4407642, 46.8158401], [6.4397111, 46.8240846], [6.4431053, 46.8327283], [6.4600281, 46.8512181], [6.4652811, 46.8507391], [6.4664121, 46.8476601], [6.4682591, 46.8472551], [6.4820831, 46.8464101], [6.5232481, 46.8565001], [6.5304831, 46.8603341], [6.5376541, 46.8667891], [6.5451771, 46.8686041], [6.5520021, 46.8729891], [6.5598091, 46.8740371], [6.5716581, 46.8793311], [6.5839921, 46.8832951], [6.5875871, 46.8842041], [6.5983101, 46.8835251], [6.6069021, 46.8868681], [6.6143451, 46.8886511], [6.6271171, 46.8884381], [6.6455881, 46.9061211], [6.6471171, 46.9105771], [6.6685931, 46.9204861], [6.7210481, 46.9361401], [6.7202701, 46.9331581], [6.7236591, 46.9308411], [6.7207901, 46.9254801], [6.7176281, 46.9157931], [6.7178391, 46.9116271], [6.7167291, 46.9059801], [6.7209261, 46.9052571], [6.7401461, 46.8947881], [6.7380541, 46.8844361], [6.7402291, 46.8842851], [6.7407871, 46.8832661], [6.7367891, 46.8736901], [6.7337161, 46.8709891]], [[6.7905081, 46.7312931], [6.7911321, 46.7309491], [6.7880101, 46.7292461], [6.7881331, 46.7285901], [6.7929391, 46.7255461], [6.8000071, 46.7268091], [6.8019871, 46.7261641], [6.8045291, 46.7272631], [6.8097641, 46.7271801], [6.8114421, 46.7277901], [6.8176011, 46.7331661], [6.8282761, 46.735477], [6.8303551, 46.7344851], [6.8327691, 46.7349061], [6.8354991, 46.7330861], [6.8380921, 46.7328321], [6.8463081, 46.7274501], [6.8472021, 46.7278811], [6.8522631, 46.7263081], [6.8575591, 46.7258971], [6.8622251, 46.7243601], [6.8628791, 46.7257761], [6.8645201, 46.7251681], [6.8660564, 46.7264573], [6.8668041, 46.7286051], [6.8655281, 46.7291961], [6.8668841, 46.7307321], [6.8656061, 46.7314791], [6.8661761, 46.7328941], [6.8821101, 46.7496541], [6.8771651, 46.7546551], [6.8777761, 46.7552011], [6.8772371, 46.7554881], [6.8754591, 46.7538701], [6.8736441, 46.7547681], [6.8761311, 46.7560621], [6.8693651, 46.7585621], [6.8654491, 46.7624481], [6.8631821, 46.7633631], [6.8624071, 46.7625061], [6.8592611, 46.7620011], [6.8589911, 46.7612251], [6.8578451, 46.7625531], [6.8597981, 46.7637091], [6.8599831, 46.7663431], [6.8568881, 46.7679701], [6.8561441, 46.7705991], [6.8544631, 46.7718281], [6.8514318, 46.7722738], [6.8521431, 46.7743311], [6.8490581, 46.7752801], [6.8471761, 46.7713351], [6.8463641, 46.7710591], [6.8488731, 46.7708811], [6.8442351, 46.7649441], [6.8292811, 46.7560141], [6.8282111, 46.7542851], [6.8303581, 46.7538151], [6.8272601, 46.7503691], [6.8223571, 46.7471451], [6.8210241, 46.7442921], [6.8150911, 46.7404811], [6.8166141, 46.7384981], [6.8154221, 46.7373881], [6.8117341, 46.7374811], [6.8060861, 46.7352981], [6.8042041, 46.7367951], [6.7982291, 46.7339521], [6.7973241, 46.7342171], [6.7966431, 46.7362441], [6.7957711, 46.7362381], [6.7949211, 46.7349371], [6.7937271, 46.7356651], [6.7928881, 46.7336481], [6.7909631, 46.7326881], [6.7917841, 46.7323641], [6.7905081, 46.7312931]], [[6.7823441, 46.7325021], [6.7844241, 46.7353861], [6.7833261, 46.7359461], [6.7845351, 46.7376101], [6.7840561, 46.7388291], [6.7849281, 46.7458431], [6.7844171, 46.7458901], [6.7863051, 46.7475741], [6.7789531, 46.7512241], [6.7760551, 46.7494021], [6.7730421, 46.7513911], [6.7686851, 46.7448841], [6.7597701, 46.7391851], [6.7592101, 46.7374241], [6.7526261, 46.7364491], [6.7487491, 46.7317451], [6.7501041, 46.7292911], [6.7517371, 46.7281711], [6.7588591, 46.7254151], [6.7602971, 46.7230591], [6.7585261, 46.7219361], [6.7606941, 46.7203341], [6.7624421, 46.7172251], [6.7706511, 46.7205791], [6.7774261, 46.7260771], [6.7763281, 46.7266171], [6.7773121, 46.7275461], [6.7774791, 46.7295381], [6.7823441, 46.7325021]], [[6.1758381, 46.3511071], [6.1740181, 46.3488801], [6.1718191, 46.3496701], [6.1669181, 46.3430341], [6.1713041, 46.3407191], [6.1727041, 46.3417991], [6.1723331, 46.3444861], [6.1743821, 46.3464831], [6.1807891, 46.3437831], [6.1842901, 46.3458541], [6.1758381, 46.3511071]]], [[[6.9992311, 46.8821451], [6.9998531, 46.8817781], [7.0094191, 46.8889791], [6.992157, 46.9001975], [6.9852271, 46.9069921], [6.9811811, 46.9095331], [6.9843421, 46.9120091], [6.9818521, 46.9134911], [6.9873261, 46.9181921], [6.9863911, 46.9196001], [6.9779591, 46.9233501], [6.9743461, 46.9209491], [6.9733551, 46.9218751], [6.9715471, 46.9211381], [6.9691971, 46.9232001], [6.9646861, 46.9243021], [6.9616261, 46.9273861], [6.9284861, 46.9526331], [6.9756841, 46.9756411], [7.0023001, 46.9867501], [7.0500341, 46.9776621], [7.0603481, 46.9730911], [7.0636141, 46.9704831], [7.0605901, 46.9686071], [7.0611351, 46.9663691], [7.0582131, 46.9651901], [7.0598881, 46.9629981], [7.0578111, 46.9620561], [7.0592031, 46.9598631], [7.0576281, 46.9593111], [7.0589481, 46.9581611], [7.0597211, 46.9558091], [7.0562811, 46.9552061], [7.0587401, 46.9535231], [7.0607241, 46.9496731], [7.0604491, 46.9472191], [7.0614261, 46.9455741], [7.0614961, 46.9421341], [7.0579068, 46.9386675], [7.0868181, 46.9102021], [7.0899641, 46.9076391], [7.0931801, 46.9065301], [7.0906941, 46.9032961], [7.0862701, 46.9007991], [7.0879451, 46.8986391], [7.0871612, 46.8981937], [7.0875641, 46.8974341], [7.0845471, 46.8962281], [7.0743821, 46.8951781], [7.0748145, 46.8939842], [7.0772961, 46.8938881], [7.0791261, 46.8947051], [7.0797211, 46.8942231], [7.0724802, 46.8904362], [7.0728071, 46.8895411], [7.0717681, 46.8887071], [7.0691511, 46.8874231], [7.0675421, 46.8875741], [7.0620631, 46.8837691], [7.0617791, 46.8796081], [7.0660891, 46.8805861], [7.0666941, 46.8785561], [7.0646651, 46.8782421], [7.0692751, 46.8763571], [7.0710151, 46.8731691], [7.0688591, 46.8705721], [7.0662441, 46.8691551], [7.0668961, 46.8685561], [7.0664761, 46.8681491], [7.0623599, 46.8669703], [7.0615493, 46.8650954], [7.0565681, 46.8602961], [7.0531871, 46.8554941], [7.0490741, 46.8547701], [7.0472631, 46.8514801], [7.0378891, 46.8449851], [7.0330991, 46.8488001], [7.0318371, 46.8478121], [7.0290531, 46.8508391], [7.0297561, 46.8511501], [7.0297181, 46.8525991], [7.0340141, 46.8552571], [7.0334101, 46.8570341], [7.0384451, 46.8588041], [7.0397311, 46.8605081], [7.0337921, 46.8631241], [7.0298801, 46.8660731], [7.0355573, 46.8727774], [7.0345631, 46.8742251], [7.0322401, 46.8757861], [7.0306641, 46.8751641], [7.0260871, 46.8763131], [7.0250881, 46.8779551], [7.0217721, 46.8761871], [7.0161316, 46.8807246], [7.0154211, 46.8769071], [7.0139501, 46.8775041], [7.0118581, 46.8762961], [7.0118311, 46.8752691], [7.0097701, 46.8751891], [7.0084114, 46.8732059], [7.0010751, 46.8737431], [6.9992391, 46.8744381], [6.9938411, 46.8789611], [6.9992311, 46.8821451]]]]}}, {"type": "Feature", "properties": {"name": "Zug", "parent": "che", "version": 1, "source": "gsak", "licence": "ODbL"}, "geometry": {"type": "Polygon", "coordinates": [[[8.4615171, 47.2136581], [8.4669321, 47.2141961], [8.4681871, 47.2128821], [8.4701811, 47.2133521], [8.4704251, 47.2118971], [8.4720791, 47.2117811], [8.4735751, 47.2105831], [8.4726991, 47.2096911], [8.4731291, 47.2085091], [8.4760541, 47.2100251], [8.4798151, 47.2085961], [8.4836871, 47.2083471], [8.4930981, 47.2119331], [8.5020261, 47.2119151], [8.5060581, 47.2138721], [8.5051231, 47.2148341], [8.5073091, 47.2144741], [8.5102641, 47.2157161], [8.5122631, 47.2156111], [8.5125661, 47.2194071], [8.5208561, 47.2192811], [8.5214861, 47.2199991], [8.5221571, 47.2190501], [8.5287581, 47.2185451], [8.5310031, 47.2175971], [8.5318181, 47.2182771], [8.5325501, 47.2222171], [8.5364351, 47.2207261], [8.5368041, 47.2216821], [8.5393421, 47.2230311], [8.5457071, 47.2215321], [8.5526431, 47.2216391], [8.5536381, 47.2231141], [8.5583251, 47.2213221], [8.5602541, 47.2195071], [8.5730291, 47.2183311], [8.5743051, 47.2175891], [8.5742071, 47.2167931], [8.5765431, 47.2173621], [8.5769074, 47.218568], [8.5792411, 47.2175511], [8.5829571, 47.2179451], [8.5834281, 47.2168251], [8.5810121, 47.2143711], [8.5824491, 47.2107331], [8.5853861, 47.2108301], [8.5879461, 47.2126201], [8.5913651, 47.2115711], [8.5943821, 47.2119781], [8.5976171, 47.2088891], [8.5965791, 47.2070481], [8.5972221, 47.2057951], [8.5962891, 47.2048831], [8.5986961, 47.2014831], [8.6028321, 47.2029651], [8.6058481, 47.2052711], [8.6128181, 47.2017881], [8.6180051, 47.1944381], [8.6172591, 47.1922711], [8.6207051, 47.1902571], [8.6206801, 47.1873811], [8.6252221, 47.1824581], [8.6259941, 47.1806651], [8.6280781, 47.1795211], [8.6238021, 47.1748371], [8.6244781, 47.1728081], [8.6390161, 47.1715101], [8.6399391, 47.1709941], [8.6395661, 47.1694561], [8.6417371, 47.1687831], [8.6523701, 47.1709681], [8.6554901, 47.1697961], [8.6607531, 47.1702601], [8.6604731, 47.1638351], [8.6612191, 47.1606551], [8.6656751, 47.1596011], [8.6748861, 47.1593941], [8.6762921, 47.1606331], [8.6804421, 47.1618841], [8.6922341, 47.1633191], [8.6958526, 47.1629973], [8.6967921, 47.1594786], [8.6982931, 47.1588099], [8.6980514, 47.1569459], [8.6992036, 47.1554714], [8.698788, 47.153227], [8.7011416, 47.1509746], [8.6991226, 47.150637], [8.6987389, 47.1497416], [8.6959783, 47.1501091], [8.6904515, 47.1477855], [8.6883353, 47.1460993], [8.6842826, 47.1405208], [8.6852015, 47.1375196], [8.6875991, 47.1371563], [8.6864212, 47.136112], [8.6874415, 47.1346391], [8.6859279, 47.1347455], [8.6845048, 47.1330742], [8.6843808, 47.131996], [8.6860099, 47.1311912], [8.684123, 47.1308293], [8.6846621, 47.1299239], [8.6824668, 47.1276312], [8.681717, 47.1251429], [8.677845, 47.12442], [8.6775518, 47.1231413], [8.676825, 47.1230591], [8.6777328, 47.1224196], [8.6763173, 47.1224799], [8.6757951, 47.121271], [8.6746793, 47.121463], [8.6727135, 47.120517], [8.6717246, 47.1190658], [8.670704, 47.1190992], [8.6710847, 47.1184654], [8.6704872, 47.1182694], [8.6714753, 47.1182588], [8.6720392, 47.1169933], [8.6710825, 47.1169361], [8.6715919, 47.116166], [8.6710906, 47.1158565], [8.6598301, 47.1147173], [8.6606007, 47.1123926], [8.6597774, 47.110962], [8.6539769, 47.1079424], [8.6454898, 47.0996881], [8.6450096, 47.0959148], [8.6372112, 47.0932751], [8.6258644, 47.0939328], [8.6230209, 47.0949067], [8.6089865, 47.0946682], [8.6074489, 47.0921201], [8.5998448, 47.0907354], [8.5955112, 47.0913413], [8.5910153, 47.0890026], [8.5900718, 47.0864707], [8.5810949, 47.0839516], [8.5766337, 47.084738], [8.5767182, 47.0840625], [8.5742436, 47.0822653], [8.5693476, 47.0811667], [8.5657225, 47.0809999], [8.5627535, 47.0822884], [8.564833, 47.0872383], [8.5624015, 47.0937617], [8.5558077, 47.0933987], [8.544336, 47.0944318], [8.5408002, 47.0922393], [8.5255084, 47.0916429], [8.5241655, 47.0903737], [8.5211623, 47.0900422], [8.4930005, 47.1002274], [8.493721, 47.1137825], [8.4804271, 47.1264406], [8.4673319, 47.118884], [8.4662384, 47.1173752], [8.4601711, 47.1159035], [8.4557258, 47.1134397], [8.4543017, 47.1138099], [8.4490745, 47.1309255], [8.4474716, 47.1292469], [8.4417158, 47.1295357], [8.4393371, 47.1274347], [8.431709, 47.1246639], [8.4303569, 47.1232928], [8.428768, 47.1242125], [8.4270748, 47.1232734], [8.4246357, 47.1235328], [8.4247643, 47.1229357], [8.4237455, 47.1225868], [8.4234488, 47.123543], [8.4201863, 47.1226888], [8.4184222, 47.1235859], [8.4178777, 47.1224463], [8.4144797, 47.1256459], [8.4147243, 47.1275748], [8.4156411, 47.1280677], [8.416701, 47.1306572], [8.4155166, 47.1308103], [8.4152181, 47.1316711], [8.4161519, 47.1330936], [8.4153239, 47.1355561], [8.4118837, 47.1403294], [8.4142511, 47.1428581], [8.4150041, 47.1465661], [8.4118731, 47.1537461], [8.4151541, 47.1583571], [8.4153781, 47.1637461], [8.4114401, 47.1739231], [8.4089371, 47.1754451], [8.4025271, 47.1767451], [8.4011621, 47.1799201], [8.4003441, 47.1862181], [8.4016501, 47.1898371], [8.4051671, 47.1940021], [8.4053451, 47.1956741], [8.4021011, 47.2014801], [8.4004721, 47.2086171], [8.4009741, 47.2148871], [8.3966171, 47.2195921], [8.3950521, 47.2246521], [8.3948761, 47.2265191], [8.3960021, 47.2288351], [8.3984601, 47.2317811], [8.4061141, 47.2369911], [8.4068721, 47.2410951], [8.4110821, 47.2457061], [8.4104211, 47.2482061], [8.4109581, 47.2481521], [8.4127951, 47.2464711], [8.4144251, 47.2428661], [8.4164981, 47.2412851], [8.4142401, 47.2389691], [8.4164411, 47.2370631], [8.4172481, 47.2289041], [8.4180621, 47.2282981], [8.4181991, 47.2266031], [8.4208181, 47.2256681], [8.4217511, 47.2233211], [8.4296131, 47.2249141], [8.4373441, 47.2236721], [8.4412161, 47.2252241], [8.4438791, 47.2226241], [8.4465351, 47.2233931], [8.4462671, 47.2221281], [8.4478491, 47.2212961], [8.4480071, 47.2199721], [8.4522091, 47.2195471], [8.4530441, 47.2187231], [8.4521011, 47.2182261], [8.4532111, 47.2177981], [8.4566391, 47.2185221], [8.4615171, 47.2136581]]]}}, {"type": "Feature", "properties": {"name": "Zürich", "parent": "che", "version": 1, "source": "gsak", "licence": "ODbL"}, "geometry": {"type": "Polygon", "coordinates": [[[8.8041421, 47.6079091], [8.8031461, 47.6065211], [8.8031271, 47.6043781], [8.8019161, 47.6030461], [8.8030301, 47.6011101], [8.7889391, 47.6031141], [8.7892891, 47.6041531], [8.7882131, 47.6041461], [8.7883111, 47.6051721], [8.7902871, 47.6083501], [8.7898751, 47.6092251], [8.7876901, 47.6088281], [8.7879181, 47.6094251], [8.7793171, 47.6125031], [8.7763111, 47.6127331], [8.7753751, 47.6141421], [8.7738881, 47.6143891], [8.7744871, 47.6147471], [8.7724741, 47.6148751], [8.7725151, 47.6142571], [8.7696531, 47.6149011], [8.7616041, 47.6180661], [8.7584361, 47.6182221], [8.7563601, 47.6166071], [8.7547781, 47.6180571], [8.7507281, 47.6197301], [8.7480531, 47.6229351], [8.7458631, 47.6210111], [8.7464701, 47.6179051], [8.7454641, 47.6162071], [8.7458201, 47.6128781], [8.7430761, 47.6128151], [8.7426491, 47.6117471], [8.7402871, 47.6119351], [8.7395801, 47.6079271], [8.7420401, 47.6073211], [8.7420931, 47.6048681], [8.7437351, 47.6025811], [8.7465781, 47.6011001], [8.7465601, 47.6003011], [8.7490271, 47.6000041], [8.7456421, 47.5965161], [8.7472381, 47.5957371], [8.7482501, 47.5922231], [8.7661431, 47.5923441], [8.8060251, 47.5830301], [8.8054101, 47.5818991], [8.8024161, 47.5825621], [8.8012971, 47.5804861], [8.8062981, 47.5794761], [8.8049121, 47.5750071], [8.8083071, 47.5742491], [8.8075181, 47.5713281], [8.8167551, 47.5699421], [8.8176011, 47.5717841], [8.8195521, 47.5713121], [8.8200661, 47.5727411], [8.8218711, 47.5717441], [8.8223851, 47.5731361], [8.8298891, 47.5711241], [8.8312401, 47.5733141], [8.8384761, 47.5710491], [8.8376241, 47.5686371], [8.8390607, 47.5686823], [8.8393811, 47.5654821], [8.8418691, 47.5662741], [8.8446291, 47.5659581], [8.8441641, 47.5631321], [8.8506971, 47.5634331], [8.8511981, 47.5605991], [8.8423771, 47.5600841], [8.8387961, 47.5572521], [8.8296701, 47.5574471], [8.8296181, 47.5563231], [8.8279711, 47.5559221], [8.8305741, 47.5522901], [8.8298361, 47.5517901], [8.8306691, 47.5503471], [8.8325571, 47.5487901], [8.8321881, 47.5473951], [8.8334591, 47.5465491], [8.8328831, 47.5460291], [8.8340981, 47.5450931], [8.8336521, 47.5443531], [8.8342651, 47.5429331], [8.8359851, 47.5429891], [8.8386031, 47.5401031], [8.8381271, 47.5392931], [8.8398991, 47.5392741], [8.8393611, 47.5370521], [8.8410251, 47.5369991], [8.8411341, 47.5326891], [8.8472111, 47.5313831], [8.8558831, 47.5313801], [8.8557201, 47.5305291], [8.8700351, 47.5302921], [8.8796931, 47.5273151], [8.8835501, 47.5293011], [8.8862011, 47.5277591], [8.8874941, 47.5282451], [8.8897691, 47.5267781], [8.8963471, 47.5257101], [8.8982451, 47.5241711], [8.8953541, 47.5190111], [8.8970011, 47.5175101], [8.8963441, 47.5131971], [8.8976321, 47.5112331], [8.8975011, 47.5077241], [8.8962421, 47.5053651], [8.8970151, 47.5046881], [8.8928171, 47.5003761], [8.893516, 47.4942298], [8.8927861, 47.4882411], [8.8967321, 47.4876671], [8.8975191, 47.4849021], [8.8852811, 47.4815951], [8.8855161, 47.4805771], [8.8843251, 47.4786501], [8.8848231, 47.4769601], [8.8811601, 47.4744511], [8.8844781, 47.4735491], [8.8846041, 47.4722961], [8.8834161, 47.4710851], [8.8842641, 47.4696841], [8.8906421, 47.4693141], [8.8917431, 47.4657351], [8.8936141, 47.4650381], [8.8917581, 47.4641201], [8.8957161, 47.4627611], [8.8963138, 47.4607378], [8.8956175, 47.4595322], [8.8982349, 47.4582398], [8.900382, 47.4543221], [8.9036086, 47.4534941], [8.9057673, 47.4512178], [8.9068886, 47.4510012], [8.9089565, 47.4478489], [8.9056777, 47.4467661], [8.9025521, 47.4443441], [8.9070461, 47.4396131], [8.9069321, 47.4386891], [8.9106727, 47.4367848], [8.9175953, 47.4366065], [8.9215613, 47.4350039], [8.9325811, 47.4355592], [8.9321601, 47.4347325], [8.9331071, 47.4342255], [8.9305171, 47.4316952], [8.9292039, 47.4321394], [8.9262007, 47.4314135], [8.9232565, 47.4328007], [8.9180786, 47.4325298], [8.9171677, 47.4331486], [8.9135796, 47.4316427], [8.9120153, 47.4337992], [8.9106962, 47.4340409], [8.9074951, 47.4314561], [8.9075931, 47.4302961], [8.9130541, 47.4280631], [8.9114221, 47.4231001], [8.9140371, 47.4181461], [8.9128071, 47.4166191], [8.9126751, 47.4127651], [8.9108511, 47.4118851], [8.9093601, 47.4089811], [8.9048131, 47.4051631], [8.9035521, 47.4019281], [8.9072381, 47.4009231], [8.9114301, 47.4014201], [8.9155241, 47.3998271], [8.9206968, 47.3994358], [8.9275781, 47.3957621], [8.9274041, 47.3945841], [8.9300321, 47.3931961], [8.9314691, 47.3914281], [8.9360581, 47.3902451], [8.9433651, 47.3856751], [8.9435971, 47.3838901], [8.9402781, 47.3800011], [8.9406811, 47.3785231], [8.9436821, 47.3755861], [8.9453081, 47.3746331], [8.9480641, 47.3746431], [8.9512291, 47.3717941], [8.9527221, 47.3663031], [8.9546791, 47.3641281], [8.9562151, 47.3606171], [8.9606381, 47.3555521], [8.9601181, 47.3536901], [8.9673031, 47.3541361], [8.9696501, 47.3524281], [8.9718431, 47.3524101], [8.9726571, 47.3496921], [8.9744961, 47.3472301], [8.9734381, 47.3460491], [8.9743651, 47.3397541], [8.9793501, 47.3377851], [8.9790561, 47.3347411], [8.9773171, 47.3324831], [8.9768531, 47.3291701], [8.9774641, 47.3268021], [8.9796871, 47.3253871], [8.9796401, 47.3240631], [8.9809231, 47.3225371], [8.9844451, 47.3200491], [8.9815331, 47.3148831], [8.9751331, 47.3070251], [8.9669951, 47.3057081], [8.9642021, 47.3062171], [8.9569391, 47.3044741], [8.9551831, 47.3028751], [8.9530311, 47.2986431], [8.9522911, 47.2989441], [8.9511541, 47.2955911], [8.9485061, 47.2935871], [8.9487561, 47.2920551], [8.9447101, 47.2907071], [8.9430307, 47.2913236], [8.9408131, 47.2899031], [8.9336581, 47.2881221], [8.9364171, 47.2871591], [8.9381021, 47.2852821], [8.9404501, 47.2842521], [8.9418391, 47.2823061], [8.9411831, 47.2798421], [8.9434951, 47.2794301], [8.9457321, 47.2820741], [8.9483141, 47.2807861], [8.9470551, 47.2748751], [8.9409631, 47.2718641], [8.9440991, 47.2693881], [8.9437551, 47.2685571], [8.9428391, 47.2672781], [8.9402161, 47.2670761], [8.9398064, 47.2658952], [8.9406901, 47.2653741], [8.9376091, 47.2640711], [8.9374291, 47.2624021], [8.9358931, 47.2618591], [8.9369101, 47.2610101], [8.9330424, 47.2587994], [8.9291551, 47.2599361], [8.9283491, 47.2588021], [8.9089891, 47.2543351], [8.9079941, 47.2550201], [8.9087241, 47.2553741], [8.9080921, 47.2566901], [8.8972981, 47.2540361], [8.8735781, 47.2518951], [8.8737321, 47.2476101], [8.8706731, 47.2468171], [8.8709641, 47.2457431], [8.8698251, 47.2449791], [8.8643991, 47.2432931], [8.8607971, 47.2430881], [8.8525581, 47.2466991], [8.8529327, 47.2501707], [8.8520461, 47.251116], [8.8383211, 47.2469801], [8.8356211, 47.2471401], [8.8344351, 47.2492341], [8.8283671, 47.2503871], [8.8271851, 47.2499971], [8.8265411, 47.2513271], [8.8026141, 47.2466451], [8.8021791, 47.2446511], [8.8008961, 47.2445341], [8.7991061, 47.2429511], [8.7993281, 47.2419141], [8.7965591, 47.2422991], [8.7956861, 47.2394401], [8.8085086, 47.2201402], [8.7933516, 47.2225461], [8.7406307, 47.2116847], [8.7171028, 47.2036047], [8.7129979, 47.2030655], [8.7101327, 47.2005334], [8.7059857, 47.2023783], [8.7037695, 47.2021553], [8.7029633, 47.2015569], [8.7026558, 47.1983218], [8.6940596, 47.1961894], [8.6854879, 47.1865895], [8.6810733, 47.184006], [8.6812765, 47.181395], [8.6803344, 47.1791787], [8.6827491, 47.1752169], [8.6828742, 47.1735063], [8.691278, 47.169007], [8.6922341, 47.1633191], [8.6804421, 47.1618841], [8.6762921, 47.1606331], [8.6748861, 47.1593941], [8.6656751, 47.1596011], [8.6612191, 47.1606551], [8.6604731, 47.1638351], [8.6607531, 47.1702601], [8.6554901, 47.1697961], [8.6523701, 47.1709681], [8.6417371, 47.1687831], [8.6395661, 47.1694561], [8.6399391, 47.1709941], [8.6390161, 47.1715101], [8.6244781, 47.1728081], [8.6238021, 47.1748371], [8.6280781, 47.1795211], [8.6259941, 47.1806651], [8.6252221, 47.1824581], [8.6206801, 47.1873811], [8.6207051, 47.1902571], [8.6172591, 47.1922711], [8.6180051, 47.1944381], [8.6128181, 47.2017881], [8.6058481, 47.2052711], [8.6028321, 47.2029651], [8.5986961, 47.2014831], [8.5962891, 47.2048831], [8.5972221, 47.2057951], [8.5965791, 47.2070481], [8.5976171, 47.2088891], [8.5943821, 47.2119781], [8.5913651, 47.2115711], [8.5879461, 47.2126201], [8.5853861, 47.2108301], [8.5824491, 47.2107331], [8.5810121, 47.2143711], [8.5834281, 47.2168251], [8.5829571, 47.2179451], [8.5792411, 47.2175511], [8.5769074, 47.218568], [8.5765431, 47.2173621], [8.5742071, 47.2167931], [8.5743051, 47.2175891], [8.5730291, 47.2183311], [8.5602541, 47.2195071], [8.5583251, 47.2213221], [8.5536381, 47.2231141], [8.5526431, 47.2216391], [8.5457071, 47.2215321], [8.5393421, 47.2230311], [8.5368041, 47.2216821], [8.5364351, 47.2207261], [8.5325501, 47.2222171], [8.5318181, 47.2182771], [8.5310031, 47.2175971], [8.5287581, 47.2185451], [8.5221571, 47.2190501], [8.5214861, 47.2199991], [8.5208561, 47.2192811], [8.5125661, 47.2194071], [8.5122631, 47.2156111], [8.5102641, 47.2157161], [8.5073091, 47.2144741], [8.5051231, 47.2148341], [8.5060581, 47.2138721], [8.5033311, 47.2122451], [8.4930981, 47.2119331], [8.4836871, 47.2083471], [8.4798151, 47.2085961], [8.4760541, 47.2100251], [8.4731291, 47.2085091], [8.4726991, 47.2096911], [8.4735751, 47.2105831], [8.4720791, 47.2117811], [8.4704251, 47.2118971], [8.4701811, 47.2133521], [8.4681871, 47.2128821], [8.4669321, 47.2141961], [8.4612621, 47.2136651], [8.4566391, 47.2185221], [8.4532111, 47.2177981], [8.4521011, 47.2182261], [8.4530441, 47.2187231], [8.4522091, 47.2195471], [8.4480071, 47.2199721], [8.4478491, 47.2212961], [8.4462671, 47.2221281], [8.4465351, 47.2233931], [8.4438791, 47.2226241], [8.4412161, 47.2252241], [8.4373441, 47.2236721], [8.4296131, 47.2249141], [8.4217511, 47.2233211], [8.4208181, 47.2256681], [8.4185881, 47.2260911], [8.4172481, 47.2289041], [8.4164411, 47.2370631], [8.4142401, 47.2389691], [8.4164981, 47.2412851], [8.4144251, 47.2428661], [8.4122241, 47.2472021], [8.4037411, 47.2534671], [8.4027351, 47.2549651], [8.4026881, 47.2564341], [8.4045861, 47.2601841], [8.4037221, 47.2620791], [8.4011981, 47.2636671], [8.4004941, 47.2651651], [8.4023911, 47.2710291], [8.4021131, 47.2730271], [8.3950731, 47.2778911], [8.3915141, 47.2866991], [8.3886341, 47.2900071], [8.3921661, 47.2910091], [8.3971871, 47.2879461], [8.4040841, 47.2908771], [8.4036201, 47.2916441], [8.4168971, 47.2936631], [8.4202491, 47.2956791], [8.4200301, 47.2966431], [8.4210351, 47.2974851], [8.4290811, 47.3005951], [8.4285321, 47.3010911], [8.4306991, 47.3050071], [8.4291441, 47.3071121], [8.4320381, 47.3083591], [8.4320301, 47.3114831], [8.4360091, 47.3140751], [8.4363621, 47.3152851], [8.4413981, 47.3158251], [8.4405081, 47.3178331], [8.4457591, 47.3199021], [8.4492521, 47.3233531], [8.4486321, 47.3243221], [8.4501111, 47.3254891], [8.4486961, 47.3260111], [8.4524791, 47.3286381], [8.4516911, 47.3290941], [8.4552221, 47.3340311], [8.4542391, 47.3346831], [8.4532561, 47.3331831], [8.4511221, 47.3335591], [8.4500121, 47.3304721], [8.4436351, 47.3292151], [8.4418701, 47.3272801], [8.4369061, 47.3267081], [8.4348931, 47.3252461], [8.4296571, 47.3271951], [8.4164021, 47.3244211], [8.4153301, 47.3262911], [8.4132451, 47.3263591], [8.4126451, 47.3285331], [8.4135641, 47.3286951], [8.4140171, 47.3306811], [8.4168411, 47.3336981], [8.4162541, 47.3352551], [8.4167531, 47.3368351], [8.4149481, 47.3367051], [8.4129921, 47.3384161], [8.4120701, 47.3381581], [8.4105241, 47.3402511], [8.4073881, 47.3415331], [8.4078331, 47.3421081], [8.4062671, 47.3430641], [8.4064921, 47.3440311], [8.4038121, 47.3465271], [8.4055561, 47.3487741], [8.4058441, 47.3510971], [8.4094001, 47.3549071], [8.4073331, 47.3557301], [8.4069701, 47.3615491], [8.4052471, 47.3640901], [8.4060431, 47.3654781], [8.4081831, 47.3665661], [8.4071271, 47.3682421], [8.4077911, 47.3696501], [8.4003611, 47.3704441], [8.4000281, 47.3730671], [8.4007401, 47.3739881], [8.3963981, 47.3770041], [8.3966821, 47.3789451], [8.3949851, 47.3805661], [8.3947571, 47.3852501], [8.3953511, 47.3859021], [8.3948271, 47.3900781], [8.3940481, 47.3910471], [8.3957651, 47.3915331], [8.3965851, 47.3935461], [8.3947381, 47.3935511], [8.3945831, 47.3943331], [8.3920781, 47.3957201], [8.3897941, 47.3946371], [8.387863, 47.395649], [8.3840228, 47.3953476], [8.3832015, 47.3946393], [8.3825541, 47.3965471], [8.3790431, 47.3998831], [8.3734161, 47.3989011], [8.3660851, 47.3988871], [8.3627081, 47.4014961], [8.3624381, 47.4022361], [8.3658401, 47.4024441], [8.3673791, 47.4006781], [8.3690581, 47.4031801], [8.3761391, 47.4047251], [8.3792231, 47.4023351], [8.3811281, 47.4029471], [8.3844461, 47.4061351], [8.3814931, 47.4082881], [8.3810821, 47.4104871], [8.3852508, 47.4144506], [8.3816714, 47.4161402], [8.3835761, 47.4178231], [8.3869221, 47.4164091], [8.3910351, 47.4194381], [8.3922236, 47.4216712], [8.3916882, 47.4232272], [8.3880621, 47.4262651], [8.3874321, 47.4279221], [8.3781461, 47.4290581], [8.3751051, 47.4306891], [8.3746861, 47.4320871], [8.3764791, 47.4338251], [8.3789241, 47.4328711], [8.3827871, 47.4328091], [8.3848661, 47.4359681], [8.385069, 47.4367064], [8.3838533, 47.437301], [8.384059, 47.439548], [8.3820214, 47.4405316], [8.3810633, 47.4463185], [8.3821259, 47.4464223], [8.3817029, 47.4487419], [8.3867554, 47.4495101], [8.3848163, 47.4541808], [8.383075, 47.455072], [8.382932, 47.4563549], [8.3802113, 47.4562422], [8.3788395, 47.459289], [8.372672, 47.4592716], [8.3719766, 47.461211], [8.3695299, 47.4635019], [8.3694974, 47.465436], [8.3656666, 47.4663438], [8.365788, 47.4676021], [8.3680268, 47.4685735], [8.3678093, 47.4694073], [8.3664541, 47.4696655], [8.3754014, 47.4711674], [8.3736733, 47.4747343], [8.3742048, 47.4804416], [8.3732285, 47.4815064], [8.3631681, 47.4808051], [8.3619101, 47.4856871], [8.3626121, 47.4906841], [8.3608971, 47.4955121], [8.3581751, 47.4973751], [8.3625411, 47.4999511], [8.3628591, 47.5009691], [8.3591531, 47.5007401], [8.3577491, 47.5023351], [8.3590561, 47.5042841], [8.3588321, 47.5060101], [8.3615911, 47.5078371], [8.3611511, 47.5099441], [8.3630271, 47.5108781], [8.3658975, 47.5108747], [8.3662731, 47.5120881], [8.3739229, 47.5110949], [8.3746871, 47.5120751], [8.3769557, 47.5124581], [8.3786811, 47.5136371], [8.3794821, 47.5149491], [8.3791281, 47.5158031], [8.3803091, 47.5161891], [8.3812661, 47.5249791], [8.3836741, 47.5277711], [8.3864661, 47.5288181], [8.3897651, 47.5273271], [8.3894471, 47.5262341], [8.3919381, 47.5251591], [8.3933081, 47.5256731], [8.3956101, 47.5281921], [8.3950581, 47.5318671], [8.4037841, 47.5335361], [8.4044561, 47.5344981], [8.4014481, 47.5380701], [8.4012791, 47.5401761], [8.4042961, 47.5382061], [8.4042421, 47.5393331], [8.4059871, 47.5402751], [8.4048001, 47.5425931], [8.4061041, 47.5438501], [8.4066321, 47.5415111], [8.4075431, 47.5433321], [8.4112281, 47.5461631], [8.4113541, 47.5456191], [8.4173291, 47.5457361], [8.4152551, 47.5485571], [8.4169141, 47.5502281], [8.4147053, 47.551863], [8.414501, 47.5538999], [8.4165191, 47.5578351], [8.4178701, 47.5586031], [8.4170791, 47.5612341], [8.4186361, 47.5650251], [8.4257541, 47.5676571], [8.4330241, 47.5667831], [8.4430881, 47.5684831], [8.4566231, 47.5723331], [8.4642411, 47.5719991], [8.4766481, 47.5777211], [8.4856391, 47.5770441], [8.4947051, 47.5810271], [8.4887561, 47.5878231], [8.4836241, 47.5867091], [8.4813221, 47.5850211], [8.4672361, 47.5839061], [8.4648881, 47.5879241], [8.4606831, 47.5883611], [8.4612541, 47.5927371], [8.4595241, 47.5957381], [8.4571181, 47.5973561], [8.4568271, 47.6023571], [8.4637321, 47.6023101], [8.4686911, 47.6038681], [8.4683271, 47.6053671], [8.4700321, 47.6054141], [8.4715211, 47.6066391], [8.4703441, 47.6084431], [8.4737131, 47.6084811], [8.4750501, 47.6077021], [8.4780961, 47.6109901], [8.4783911, 47.6133451], [8.4778491, 47.6135531], [8.4789821, 47.6150291], [8.4831481, 47.6136321], [8.4845751, 47.6147031], [8.4932231, 47.6145271], [8.5030731, 47.6172381], [8.5082571, 47.6174991], [8.5070981, 47.6182891], [8.5089931, 47.6185201], [8.5078591, 47.6197611], [8.5082301, 47.6219511], [8.5073711, 47.6237821], [8.5151501, 47.6233571], [8.5150141, 47.6244961], [8.5129561, 47.6248691], [8.5129221, 47.6257971], [8.5134711, 47.6267641], [8.5140091, 47.6262851], [8.5152851, 47.6270951], [8.5148351, 47.6280651], [8.5158161, 47.6284261], [8.5150621, 47.6303831], [8.5164911, 47.6320351], [8.5156921, 47.6336551], [8.5173821, 47.6341961], [8.5207741, 47.6341551], [8.5255811, 47.6315631], [8.5382711, 47.6311051], [8.5392461, 47.6282641], [8.5385641, 47.6263141], [8.5427101, 47.6269861], [8.5441921, 47.6250971], [8.5577511, 47.6243971], [8.5618471, 47.6192821], [8.5628021, 47.6167921], [8.5692341, 47.6171741], [8.5704871, 47.6154701], [8.5702261, 47.6141931], [8.5714101, 47.6139911], [8.5707201, 47.6136011], [8.5709811, 47.6124761], [8.5743891, 47.6120841], [8.5728811, 47.6109531], [8.5664451, 47.6098831], [8.5659451, 47.6051101], [8.5615861, 47.6012661], [8.5631061, 47.5993411], [8.5565191, 47.5975331], [8.5557911, 47.5940921], [8.5504121, 47.5921171], [8.5466541, 47.5923081], [8.5409531, 47.5899581], [8.5366961, 47.5864701], [8.5390741, 47.5824811], [8.5366961, 47.5810721], [8.5407451, 47.5777601], [8.5375091, 47.5779991], [8.5349391, 47.5751351], [8.5464961, 47.5741081], [8.5460701, 47.5727341], [8.5468554, 47.5723951], [8.5462621, 47.5713011], [8.5413791, 47.5699051], [8.5459231, 47.5670081], [8.5488471, 47.5635631], [8.5506651, 47.5565741], [8.5516881, 47.5551541], [8.5552401, 47.5523931], [8.5589521, 47.5528721], [8.5672111, 47.5618511], [8.5691071, 47.5660411], [8.5699951, 47.5709091], [8.5717111, 47.5739601], [8.5735321, 47.5752341], [8.5785671, 47.5759401], [8.5801171, 47.5770531], [8.5801191, 47.5787031], [8.5771501, 47.5842191], [8.5772261, 47.5871381], [8.5785301, 47.5895591], [8.5832681, 47.5932251], [8.5939571, 47.5961021], [8.5950631, 47.5979451], [8.5942061, 47.6012361], [8.5956881, 47.6056261], [8.6017971, 47.6096741], [8.6046141, 47.6129061], [8.6046921, 47.6169361], [8.5987361, 47.6251761], [8.5970961, 47.6299161], [8.5967121, 47.6357901], [8.5952791, 47.6405451], [8.5957811, 47.6431281], [8.6011491, 47.6455241], [8.6025571, 47.6470361], [8.6039221, 47.6508251], [8.6059131, 47.6523771], [8.6073911, 47.6524271], [8.6124001, 47.6497361], [8.6140131, 47.6464561], [8.6139091, 47.6442221], [8.6114361, 47.6421101], [8.6041891, 47.6413381], [8.6027181, 47.6397281], [8.6037241, 47.6382351], [8.6062081, 47.6370311], [8.6152411, 47.6375841], [8.6226301, 47.6403361], [8.6249611, 47.6427021], [8.6285131, 47.6487861], [8.6289161, 47.6518061], [8.6272921, 47.6539071], [8.6197071, 47.6591101], [8.6145701, 47.6615071], [8.6127731, 47.6607551], [8.6087821, 47.6633301], [8.6059741, 47.6695241], [8.6067061, 47.6721061], [8.6092971, 47.6718831], [8.6105321, 47.6758181], [8.6134211, 47.6786651], [8.6189341, 47.6750471], [8.6243941, 47.6765451], [8.6263761, 47.6780841], [8.6270651, 47.6806751], [8.6237401, 47.6896181], [8.6248461, 47.6916351], [8.6254801, 47.6911451], [8.6343111, 47.6924781], [8.6423611, 47.6945031], [8.6464901, 47.6932631], [8.6603301, 47.6859801], [8.6694311, 47.6847351], [8.6698111, 47.6815701], [8.6680981, 47.6771561], [8.6686721, 47.6755341], [8.6693161, 47.6745271], [8.6770621, 47.6718011], [8.6777181, 47.6684541], [8.6787691, 47.6685301], [8.6790581, 47.6673651], [8.6786041, 47.6656301], [8.6775061, 47.6658081], [8.6777341, 47.6625401], [8.6793451, 47.6615201], [8.6792141, 47.6597811], [8.6800441, 47.6587181], [8.6846991, 47.6550641], [8.6848141, 47.6534851], [8.6865161, 47.6537161], [8.6883541, 47.6511361], [8.6884501, 47.6498111], [8.6932421, 47.6480251], [8.7004691, 47.6469641], [8.7009201, 47.6458051], [8.7035751, 47.6441621], [8.7087431, 47.6418591], [8.7107661, 47.6435491], [8.7142101, 47.6441941], [8.7147481, 47.6429521], [8.7158541, 47.6431051], [8.7169551, 47.6418021], [8.7200581, 47.6410071], [8.7203191, 47.6418411], [8.7234651, 47.6418091], [8.7245951, 47.6430171], [8.7294871, 47.6428231], [8.7349641, 47.6411121], [8.7361991, 47.6422281], [8.7380741, 47.6418271], [8.7430451, 47.6427961], [8.7433741, 47.6397171], [8.7473031, 47.6386251], [8.7483421, 47.6407971], [8.7520891, 47.6412711], [8.7521941, 47.6424701], [8.7551161, 47.6420791], [8.7554821, 47.6428751], [8.7582011, 47.6430681], [8.7598031, 47.6455421], [8.7624861, 47.6462131], [8.7650151, 47.6488431], [8.7686831, 47.6502181], [8.7764201, 47.6489441], [8.7779551, 47.6508271], [8.7824421, 47.6524711], [8.7860481, 47.6552321], [8.7858281, 47.6577731], [8.7865351, 47.6580351], [8.7866721, 47.6608071], [8.7886371, 47.6653681], [8.8053201, 47.6645641], [8.8043571, 47.6638341], [8.8036711, 47.6607061], [8.8050361, 47.6604891], [8.8043311, 47.6554711], [8.8051401, 47.6546621], [8.8047181, 47.6523101], [8.8097051, 47.6517711], [8.8156461, 47.6498421], [8.8159471, 47.6491481], [8.8225741, 47.6485701], [8.8262101, 47.6469431], [8.8260861, 47.6442131], [8.8276161, 47.6408391], [8.8267411, 47.6380641], [8.8254071, 47.6374771], [8.8237161, 47.6343281], [8.8246461, 47.6338091], [8.8209601, 47.6316631], [8.8200131, 47.6303271], [8.8208171, 47.6301731], [8.8202831, 47.6292511], [8.8180361, 47.6298011], [8.8176971, 47.6280041], [8.8156921, 47.6285701], [8.8153181, 47.6275911], [8.8131395, 47.6275295], [8.8134661, 47.6243911], [8.8123061, 47.6242581], [8.8117801, 47.6225171], [8.8134171, 47.6223551], [8.8126931, 47.6213441], [8.8143381, 47.6214921], [8.8129131, 47.6203791], [8.8129161, 47.6193971], [8.8114761, 47.6188301], [8.8128851, 47.6180881], [8.8119311, 47.6176071], [8.8138441, 47.6165881], [8.8088031, 47.6150211], [8.8086691, 47.6139141], [8.8047321, 47.6135361], [8.8043111, 47.6093971], [8.8035081, 47.6083871], [8.8041421, 47.6079091]], [[8.4379133, 47.407478], [8.4405177, 47.4085798], [8.4402298, 47.409122], [8.4393377, 47.4092421], [8.4379133, 47.407478]]]}}]}